image,cell_id,cy,cx,area_px,circularity,eccentricity,solidity,process_count
HET_1,1,13.7,1320.0,268,0.632,0.920,0.887,0
HET_1,2,8.9,1551.3,207,0.730,0.817,0.916,1
HET_1,3,7.3,1723.0,90,0.951,0.763,0.968,0
HET_1,4,17.5,1715.4,303,0.852,0.729,0.927,2
HET_1,5,22.6,1555.2,177,0.840,0.665,0.912,0
HET_1,6,34.2,1060.0,314,0.601,0.923,0.860,3
HET_1,7,35.1,1325.0,374,0.434,0.651,0.694,1
HET_1,8,33.8,1732.9,145,0.630,0.940,0.901,0
HET_1,9,46.5,1047.1,547,0.531,0.883,0.828,1
HET_1,10,52.0,1296.7,668,0.761,0.639,0.906,1
HET_1,11,42.9,993.8,272,0.881,0.545,0.944,1
HET_1,12,55.2,1430.4,706,0.491,0.743,0.800,0
HET_1,13,50.0,1012.0,366,0.420,0.814,0.683,0
HET_1,14,43.2,1632.2,112,0.938,0.728,0.957,0
HET_1,15,57.6,1496.3,519,0.421,0.847,0.688,2
HET_1,16,57.9,1578.2,451,0.538,0.884,0.798,1
HET_1,17,64.7,1779.8,350,0.415,0.954,0.682,0
HET_1,18,68.1,1105.6,554,0.493,0.947,0.832,2
HET_1,19,61.0,1623.9,379,0.761,0.797,0.902,1
HET_1,20,55.9,1685.1,266,0.655,0.896,0.881,0
HET_1,21,59.3,1331.9,234,0.842,0.727,0.925,0
HET_1,22,77.8,1487.1,659,0.338,0.976,0.689,0
HET_1,23,81.9,1218.5,580,0.510,0.828,0.787,1
HET_1,24,70.2,1520.3,346,0.614,0.812,0.840,0
HET_1,25,81.8,1669.6,681,0.590,0.774,0.846,0
HET_1,26,72.1,1145.9,151,0.963,0.489,0.962,1
HET_1,27,87.2,1746.4,467,0.592,0.851,0.879,2
HET_1,28,92.7,1382.4,971,0.652,0.675,0.863,0
HET_1,29,90.3,972.1,434,0.569,0.719,0.817,1
HET_1,30,87.3,1051.6,201,0.474,0.955,0.764,0
HET_1,31,91.6,1787.8,309,0.778,0.805,0.922,2
HET_1,32,97.6,1059.3,245,0.721,0.876,0.881,2
HET_1,33,99.9,1310.9,428,0.785,0.782,0.916,0
HET_1,34,108.6,1698.7,604,0.436,0.966,0.787,1
HET_1,35,101.7,1232.0,236,0.638,0.894,0.874,0
HET_1,36,102.8,1563.8,166,0.853,0.810,0.927,0
HET_1,37,113.4,904.2,289,0.471,0.872,0.682,0
HET_1,38,117.8,928.7,387,0.579,0.894,0.836,2
HET_1,39,120.7,1319.9,200,0.810,0.801,0.930,2
HET_1,40,130.1,1044.4,318,0.607,0.914,0.846,0
HET_1,41,132.1,1322.0,214,0.839,0.726,0.943,0
HET_1,42,143.5,1025.7,415,0.560,0.833,0.797,1
HET_1,43,138.6,1133.4,458,0.550,0.770,0.792,1
HET_1,44,146.8,826.8,790,0.348,0.929,0.734,1
HET_1,45,159.6,1761.9,457,0.634,0.928,0.927,2
HET_1,46,170.3,1310.6,790,0.325,0.963,0.630,1
HET_1,47,152.8,1243.1,647,0.602,0.935,0.892,0
HET_1,48,153.5,1276.3,169,0.821,0.877,0.949,0
HET_1,49,159.7,1455.1,462,0.522,0.813,0.749,3
HET_1,50,166.9,968.3,223,0.793,0.348,0.910,0
HET_1,51,170.1,945.8,339,0.750,0.849,0.931,1
HET_1,52,193.9,1228.3,820,0.596,0.913,0.882,0
HET_1,53,184.6,1265.2,254,0.701,0.923,0.930,0
HET_1,54,192.6,1063.6,299,0.644,0.804,0.835,1
HET_1,55,195.5,1630.3,363,0.583,0.890,0.810,1
HET_1,56,196.5,1550.7,311,0.595,0.946,0.920,1
HET_1,57,208.5,1676.6,785,0.632,0.924,0.937,0
HET_1,58,204.5,1403.3,645,0.555,0.930,0.866,1
HET_1,59,205.1,857.0,372,0.566,0.874,0.783,0
HET_1,60,205.0,831.8,366,0.925,0.473,0.958,0
HET_1,61,217.0,1178.4,524,0.501,0.963,0.828,1
HET_1,62,218.7,1801.4,499,0.500,0.960,0.875,1
HET_1,63,219.7,933.2,518,0.574,0.855,0.846,0
HET_1,64,215.4,1528.0,218,0.891,0.830,0.969,0
HET_1,65,226.7,1065.1,366,0.479,0.971,0.841,0
HET_1,66,216.9,1644.4,172,0.901,0.476,0.930,3
HET_1,67,225.8,829.9,214,0.710,0.914,0.918,1
HET_1,68,227.7,1691.9,295,0.702,0.862,0.910,3
HET_1,69,221.8,1034.2,285,0.672,0.864,0.856,0
HET_1,70,229.8,813.5,287,0.773,0.867,0.957,1
HET_1,71,231.7,856.1,315,0.731,0.694,0.870,1
HET_1,72,240.2,1613.5,392,0.640,0.918,0.897,0
HET_1,73,247.5,1306.4,639,0.360,0.936,0.640,1
HET_1,74,271.2,1448.2,358,0.327,0.988,0.825,1
HET_1,75,283.5,901.1,590,0.316,0.932,0.574,1
HET_1,76,266.1,1750.2,252,0.823,0.794,0.923,1
HET_1,77,267.0,1529.0,516,0.329,0.973,0.642,1
HET_1,78,282.9,1214.2,807,0.273,0.869,0.538,0
HET_1,79,266.7,1412.4,146,0.755,0.840,0.849,0
HET_1,80,273.4,1277.7,289,0.835,0.777,0.938,1
HET_1,81,277.1,977.0,491,0.537,0.908,0.786,2
HET_1,82,276.1,826.2,309,0.756,0.733,0.896,0
HET_1,83,296.6,775.5,690,0.633,0.741,0.870,0
HET_1,84,286.2,1743.0,233,0.859,0.669,0.947,1
HET_1,85,285.6,930.3,262,0.376,0.983,0.764,0
HET_1,86,288.4,1153.1,294,0.879,0.126,0.951,0
HET_1,87,290.4,1759.2,207,0.939,0.645,0.954,1
HET_1,88,304.4,1312.8,614,0.422,0.924,0.743,0
HET_1,89,293.7,1649.1,110,0.873,0.832,0.932,0
HET_1,90,306.6,1601.1,370,0.870,0.624,0.954,0
HET_1,91,314.8,1710.6,453,0.696,0.884,0.888,1
HET_1,92,323.6,807.9,742,0.802,0.386,0.938,0
HET_1,93,324.3,1284.5,240,0.730,0.611,0.879,0
HET_1,94,333.8,1098.3,384,0.404,0.973,0.734,0
HET_1,95,333.8,1660.3,500,0.625,0.873,0.856,1
HET_1,96,337.0,753.2,430,0.561,0.954,0.923,0
HET_1,97,355.4,854.0,883,0.322,0.828,0.623,0
HET_1,98,361.3,1536.9,674,0.317,0.987,0.781,2
HET_1,99,347.3,1455.8,456,0.370,0.969,0.749,1
HET_1,100,353.7,1295.6,239,0.696,0.887,0.882,0
HET_1,101,362.4,1325.7,562,0.536,0.911,0.819,0
HET_1,102,354.0,1756.5,599,0.587,0.830,0.835,0
HET_1,103,369.4,1181.6,534,0.405,0.975,0.793,0
HET_1,104,373.2,956.5,494,0.543,0.921,0.843,2
HET_1,105,362.8,1687.2,441,0.855,0.714,0.952,0
HET_1,106,372.6,1630.4,416,0.696,0.816,0.914,2
HET_1,107,384.6,1378.4,626,0.670,0.816,0.872,0
HET_1,108,370.2,1652.3,166,0.699,0.892,0.883,0
HET_1,109,394.0,1055.9,618,0.355,0.978,0.678,0
HET_1,110,396.0,828.2,454,0.520,0.962,0.908,1
HET_1,111,390.7,1701.8,437,0.790,0.848,0.946,0
HET_1,112,401.9,1565.1,514,0.395,0.763,0.666,1
HET_1,113,390.9,1672.8,275,0.727,0.851,0.926,2
HET_1,114,393.1,871.2,245,0.964,0.599,0.972,0
HET_1,115,393.0,1726.4,206,0.753,0.878,0.920,2
HET_1,116,404.6,770.7,364,0.806,0.773,0.926,1
HET_1,117,407.8,900.8,474,0.650,0.619,0.853,2
HET_1,118,419.9,868.1,483,0.439,0.977,0.813,0
HET_1,119,419.0,1718.8,289,0.548,0.918,0.838,2
HET_1,120,414.6,974.4,298,0.940,0.652,0.964,0
HET_1,121,419.5,1092.7,250,0.963,0.641,0.965,0
HET_1,122,426.1,1392.1,517,0.502,0.769,0.814,0
HET_1,123,421.2,817.1,251,0.807,0.576,0.919,0
HET_1,124,423.2,1792.4,192,1.020,0.647,0.985,0
HET_1,125,448.0,1314.3,922,0.245,0.980,0.611,0
HET_1,126,435.4,1464.1,464,0.537,0.929,0.853,0
HET_1,127,428.5,1773.0,366,0.880,0.724,0.956,1
HET_1,128,442.0,997.4,290,0.789,0.841,0.948,1
HET_1,129,439.1,1604.1,425,0.804,0.583,0.926,0
HET_1,130,451.6,1122.4,658,0.378,0.938,0.654,0
HET_1,131,449.5,787.8,666,0.556,0.676,0.780,1
HET_1,132,449.5,1758.7,424,0.625,0.913,0.908,1
HET_1,133,454.4,170.1,260,0.581,0.925,0.864,0
HET_1,134,457.9,184.9,404,0.599,0.874,0.873,2
HET_1,135,455.7,1057.3,594,0.447,0.923,0.732,0
HET_1,136,465.1,701.7,466,0.290,0.953,0.610,0
HET_1,137,466.4,994.9,628,0.492,0.784,0.780,0
HET_1,138,456.6,1604.4,194,0.853,0.775,0.928,1
HET_1,139,477.7,1776.1,441,0.553,0.910,0.806,0
HET_1,140,472.4,346.2,570,0.571,0.921,0.878,0
HET_1,141,476.5,861.8,624,0.531,0.903,0.795,0
HET_1,142,471.2,1715.5,273,0.887,0.401,0.961,1
HET_1,143,474.7,737.3,310,0.914,0.327,0.945,0
HET_1,144,478.3,1602.8,556,0.828,0.828,0.960,0
HET_1,145,488.5,1658.6,488,0.520,0.927,0.782,0
HET_1,146,480.2,1157.7,323,0.873,0.695,0.961,0
HET_1,147,487.0,932.2,416,0.684,0.834,0.891,1
HET_1,148,488.7,66.5,466,0.739,0.726,0.898,1
HET_1,149,489.9,103.9,537,0.500,0.816,0.751,2
HET_1,150,483.7,723.8,172,0.835,0.637,0.920,1
HET_1,151,485.7,1680.8,60,0.483,0.903,0.645,2
HET_1,152,497.6,1210.6,451,0.518,0.909,0.753,1
HET_1,153,494.1,1739.8,169,0.840,0.500,0.909,0
HET_1,154,497.5,227.6,236,0.823,0.852,0.952,1
HET_1,155,499.1,718.3,309,0.757,0.858,0.922,1
HET_1,156,495.2,384.7,562,0.430,0.921,0.696,0
HET_1,157,497.3,1628.9,378,0.616,0.811,0.815,0
HET_1,158,502.1,700.9,358,0.861,0.563,0.947,1
HET_1,159,504.6,121.2,296,0.724,0.865,0.897,0
HET_1,160,518.6,1377.4,630,0.644,0.888,0.886,0
HET_1,161,509.6,408.5,185,0.847,0.339,0.925,1
HET_1,162,513.3,858.3,238,0.790,0.694,0.922,1
HET_1,163,524.1,1565.0,1340,0.571,0.570,0.833,0
HET_1,164,515.0,101.8,513,0.553,0.935,0.862,0
HET_1,165,519.4,1079.3,326,0.738,0.793,0.908,1
HET_1,166,520.2,1781.6,391,0.762,0.778,0.914,0
HET_1,167,525.8,398.1,438,0.582,0.913,0.826,0
HET_1,168,530.3,1640.0,1027,0.777,0.380,0.919,0
HET_1,169,526.2,20.3,242,0.853,0.739,0.949,1
HET_1,170,535.7,1435.5,444,0.513,0.923,0.766,0
HET_1,171,533.6,1390.9,286,0.716,0.906,0.938,0
HET_1,172,525.9,1051.5,132,0.932,0.627,0.930,1
HET_1,173,534.3,585.8,643,0.572,0.897,0.822,5
HET_1,174,531.5,1420.3,173,0.666,0.936,0.901,0
HET_1,175,535.4,1276.5,281,0.687,0.692,0.862,0
HET_1,176,544.4,1008.8,618,0.332,0.966,0.581,0
HET_1,177,540.0,1709.1,425,0.589,0.783,0.777,0
HET_1,178,538.4,1054.6,181,0.879,0.754,0.938,0
HET_1,179,541.0,827.0,413,0.456,0.973,0.787,0
HET_1,180,540.6,551.7,337,0.680,0.834,0.918,0
HET_1,181,546.7,56.4,565,0.896,0.606,0.963,0
HET_1,182,548.3,868.2,316,0.704,0.887,0.878,1
HET_1,183,552.5,445.7,346,0.564,0.950,0.880,0
HET_1,184,547.7,96.1,384,0.801,0.818,0.950,0
HET_1,185,543.6,72.2,63,1.017,0.362,0.926,0
HET_1,186,554.6,470.6,451,0.585,0.944,0.893,2
HET_1,187,551.4,196.2,291,0.727,0.907,0.939,0
HET_1,188,548.3,1231.4,247,0.854,0.740,0.939,0
HET_1,189,548.8,1787.3,233,0.905,0.581,0.947,1
HET_1,190,557.9,145.4,309,0.770,0.840,0.922,1
HET_1,191,559.8,221.1,424,0.836,0.392,0.946,1
HET_1,192,558.9,1451.6,264,0.750,0.403,0.889,0
HET_1,193,559.1,82.4,344,0.756,0.791,0.915,0
HET_1,194,555.9,35.2,207,0.864,0.726,0.937,1
HET_1,195,568.0,283.6,623,0.536,0.816,0.746,0
HET_1,196,572.2,1704.3,512,0.827,0.186,0.933,3
HET_1,197,582.2,390.0,831,0.573,0.816,0.814,2
HET_1,198,568.7,752.0,378,0.395,0.970,0.713,1
HET_1,199,568.5,1660.6,361,0.727,0.717,0.868,0
HET_1,200,566.8,124.0,218,0.830,0.826,0.936,0
HET_1,201,577.9,1311.2,410,0.694,0.705,0.880,1
HET_1,202,577.5,31.6,317,0.854,0.809,0.949,0
HET_1,203,580.4,1821.7,417,0.741,0.852,0.927,0
HET_1,204,580.9,483.0,617,0.889,0.665,0.964,0
HET_1,205,579.8,147.7,361,0.727,0.823,0.883,0
HET_1,206,590.4,1526.0,478,0.474,0.918,0.826,3
HET_1,207,579.4,1681.4,131,0.845,0.865,0.942,0
HET_1,208,587.1,13.6,365,0.567,0.921,0.826,1
HET_1,209,598.9,467.7,577,0.680,0.828,0.874,1
HET_1,210,593.2,590.8,368,0.793,0.730,0.909,1
HET_1,211,604.9,1197.1,568,0.631,0.900,0.843,0
HET_1,212,599.1,439.5,524,0.787,0.616,0.916,0
HET_1,213,608.7,1563.5,543,0.390,0.716,0.610,0
HET_1,214,601.2,1805.4,368,0.599,0.914,0.893,1
HET_1,215,601.2,921.0,183,0.906,0.727,0.943,0
HET_1,216,605.0,1233.2,304,0.662,0.819,0.852,1
HET_1,217,602.5,663.7,319,0.825,0.718,0.941,0
HET_1,218,613.9,1098.3,608,0.280,0.933,0.566,0
HET_1,219,622.1,981.8,458,0.412,0.959,0.768,4
HET_1,220,619.2,224.5,597,0.558,0.565,0.806,2
HET_1,221,621.2,1679.9,675,0.561,0.808,0.837,1
HET_1,222,608.6,693.1,180,0.758,0.897,0.923,0
HET_1,223,620.5,521.9,647,0.523,0.894,0.839,1
HET_1,224,615.1,1650.1,382,0.575,0.944,0.864,0
HET_1,225,620.9,655.5,428,0.824,0.603,0.920,0
HET_1,226,621.8,613.4,308,0.546,0.812,0.784,0
HET_1,227,627.5,898.8,335,0.506,0.883,0.744,0
HET_1,228,619.7,671.4,139,0.854,0.799,0.921,2
HET_1,229,622.2,687.8,290,0.613,0.935,0.881,0
HET_1,230,629.0,1749.3,206,0.599,0.856,0.827,0
HET_1,231,626.4,1814.4,179,0.823,0.853,0.942,0
HET_1,232,627.6,729.1,243,0.562,0.927,0.799,1
HET_1,233,632.5,1140.1,295,0.844,0.712,0.937,0
HET_1,234,650.5,1153.7,731,0.367,0.977,0.780,1
HET_1,235,641.8,1862.3,407,0.715,0.857,0.908,1
HET_1,236,636.1,956.2,125,0.671,0.929,0.899,0
HET_1,237,654.5,1216.0,966,0.709,0.630,0.881,0
HET_1,238,645.5,1451.6,720,0.433,0.960,0.814,0
HET_1,239,647.0,486.8,296,0.435,0.959,0.733,0
HET_1,240,649.4,1371.1,373,0.765,0.696,0.905,0
HET_1,241,651.5,1728.9,311,0.752,0.533,0.876,0
HET_1,242,663.0,71.2,460,0.648,0.692,0.870,4
HET_1,243,663.0,568.9,563,0.461,0.930,0.814,1
HET_1,244,657.1,1763.4,139,0.836,0.847,0.933,0
HET_1,245,661.3,1340.7,470,0.557,0.849,0.851,0
HET_1,246,660.7,1745.4,222,0.955,0.520,0.965,1
HET_1,247,670.2,474.1,446,0.474,0.940,0.838,2
HET_1,248,674.5,1031.9,476,0.447,0.903,0.743,3
HET_1,249,668.0,1712.3,152,0.760,0.909,0.944,1
HET_1,250,683.4,1167.8,640,0.811,0.545,0.930,0
HET_1,251,685.5,675.1,472,0.336,0.982,0.733,1
HET_1,252,688.6,1490.9,518,0.384,0.951,0.693,1
HET_1,253,689.4,66.5,258,0.710,0.778,0.872,0
HET_1,254,693.5,771.6,548,0.653,0.826,0.864,0
HET_1,255,683.3,1774.4,302,0.524,0.968,0.875,0
HET_1,256,688.9,803.0,307,0.426,0.960,0.760,0
HET_1,257,695.2,1623.5,422,0.687,0.320,0.853,1
HET_1,258,694.6,1694.0,260,0.738,0.890,0.906,0
HET_1,259,714.6,1409.3,760,0.405,0.926,0.720,0
HET_1,260,704.3,135.6,525,0.659,0.866,0.904,1
HET_1,261,704.7,1595.8,172,0.936,0.659,0.961,2
HET_1,262,712.0,43.3,259,0.768,0.864,0.935,1
HET_1,263,710.2,665.8,700,0.561,0.910,0.891,0
HET_1,264,712.4,2671.7,442,0.654,0.794,0.819,0
HET_1,265,706.5,1118.5,193,0.744,0.858,0.923,2
HET_1,266,717.5,226.5,755,0.402,0.788,0.707,1
HET_1,267,717.3,1547.5,301,0.580,0.883,0.792,0
HET_1,268,715.0,1699.1,231,0.783,0.798,0.902,0
HET_1,269,716.4,1800.4,363,0.675,0.881,0.894,0
HET_1,270,716.2,1713.4,267,0.840,0.606,0.930,2
HET_1,271,726.3,51.0,306,0.405,0.931,0.630,2
HET_1,272,722.0,1581.5,438,0.622,0.846,0.841,0
HET_1,273,719.2,1484.0,165,0.940,0.749,0.954,0
HET_1,274,727.8,1835.6,413,0.597,0.914,0.850,2
HET_1,275,723.7,1138.0,321,0.886,0.674,0.955,0
HET_1,276,726.9,484.2,557,0.387,0.982,0.803,0
HET_1,277,726.5,1248.5,139,0.845,0.753,0.927,0
HET_1,278,735.3,2596.2,373,0.607,0.895,0.822,2
HET_1,279,735.6,321.0,377,0.584,0.824,0.893,2
HET_1,280,732.7,1161.0,433,0.881,0.653,0.947,0
HET_1,281,727.8,116.4,141,0.867,0.841,0.940,0
HET_1,282,731.5,2645.9,266,0.683,0.883,0.884,0
HET_1,283,741.5,144.1,488,0.575,0.718,0.807,1
HET_1,284,737.4,2739.9,349,0.587,0.812,0.815,2
HET_1,285,740.0,1275.1,611,0.360,0.953,0.686,0
HET_1,286,742.5,554.2,381,0.756,0.753,0.911,2
HET_1,287,738.7,1670.5,102,0.859,0.880,0.953,0
HET_1,288,748.4,2511.6,492,0.673,0.854,0.904,1
HET_1,289,747.4,2463.2,528,0.549,0.768,0.809,0
HET_1,290,745.8,1109.5,145,1.014,0.631,0.967,0
HET_1,291,756.4,1636.5,712,0.645,0.760,0.862,0
HET_1,292,775.3,856.7,932,0.225,0.986,0.587,1
HET_1,293,756.7,2096.2,581,0.846,0.537,0.949,1
HET_1,294,757.5,1529.9,405,0.572,0.891,0.830,2
HET_1,295,759.1,978.9,506,0.494,0.713,0.727,2
HET_1,296,757.7,553.5,221,0.718,0.862,0.895,0
HET_1,297,758.5,804.8,353,0.574,0.940,0.872,1
HET_1,298,755.8,7.4,83,0.974,0.709,0.954,0
HET_1,299,765.7,1262.7,455,0.707,0.896,0.890,0
HET_1,300,767.9,1809.1,535,0.470,0.948,0.860,1
HET_1,301,760.0,2432.8,190,0.854,0.803,0.936,1
HET_1,302,770.8,364.5,495,0.689,0.898,0.898,0
HET_1,303,759.8,344.9,203,0.722,0.887,0.902,0
HET_1,304,766.9,2137.1,642,0.656,0.761,0.861,0
HET_1,305,768.9,2453.7,258,0.733,0.843,0.890,1
HET_1,306,768.6,7.8,98,0.913,0.787,0.942,1
HET_1,307,776.0,602.3,489,0.583,0.902,0.802,2
HET_1,308,778.8,183.4,344,0.855,0.690,0.942,1
HET_1,309,779.1,1152.6,681,0.551,0.831,0.801,0
HET_1,310,781.1,2429.6,227,0.496,0.966,0.853,0
HET_1,311,784.4,711.7,342,0.619,0.868,0.847,1
HET_1,312,776.2,664.6,218,0.580,0.953,0.886,0
HET_1,313,783.1,2498.5,490,0.654,0.741,0.867,0
HET_1,314,781.6,1038.8,429,0.552,0.924,0.903,3
HET_1,315,785.8,1529.6,209,0.764,0.858,0.929,0
HET_1,316,788.4,1737.9,564,0.516,0.749,0.751,1
HET_1,317,790.6,1468.0,545,0.511,0.882,0.786,0
HET_1,318,801.3,1570.0,603,0.591,0.911,0.826,1
HET_1,319,806.6,1391.2,659,0.563,0.892,0.835,1
HET_1,320,788.0,337.7,427,0.491,0.959,0.810,0
HET_1,321,792.9,689.4,431,0.745,0.578,0.878,0
HET_1,322,795.6,1197.1,364,0.788,0.844,0.933,0
HET_1,323,810.0,1449.3,742,0.286,0.963,0.638,2
HET_1,324,793.5,284.8,315,0.858,0.628,0.938,1
HET_1,325,797.8,2181.2,324,0.769,0.827,0.923,1
HET_1,326,796.3,300.6,267,0.821,0.806,0.921,0
HET_1,327,796.4,1220.4,362,0.803,0.829,0.955,0
HET_1,328,798.2,2571.2,200,0.602,0.954,0.877,0
HET_1,329,800.8,130.3,258,0.808,0.859,0.949,0
HET_1,330,800.0,2104.9,161,0.954,0.714,0.953,0
HET_1,331,806.6,1101.2,406,0.773,0.767,0.912,2
HET_1,332,800.2,1114.5,179,0.844,0.771,0.927,0
HET_1,333,807.9,2497.7,158,0.654,0.925,0.883,0
HET_1,334,811.1,1980.8,242,0.730,0.823,0.893,0
HET_1,335,811.6,1685.9,105,0.833,0.858,0.913,0
HET_1,336,818.4,2605.4,383,0.801,0.691,0.936,0
HET_1,337,815.1,2392.9,428,0.593,0.935,0.899,2
HET_1,338,819.4,753.1,423,0.494,0.867,0.718,1
HET_1,339,825.2,1665.8,456,0.488,0.458,0.759,1
HET_1,340,819.6,1910.9,586,0.578,0.924,0.849,0
HET_1,341,823.5,1316.9,403,0.410,0.977,0.814,1
HET_1,342,831.5,1843.8,538,0.574,0.913,0.801,1
HET_1,343,816.4,114.1,46,0.520,0.960,0.630,1
HET_1,344,828.6,1350.3,388,0.562,0.816,0.815,0
HET_1,345,819.9,1700.9,333,0.594,0.914,0.820,2
HET_1,346,828.6,2552.2,533,0.590,0.833,0.835,0
HET_1,347,823.9,2733.0,433,0.552,0.921,0.811,0
HET_1,348,823.4,195.3,133,0.830,0.846,0.937,0
HET_1,349,825.2,2088.0,242,0.730,0.866,0.917,0
HET_1,350,827.4,2125.8,293,0.760,0.862,0.939,0
HET_1,351,831.8,242.1,345,0.419,0.939,0.713,0
HET_1,352,830.9,1981.3,336,0.675,0.501,0.882,1
HET_1,353,831.9,1158.0,250,0.980,0.437,0.969,1
HET_1,354,833.2,210.2,263,0.710,0.894,0.898,0
HET_1,355,839.5,733.9,257,0.530,0.938,0.779,0
HET_1,356,836.3,10.9,205,0.774,0.842,0.945,1
HET_1,357,834.2,326.3,93,0.988,0.744,0.959,0
HET_1,358,837.7,1187.3,528,0.550,0.921,0.835,1
HET_1,359,842.9,1712.8,321,0.642,0.812,0.845,1
HET_1,360,852.8,1273.1,685,0.256,0.985,0.691,0
HET_1,361,844.7,1960.8,301,0.573,0.871,0.811,1
HET_1,362,845.8,2243.8,225,0.800,0.813,0.938,0
HET_1,363,848.8,2663.8,591,0.438,0.949,0.754,2
HET_1,364,855.3,2155.4,779,0.834,0.596,0.953,0
HET_1,365,846.7,197.6,171,0.858,0.790,0.929,0
HET_1,366,849.0,2086.1,262,0.858,0.763,0.956,1
HET_1,367,852.7,2479.3,491,0.576,0.877,0.847,1
HET_1,368,858.5,1506.6,600,0.424,0.919,0.715,0
HET_1,369,851.6,2229.3,214,0.929,0.510,0.951,1
HET_1,370,847.6,2561.4,152,0.696,0.935,0.927,0
HET_1,371,859.7,332.0,380,0.587,0.860,0.785,3
HET_1,372,858.4,564.9,573,0.447,0.901,0.706,1
HET_1,373,857.4,1824.8,446,0.726,0.646,0.912,1
HET_1,374,857.6,2186.2,331,0.811,0.686,0.927,1
HET_1,375,857.2,1109.2,349,0.934,0.453,0.954,0
HET_1,376,861.1,1871.0,469,0.551,0.828,0.759,0
HET_1,377,862.0,2275.4,292,0.733,0.711,0.885,1
HET_1,378,875.1,2732.8,506,0.343,0.979,0.729,4
HET_1,379,869.4,299.5,641,0.631,0.460,0.822,2
HET_1,380,871.8,870.6,412,0.476,0.865,0.704,0
HET_1,381,872.4,1092.3,397,0.608,0.714,0.843,2
HET_1,382,869.4,1909.2,371,0.798,0.778,0.949,0
HET_1,383,869.5,2224.5,392,0.875,0.628,0.945,0
HET_1,384,865.7,282.6,155,0.943,0.532,0.945,0
HET_1,385,876.3,2542.7,391,0.535,0.920,0.803,0
HET_1,386,869.0,157.8,136,0.623,0.946,0.889,0
HET_1,387,868.6,1145.3,104,0.871,0.872,0.945,0
HET_1,388,871.0,1200.8,197,0.923,0.735,0.961,0
HET_1,389,887.3,1430.3,583,0.446,0.894,0.708,0
HET_1,390,874.9,2186.9,350,0.724,0.887,0.938,1
HET_1,391,886.2,1595.3,463,0.542,0.838,0.822,1
HET_1,392,883.1,1651.0,448,0.722,0.658,0.887,1
HET_1,393,878.5,1923.2,282,0.712,0.885,0.895,1
HET_1,394,878.8,1671.8,223,0.927,0.560,0.953,0
HET_1,395,879.3,1781.5,93,1.003,0.642,0.939,0
HET_1,396,894.5,645.6,439,0.323,0.943,0.569,1
HET_1,397,889.4,1894.6,381,0.745,0.849,0.929,0
HET_1,398,896.0,2490.4,543,0.469,0.930,0.741,0
HET_1,399,895.5,1193.3,390,0.810,0.547,0.926,0
HET_1,400,912.3,2573.2,1165,0.656,0.638,0.864,0
HET_1,401,895.5,153.5,612,0.807,0.797,0.955,0
HET_1,402,897.5,2258.3,189,0.646,0.940,0.917,1
HET_1,403,900.8,1064.8,574,0.776,0.678,0.921,0
HET_1,404,899.3,2640.5,422,0.686,0.897,0.842,2
HET_1,405,901.9,2119.1,376,0.825,0.303,0.940,1
HET_1,406,901.3,415.0,243,0.673,0.804,0.850,1
HET_1,407,903.6,519.1,511,0.418,0.965,0.815,0
HET_1,408,898.7,2226.1,129,1.036,0.592,0.970,0
HET_1,409,907.1,303.0,622,0.416,0.793,0.709,0
HET_1,410,902.0,2102.3,232,0.901,0.640,0.947,2
HET_1,411,909.6,207.4,364,0.430,0.662,0.683,0
HET_1,412,909.5,741.5,447,0.500,0.961,0.834,0
HET_1,413,909.3,2711.2,212,0.602,0.933,0.851,0
HET_1,414,912.5,2752.2,309,0.559,0.869,0.809,1
HET_1,415,904.1,382.0,264,0.533,0.955,0.871,0
HET_1,416,932.0,787.2,744,0.222,0.944,0.480,2
HET_1,417,909.5,2537.9,443,0.570,0.896,0.808,4
HET_1,418,909.1,1582.0,204,0.878,0.772,0.944,0
HET_1,419,929.9,2423.1,892,0.266,0.666,0.495,0
HET_1,420,910.9,2163.1,438,0.731,0.835,0.924,3
HET_1,421,917.4,1833.9,356,0.664,0.812,0.824,0
HET_1,422,912.8,2060.4,170,0.983,0.589,0.955,2
HET_1,423,922.3,1755.7,502,0.713,0.868,0.896,0
HET_1,424,922.0,428.6,603,0.600,0.869,0.883,0
HET_1,425,921.0,2121.6,368,0.753,0.432,0.898,0
HET_1,426,922.9,1181.7,279,0.724,0.912,0.943,1
HET_1,427,923.3,2793.4,227,0.721,0.850,0.915,2
HET_1,428,935.3,971.7,624,0.380,0.944,0.686,1
HET_1,429,935.5,2166.1,397,0.804,0.785,0.930,2
HET_1,430,928.2,222.0,343,0.637,0.924,0.891,2
HET_1,431,942.9,381.5,607,0.483,0.653,0.760,1
HET_1,432,930.2,2253.0,172,0.884,0.821,0.945,0
HET_1,433,939.0,1832.9,476,0.640,0.736,0.880,1
HET_1,434,933.3,1432.4,201,0.912,0.580,0.944,0
HET_1,435,943.9,883.1,686,0.391,0.743,0.656,1
HET_1,436,934.7,195.4,219,0.702,0.871,0.873,0
HET_1,437,937.0,1482.9,365,0.713,0.750,0.877,1
HET_1,438,936.4,1895.3,162,0.651,0.932,0.926,0
HET_1,439,940.9,638.3,512,0.559,0.931,0.839,2
HET_1,440,937.9,2093.7,183,0.940,0.649,0.953,0
HET_1,441,956.7,1935.5,1241,0.782,0.628,0.951,0
HET_1,442,940.8,597.3,401,0.454,0.973,0.827,0
HET_1,443,943.6,1231.1,517,0.509,0.821,0.798,2
HET_1,444,939.2,1725.1,142,0.781,0.898,0.940,0
HET_1,445,954.5,1990.0,487,0.711,0.820,0.910,0
HET_1,446,954.8,299.3,486,0.599,0.868,0.866,2
HET_1,447,949.2,1767.0,288,0.792,0.828,0.926,1
HET_1,448,971.0,1357.1,1130,0.267,0.936,0.533,0
HET_1,449,954.9,1583.9,361,0.583,0.937,0.864,0
HET_1,450,948.0,1604.1,296,0.766,0.868,0.919,0
HET_1,451,955.4,1646.9,480,0.695,0.789,0.882,0
HET_1,452,952.5,1130.5,354,0.776,0.826,0.910,0
HET_1,453,951.8,1532.8,243,0.614,0.784,0.835,0
HET_1,454,964.1,2253.3,488,0.558,0.942,0.887,0
HET_1,455,952.8,965.4,211,0.810,0.862,0.950,0
HET_1,456,952.3,1182.1,336,0.353,0.978,0.755,0
HET_1,457,961.4,2124.5,559,0.804,0.773,0.946,0
HET_1,458,960.6,2148.3,456,0.705,0.691,0.870,0
HET_1,459,969.5,121.4,470,0.460,0.808,0.699,0
HET_1,460,963.4,484.4,210,0.572,0.952,0.830,0
HET_1,461,967.4,990.5,668,0.752,0.765,0.904,0
HET_1,462,962.3,2055.0,332,0.677,0.911,0.917,0
HET_1,463,960.8,2335.1,707,0.497,0.925,0.822,3
HET_1,464,968.1,2084.9,499,0.696,0.886,0.912,0
HET_1,465,963.3,363.9,309,0.847,0.671,0.939,0
HET_1,466,965.1,1551.2,330,0.937,0.550,0.957,0
HET_1,467,965.1,2569.7,266,0.848,0.829,0.957,0
HET_1,468,971.5,2653.8,581,0.414,0.972,0.785,2
HET_1,469,971.6,1657.9,221,0.716,0.867,0.898,1
HET_1,470,971.1,2692.9,269,0.948,0.225,0.951,1
HET_1,471,971.7,1873.3,150,0.858,0.772,0.926,0
HET_1,472,991.1,1968.3,389,0.427,0.966,0.872,1
HET_1,473,973.2,2459.2,190,0.873,0.731,0.922,0
HET_1,474,973.9,2009.9,186,0.895,0.664,0.939,1
HET_1,475,976.2,449.8,314,0.596,0.934,0.860,1
HET_1,476,987.1,1882.0,614,0.729,0.835,0.926,0
HET_1,477,983.6,2168.7,491,0.797,0.616,0.935,2
HET_1,478,987.1,194.7,368,0.587,0.914,0.809,0
HET_1,479,995.2,11.0,386,0.646,0.904,0.963,0
HET_1,480,988.2,1909.4,412,0.677,0.909,0.926,1
HET_1,481,990.4,2000.3,501,0.857,0.685,0.945,0
HET_1,482,989.2,1804.7,432,0.935,0.617,0.971,0
HET_1,483,1000.6,220.6,621,0.636,0.715,0.892,0
HET_1,484,994.3,390.2,387,0.730,0.852,0.904,0
HET_1,485,997.4,1946.9,487,0.722,0.713,0.885,0
HET_1,486,992.7,2029.4,187,0.657,0.940,0.926,0
HET_1,487,992.5,500.6,650,0.467,0.953,0.827,0
HET_1,488,989.9,2708.0,375,0.770,0.680,0.891,4
HET_1,489,998.2,285.6,838,0.438,0.926,0.699,1
HET_1,490,996.9,1454.9,571,0.642,0.810,0.848,0
HET_1,491,997.2,2726.9,283,0.784,0.761,0.896,0
HET_1,492,998.6,2753.9,248,0.858,0.580,0.908,1
HET_1,493,1004.8,993.8,508,0.789,0.649,0.924,2
HET_1,494,1002.4,74.0,491,0.693,0.850,0.930,0
HET_1,495,1007.1,1850.3,474,0.610,0.695,0.843,0
HET_1,496,1010.9,693.9,341,0.563,0.838,0.853,0
HET_1,497,1014.8,1620.3,200,0.496,0.948,0.844,0
HET_1,498,1019.6,168.8,471,0.627,0.810,0.852,1
HET_1,499,1018.3,2319.4,500,0.414,0.582,0.679,0
HET_1,500,1020.8,397.3,660,0.466,0.912,0.745,1
HET_1,501,1027.3,1310.2,478,0.431,0.921,0.685,0
HET_1,502,1012.7,735.2,359,0.479,0.862,0.742,0
HET_1,503,1022.8,2451.2,264,0.450,0.892,0.679,0
HET_1,504,1021.0,1959.3,299,0.763,0.840,0.917,0
HET_1,505,1020.1,866.7,411,0.847,0.700,0.936,1
HET_1,506,1016.1,98.1,230,0.696,0.900,0.906,1
HET_1,507,1029.4,34.2,736,0.418,0.864,0.715,3
HET_1,508,1020.4,2570.0,272,0.898,0.609,0.951,0
HET_1,509,1044.2,645.3,858,0.316,0.873,0.574,0
HET_1,510,1022.2,1090.5,286,0.723,0.773,0.894,0
HET_1,511,1036.2,2195.0,373,0.497,0.962,0.859,1
HET_1,512,1038.6,469.5,788,0.351,0.881,0.669,0
HET_1,513,1033.9,1015.4,527,0.573,0.734,0.807,0
HET_1,514,1032.5,2590.4,289,0.615,0.839,0.798,1
HET_1,515,1027.5,2611.6,169,0.991,0.463,0.966,0
HET_1,516,1033.8,840.8,528,0.744,0.746,0.901,0
HET_1,517,1032.1,1270.8,415,0.529,0.937,0.850,0
HET_1,518,1027.2,1840.9,176,0.719,0.906,0.921,0
HET_1,519,1035.8,2669.5,178,0.675,0.934,0.947,0
HET_1,520,1038.6,1904.0,307,0.660,0.716,0.843,1
HET_1,521,1036.6,1617.1,241,0.802,0.705,0.906,0
HET_1,522,1042.2,104.1,613,0.692,0.820,0.899,0
HET_1,523,1046.5,1886.7,319,0.693,0.916,0.894,0
HET_1,524,1043.3,964.0,224,0.591,0.952,0.914,1
HET_1,525,1046.0,989.7,407,0.620,0.770,0.822,0
HET_1,526,1044.1,1291.0,200,0.861,0.799,0.952,0
HET_1,527,1061.0,321.6,843,0.193,0.622,0.431,0
HET_1,528,1050.8,2450.5,460,0.492,0.845,0.741,1
HET_1,529,1043.4,1981.0,241,0.899,0.748,0.953,3
HET_1,530,1043.6,1962.7,98,1.007,0.669,0.951,0
HET_1,531,1061.8,1583.4,700,0.850,0.656,0.954,1
HET_1,532,1054.1,1923.0,398,0.653,0.784,0.834,1
HET_1,533,1059.8,2578.2,393,0.689,0.913,0.933,0
HET_1,534,1063.8,1508.7,890,0.504,0.926,0.779,0
HET_1,535,1057.8,1725.2,176,0.741,0.823,0.951,0
HET_1,536,1059.2,2137.8,304,0.721,0.514,0.881,1
HET_1,537,1055.4,2665.6,295,0.728,0.875,0.928,0
HET_1,538,1065.0,145.8,613,0.724,0.546,0.883,0
HET_1,539,1069.5,2060.0,488,0.514,0.872,0.755,0
HET_1,540,1076.6,1054.4,498,0.421,0.959,0.767,1
HET_1,541,1066.1,1556.5,302,0.902,0.448,0.944,1
HET_1,542,1071.9,2483.9,187,0.427,0.980,0.789,0
HET_1,543,1070.9,2090.6,519,0.687,0.820,0.880,0
HET_1,544,1065.9,177.2,238,0.582,0.953,0.878,0
HET_1,545,1071.6,1540.7,280,0.821,0.814,0.936,0
HET_1,546,1070.5,1743.2,223,0.939,0.701,0.961,0
HET_1,547,1083.5,1109.7,402,0.478,0.937,0.744,1
HET_1,548,1070.2,1377.2,172,0.562,0.957,0.873,0
HET_1,549,1086.0,1810.3,1104,0.619,0.784,0.884,0
HET_1,550,1088.6,812.7,844,0.724,0.675,0.918,0
HET_1,551,1081.2,2334.3,691,0.375,0.502,0.628,0
HET_1,552,1088.9,2701.6,494,0.723,0.875,0.910,1
HET_1,553,1093.1,1122.0,355,0.642,0.914,0.927,0
HET_1,554,1083.7,1885.9,188,0.966,0.693,0.964,0
HET_1,555,1086.7,1995.1,408,0.557,0.530,0.791,0
HET_1,556,1086.4,1909.7,220,0.785,0.796,0.932,0
HET_1,557,1104.6,2760.4,627,0.451,0.934,0.785,1
HET_1,558,1092.0,1968.4,369,0.621,0.906,0.822,1
HET_1,559,1089.0,2567.2,148,0.834,0.880,0.943,0
HET_1,560,1086.5,2039.2,100,0.919,0.774,0.943,0
HET_1,561,1099.3,901.2,698,0.383,0.887,0.624,0
HET_1,562,1092.8,2305.3,413,0.708,0.788,0.894,2
HET_1,563,1101.4,1469.2,372,0.505,0.938,0.783,0
HET_1,564,1101.2,2102.4,692,0.685,0.669,0.884,1
HET_1,565,1093.1,662.8,175,1.022,0.473,0.978,1
HET_1,566,1109.0,652.8,635,0.337,0.964,0.664,0
HET_1,567,1103.4,2456.3,303,0.408,0.972,0.765,0
HET_1,568,1103.5,25.1,874,0.515,0.662,0.800,0
HET_1,569,1104.0,1445.2,569,0.498,0.926,0.771,0
HET_1,570,1099.8,781.2,287,0.590,0.898,0.857,0
HET_1,571,1108.6,1852.0,445,0.562,0.815,0.811,1
HET_1,572,1111.1,966.8,528,0.683,0.795,0.899,0
HET_1,573,1109.6,421.4,242,0.769,0.766,0.883,0
HET_1,574,1109.2,627.8,204,0.620,0.945,0.891,0
HET_1,575,1127.4,1722.6,670,0.437,0.600,0.721,1
HET_1,576,1120.0,183.8,417,0.467,0.956,0.832,1
HET_1,577,1121.1,158.7,293,0.803,0.615,0.902,0
HET_1,578,1126.9,210.7,373,0.740,0.861,0.912,1
HET_1,579,1120.7,477.8,353,0.545,0.939,0.847,1
HET_1,580,1134.4,2258.7,502,0.495,0.930,0.772,0
HET_1,581,1130.4,255.2,732,0.487,0.866,0.759,1
HET_1,582,1128.5,527.2,736,0.428,0.944,0.738,0
HET_1,583,1139.6,307.3,551,0.572,0.903,0.849,1
HET_1,584,1124.6,2452.9,199,0.789,0.578,0.896,2
HET_1,585,1127.2,969.5,88,0.996,0.659,0.946,0
HET_1,586,1145.2,1592.3,375,0.434,0.951,0.765,0
HET_1,587,1140.7,881.4,689,0.430,0.948,0.780,1
HET_1,588,1131.4,1207.7,129,0.692,0.895,0.849,0
HET_1,589,1143.2,1027.3,301,0.585,0.868,0.867,1
HET_1,590,1151.5,399.0,520,0.572,0.936,0.852,1
HET_1,591,1138.1,727.4,340,0.602,0.878,0.800,2
HET_1,592,1142.3,2877.4,483,0.630,0.871,0.847,1
HET_1,593,1146.8,2783.9,623,0.451,0.889,0.811,3
HET_1,594,1143.1,985.1,235,0.905,0.208,0.940,0
HET_1,595,1153.8,2647.2,498,0.318,0.922,0.634,2
HET_1,596,1160.0,2358.0,517,0.321,0.911,0.589,0
HET_1,597,1153.9,631.7,350,0.746,0.766,0.916,0
HET_1,598,1154.2,1361.2,410,0.613,0.480,0.828,0
HET_1,599,1158.6,2027.0,338,0.552,0.901,0.781,0
HET_1,600,1154.4,1778.4,268,0.909,0.694,0.961,0
HET_1,601,1163.1,466.7,1140,0.543,0.866,0.802,0
HET_1,602,1157.7,614.1,220,0.899,0.721,0.940,0
HET_1,603,1158.6,426.6,405,0.584,0.932,0.854,1
HET_1,604,1165.1,2933.6,985,0.532,0.877,0.822,0
HET_1,605,1162.5,2209.2,244,0.731,0.842,0.887,1
HET_1,606,1182.9,2183.4,649,0.373,0.944,0.702,0
HET_1,607,1162.7,1046.4,185,0.761,0.862,0.925,1
HET_1,608,1162.8,2145.1,251,0.807,0.847,0.913,1
HET_1,609,1163.0,2517.0,216,0.783,0.861,0.915,0
HET_1,610,1183.9,316.1,513,0.385,0.966,0.661,0
HET_1,611,1162.3,2268.8,93,0.956,0.787,0.949,0
HET_1,612,1166.8,66.7,281,0.887,0.711,0.953,0
HET_1,613,1170.4,185.6,329,0.825,0.803,0.948,0
HET_1,614,1179.5,133.1,673,0.365,0.711,0.619,0
HET_1,615,1181.5,1599.4,258,0.578,0.907,0.838,0
HET_1,616,1174.9,50.3,338,0.765,0.807,0.906,1
HET_1,617,1172.4,2127.7,178,0.696,0.889,0.868,0
HET_1,618,1183.0,246.3,584,0.754,0.532,0.915,2
HET_1,619,1177.8,2502.6,145,0.709,0.914,0.906,0
HET_1,620,1175.1,2847.8,130,0.951,0.728,0.949,0
HET_1,621,1180.7,925.7,261,0.594,0.664,0.811,0
HET_1,622,1186.8,1425.2,568,0.777,0.405,0.924,0
HET_1,623,1180.5,2029.0,114,0.893,0.839,0.942,0
HET_1,624,1184.8,866.6,147,0.784,0.878,0.913,0
HET_1,625,1191.3,1193.4,277,0.521,0.963,0.863,1
HET_1,626,1197.6,1826.3,436,0.479,0.938,0.760,1
HET_1,627,1197.6,528.9,349,0.492,0.917,0.774,0
HET_1,628,1194.8,180.7,618,0.813,0.557,0.927,1
HET_1,629,1189.3,748.0,191,0.524,0.941,0.806,0
HET_1,630,1191.4,2351.3,269,0.658,0.898,0.859,0
HET_1,631,1190.0,2054.0,173,0.829,0.814,0.920,0
HET_1,632,1200.2,847.6,174,0.585,0.908,0.866,0
HET_1,633,1205.1,596.6,671,0.493,0.742,0.741,0
HET_1,634,1196.4,628.9,142,0.687,0.935,0.940,0
HET_1,635,1211.2,1996.1,605,0.742,0.820,0.924,0
HET_1,636,1204.7,2687.0,224,0.923,0.604,0.953,0
HET_1,637,1209.8,2877.0,608,0.456,0.952,0.749,1
HET_1,638,1213.0,2831.3,330,0.726,0.696,0.887,1
HET_1,639,1208.7,2995.7,255,0.764,0.486,0.898,0
HET_1,640,1213.3,2016.1,317,0.842,0.744,0.941,0
HET_1,641,1212.8,2705.8,273,0.696,0.918,0.907,0
HET_1,642,1212.4,112.7,350,0.605,0.934,0.893,0
HET_1,643,1215.9,2985.4,177,0.888,0.730,0.941,3
HET_1,644,1226.3,428.5,750,0.835,0.352,0.935,0
HET_1,645,1216.3,530.0,260,0.914,0.725,0.956,1
HET_1,646,1223.0,622.9,247,0.759,0.835,0.915,0
HET_1,647,1229.7,1330.4,597,0.745,0.794,0.900,0
HET_1,648,1226.8,1696.2,656,0.327,0.912,0.578,0
HET_1,649,1225.9,2681.9,371,0.566,0.852,0.791,1
HET_1,650,1222.5,2936.0,172,0.914,0.528,0.935,0
HET_1,651,1227.5,2893.3,271,0.769,0.686,0.906,1
HET_1,652,1235.0,1500.3,413,0.628,0.708,0.834,0
HET_1,653,1227.2,2541.7,97,0.880,0.776,0.933,0
HET_1,654,1233.5,2750.6,315,0.798,0.875,0.969,0
HET_1,655,1240.4,522.5,460,0.656,0.861,0.897,1
HET_1,656,1243.4,681.2,728,0.428,0.708,0.692,0
HET_1,657,1234.5,935.7,552,0.439,0.967,0.803,0
HET_1,658,1230.2,1854.5,353,0.428,0.961,0.781,1
HET_1,659,1232.2,2830.3,486,0.401,0.940,0.685,3
HET_1,660,1233.8,341.2,340,0.514,0.865,0.791,1
HET_1,661,1242.1,123.7,322,0.605,0.823,0.803,1
HET_1,662,1243.5,1021.1,604,0.847,0.527,0.929,1
HET_1,663,1239.9,472.4,228,0.708,0.851,0.905,0
HET_1,664,1252.4,1515.1,689,0.590,0.457,0.828,0
HET_1,665,1245.1,2829.6,397,0.804,0.647,0.921,0
HET_1,666,1246.0,2415.6,309,0.483,0.752,0.736,0
HET_1,667,1247.7,2697.2,293,0.812,0.757,0.933,1
HET_1,668,1254.1,1149.6,562,0.486,0.901,0.817,2
HET_1,669,1261.4,2255.5,635,0.329,0.957,0.625,1
HET_1,670,1249.4,2774.8,217,0.914,0.721,0.948,2
HET_1,671,1256.3,55.4,522,0.668,0.826,0.888,1
HET_1,672,1253.2,587.7,241,0.424,0.969,0.814,0
HET_1,673,1260.2,396.7,390,0.709,0.660,0.888,2
HET_1,674,1256.8,2571.6,174,0.721,0.833,0.883,0
HET_1,675,1265.1,2700.8,445,0.534,0.818,0.785,0
HET_1,676,1256.5,90.8,38,0.549,0.952,0.469,0
HET_1,677,1261.1,125.1,327,0.708,0.846,0.898,0
HET_1,678,1261.9,567.5,198,0.812,0.706,0.925,2
HET_1,679,1280.7,425.5,646,0.408,0.889,0.684,0
HET_1,680,1280.0,557.4,390,0.704,0.859,0.890,0
HET_1,681,1271.3,666.7,393,0.449,0.928,0.733,1
HET_1,682,1277.4,1042.2,575,0.816,0.502,0.932,0
HET_1,683,1268.3,2771.2,212,0.655,0.932,0.906,1
HET_1,684,1290.9,2179.2,660,0.263,0.691,0.493,0
HET_1,685,1270.4,1341.7,177,0.906,0.788,0.983,1
HET_1,686,1279.9,1761.7,635,0.290,0.969,0.684,2
HET_1,687,1285.5,2825.3,389,0.581,0.878,0.833,1
HET_1,688,1290.0,14.8,570,0.699,0.632,0.896,0
HET_1,689,1289.2,951.6,1005,0.463,0.544,0.735,0
HET_1,690,1285.1,2643.9,195,0.821,0.846,0.929,0
HET_1,691,1290.5,864.7,370,0.643,0.900,0.856,3
HET_1,692,1290.8,1506.0,260,0.448,0.906,0.677,0
HET_1,693,1299.5,2357.4,517,0.554,0.955,0.885,1
HET_1,694,1294.9,479.8,406,0.591,0.918,0.871,3
HET_1,695,1291.4,81.6,183,0.798,0.869,0.915,0
HET_1,696,1289.1,1818.0,214,0.748,0.891,0.899,0
HET_1,697,1293.8,227.4,389,0.800,0.642,0.917,0
HET_1,698,1298.0,176.0,349,0.615,0.853,0.815,0
HET_1,699,1299.6,520.9,272,0.604,0.936,0.861,1
HET_1,700,1298.9,2921.1,328,0.863,0.759,0.948,1
HET_1,701,1308.8,1458.7,669,0.688,0.661,0.886,0
HET_1,702,1298.4,691.1,299,0.638,0.849,0.847,1
HET_1,703,1301.4,1033.0,426,0.834,0.519,0.916,2
HET_1,704,1303.0,95.2,383,0.859,0.713,0.941,4
HET_1,705,1311.8,569.0,721,0.615,0.447,0.874,0
HET_1,706,1310.4,669.1,330,0.549,0.878,0.778,0
HET_1,707,1308.8,640.1,483,0.592,0.913,0.864,1
HET_1,708,1321.5,2453.4,467,0.336,0.982,0.768,1
HET_1,709,1312.0,2767.2,499,0.721,0.889,0.936,0
HET_1,710,1322.9,2052.1,503,0.439,0.937,0.739,2
HET_1,711,1325.2,1239.4,819,0.764,0.806,0.957,0
HET_1,712,1318.6,2686.6,213,0.541,0.958,0.866,1
HET_1,713,1319.6,690.4,228,0.755,0.901,0.923,1
HET_1,714,1320.9,507.5,389,0.583,0.951,0.882,1
HET_1,715,1330.6,2978.4,475,0.546,0.946,0.833,0
HET_1,716,1319.8,817.6,393,0.349,0.982,0.733,1
HET_1,717,1323.4,653.8,225,0.880,0.659,0.926,0
HET_1,718,1326.4,1176.7,657,0.436,0.896,0.722,0
HET_1,719,1323.3,2119.9,275,0.661,0.784,0.821,2
HET_1,720,1326.1,150.2,432,0.698,0.824,0.880,0
HET_1,721,1327.7,1567.9,493,0.477,0.936,0.834,0
HET_1,722,1322.4,2904.1,178,0.454,0.969,0.848,0
HET_1,723,1334.2,1774.8,360,0.464,0.915,0.752,1
HET_1,724,1327.9,2872.9,187,0.706,0.885,0.912,0
HET_1,725,1332.9,540.5,380,0.738,0.866,0.896,0
HET_1,726,1331.7,565.8,405,0.833,0.773,0.940,2
HET_1,727,1344.0,399.5,608,0.648,0.845,0.899,0
HET_1,728,1335.0,1749.8,238,0.605,0.903,0.824,0
HET_1,729,1339.7,2557.7,239,0.553,0.848,0.768,0
HET_1,730,1340.0,2616.4,207,0.791,0.838,0.932,1
HET_1,731,1352.1,2886.0,381,0.479,0.937,0.807,4
HET_1,732,1339.1,1450.8,80,0.939,0.859,0.976,0
HET_1,733,1348.6,149.6,246,0.754,0.858,0.914,1
HET_1,734,1346.3,2326.4,263,0.920,0.610,0.956,1
HET_1,735,1356.5,1392.0,427,0.523,0.910,0.821,0
HET_1,736,1350.0,3036.8,385,0.611,0.771,0.805,0
HET_1,737,1351.1,352.8,561,0.821,0.677,0.948,0
HET_1,738,1352.4,1263.6,323,0.772,0.789,0.900,1
HET_1,739,1353.1,2646.9,364,0.716,0.738,0.881,0
HET_1,740,1349.0,2912.8,129,0.913,0.664,0.921,1
HET_1,741,1352.7,2947.0,260,0.713,0.876,0.897,0
HET_1,742,1357.6,3013.8,351,0.744,0.830,0.916,1
HET_1,743,1354.0,1339.3,342,0.611,0.899,0.855,1
HET_1,744,1355.7,1798.1,425,0.290,0.949,0.579,0
HET_1,745,1359.3,2839.6,499,0.553,0.875,0.826,1
HET_1,746,1363.7,1458.1,537,0.493,0.930,0.786,0
HET_1,747,1359.2,1229.6,271,0.566,0.864,0.786,1
HET_1,748,1359.2,49.9,341,0.668,0.870,0.905,4
HET_1,749,1362.5,451.8,715,0.630,0.625,0.841,0
HET_1,750,1362.8,1944.8,402,0.457,0.963,0.824,2
HET_1,751,1359.9,2302.1,197,0.812,0.837,0.938,0
HET_1,752,1356.2,1321.4,116,0.920,0.730,0.928,0
HET_1,753,1364.2,2060.0,454,0.641,0.821,0.853,0
HET_1,754,1368.6,869.7,543,0.811,0.772,0.964,0
HET_1,755,1365.5,1288.5,166,0.568,0.955,0.869,0
HET_1,756,1367.6,1533.9,678,0.652,0.793,0.850,1
HET_1,757,1367.2,927.5,572,0.603,0.774,0.810,1
HET_1,758,1366.8,1713.5,407,0.762,0.739,0.917,0
HET_1,759,1371.7,2906.0,444,0.532,0.946,0.793,0
HET_1,760,1373.8,120.9,466,0.601,0.888,0.857,2
HET_1,761,1371.7,2564.8,367,0.550,0.886,0.758,0
HET_1,762,1367.5,2775.6,208,0.801,0.881,0.933,0
HET_1,763,1392.2,2685.1,1623,0.495,0.697,0.806,0
HET_1,764,1373.6,673.2,586,0.554,0.930,0.849,0
HET_1,765,1378.1,2744.6,481,0.515,0.932,0.794,0
HET_1,766,1370.7,1031.2,406,0.506,0.947,0.788,1
HET_1,767,1379.2,1138.5,566,0.718,0.872,0.946,1
HET_1,768,1374.9,19.3,299,0.652,0.777,0.815,0
HET_1,769,1385.2,636.6,432,0.494,0.950,0.836,2
HET_1,770,1379.0,41.3,146,0.838,0.830,0.918,0
HET_1,771,1405.8,162.7,690,0.273,0.987,0.706,0
HET_1,772,1382.2,1947.0,334,0.548,0.892,0.825,0
HET_1,773,1389.9,3087.7,574,0.553,0.931,0.859,0
HET_1,774,1388.2,1385.9,702,0.603,0.846,0.844,1
HET_1,775,1394.4,1242.9,582,0.333,0.940,0.677,0
HET_1,776,1385.1,1646.3,234,0.809,0.648,0.936,1
HET_1,777,1383.5,1996.1,243,0.425,0.978,0.884,0
HET_1,778,1389.4,2978.5,364,0.521,0.816,0.774,2
HET_1,779,1394.2,1351.3,477,0.578,0.880,0.824,2
HET_1,780,1413.8,432.1,883,0.343,0.900,0.689,0
HET_1,781,1393.2,938.3,348,0.596,0.733,0.782,0
HET_1,782,1411.5,246.4,528,0.430,0.969,0.830,1
HET_1,783,1397.0,1537.8,531,0.646,0.838,0.858,0
HET_1,784,1395.6,2447.7,276,0.433,0.877,0.715,0
HET_1,785,1391.4,773.5,384,0.484,0.960,0.790,0
HET_1,786,1395.3,2470.2,296,0.575,0.745,0.807,2
HET_1,787,1399.4,1673.5,589,0.266,0.656,0.551,0
HET_1,788,1419.5,2608.6,703,0.347,0.973,0.705,0
HET_1,789,1398.2,464.1,221,0.570,0.936,0.822,0
HET_1,790,1403.8,41.4,860,0.647,0.392,0.881,2
HET_1,791,1404.2,785.9,618,0.418,0.941,0.744,2
HET_1,792,1403.7,2316.4,167,0.592,0.952,0.852,0
HET_1,793,1405.8,116.8,330,0.678,0.805,0.878,0
HET_1,794,1417.4,1160.9,1643,0.597,0.587,0.866,0
HET_1,795,1417.6,1788.3,597,0.252,0.887,0.497,0
HET_1,796,1415.3,570.3,471,0.501,0.927,0.786,4
HET_1,797,1402.0,1110.1,260,0.858,0.796,0.945,1
HET_1,798,1408.0,1310.6,146,0.686,0.931,0.936,0
HET_1,799,1422.2,3041.8,483,0.469,0.801,0.764,0
HET_1,800,1414.7,718.1,714,0.315,0.952,0.646,0
HET_1,801,1431.8,356.2,607,0.296,0.967,0.567,0
HET_1,802,1412.1,2798.5,365,0.808,0.523,0.915,0
HET_1,803,1418.9,610.1,468,0.746,0.793,0.893,0
HET_1,804,1409.0,3062.5,85,0.861,0.885,0.955,0
HET_1,805,1411.7,899.6,128,1.015,0.592,0.955,0
HET_1,806,1429.3,1429.5,431,0.539,0.908,0.782,1
HET_1,807,1423.1,387.7,161,0.844,0.871,0.953,0
HET_1,808,1429.0,506.0,546,0.866,0.502,0.948,0
HET_1,809,1434.2,378.3,380,0.527,0.937,0.841,1
HET_1,810,1431.7,2787.7,383,0.742,0.761,0.936,2
HET_1,811,1449.8,1323.6,572,0.396,0.951,0.734,1
HET_1,812,1452.6,1100.2,690,0.230,0.896,0.463,0
HET_1,813,1437.8,1589.3,730,0.278,0.878,0.559,0
HET_1,814,1434.1,2916.0,532,0.614,0.920,0.905,0
HET_1,815,1441.9,260.1,416,0.511,0.961,0.861,0
HET_1,816,1428.2,1007.3,379,0.396,0.967,0.764,2
HET_1,817,1432.6,197.6,438,0.449,0.941,0.755,2
HET_1,818,1447.4,105.2,638,0.486,0.654,0.749,2
HET_1,819,1455.2,1914.9,577,0.398,0.902,0.633,0
HET_1,820,1435.1,1544.3,280,0.887,0.690,0.959,3
HET_1,821,1442.9,2561.4,346,0.584,0.908,0.867,2
HET_1,822,1441.5,2677.9,387,0.702,0.802,0.890,0
HET_1,823,1448.4,2633.5,359,0.700,0.855,0.895,0
HET_1,824,1445.3,1882.0,513,0.586,0.862,0.816,0
HET_1,825,1447.3,3039.7,375,0.553,0.897,0.830,1
HET_1,826,1443.4,604.5,402,0.752,0.630,0.882,2
HET_1,827,1455.8,2495.2,498,0.517,0.925,0.843,0
HET_1,828,1451.0,1786.1,199,0.709,0.891,0.884,1
HET_1,829,1450.4,2837.3,287,0.631,0.814,0.839,0
HET_1,830,1458.4,2806.0,389,0.551,0.924,0.786,1
HET_1,831,1447.1,1289.9,340,0.405,0.973,0.806,0
HET_1,832,1454.3,2664.5,277,0.839,0.739,0.958,2
HET_1,833,1459.0,481.9,481,0.338,0.943,0.641,2
HET_1,834,1462.8,644.9,322,0.362,0.874,0.618,0
HET_1,835,1457.9,1477.1,243,0.972,0.561,0.972,0
HET_1,836,1471.0,918.1,649,0.373,0.732,0.651,1
HET_1,837,1463.8,2926.2,188,0.567,0.949,0.821,0
HET_1,838,1470.3,269.5,195,0.582,0.946,0.859,1
HET_1,839,1475.4,2971.6,480,0.496,0.699,0.773,1
HET_1,840,1472.3,1490.4,358,0.765,0.721,0.932,1
HET_1,841,1470.6,2166.4,303,0.807,0.674,0.876,0
HET_1,842,1477.2,60.4,555,0.586,0.338,0.816,1
HET_1,843,1470.3,489.9,113,0.292,0.975,0.317,0
HET_1,844,1470.7,2570.5,257,0.581,0.932,0.824,0
HET_1,845,1473.7,2091.1,399,0.753,0.829,0.907,0
HET_1,846,1487.5,1190.6,555,0.366,0.952,0.674,0
HET_1,847,1482.1,2836.8,374,0.477,0.915,0.722,0
HET_1,848,1483.9,17.3,484,0.712,0.803,0.927,0
HET_1,849,1477.3,357.9,302,0.650,0.917,0.878,0
HET_1,850,1479.3,2658.5,199,0.530,0.889,0.754,0
HET_1,851,1482.8,129.5,409,0.496,0.958,0.843,2
HET_1,852,1481.5,592.3,224,0.676,0.881,0.900,0
HET_1,853,1483.9,3065.7,143,0.664,0.356,0.836,0
HET_1,854,1488.8,334.1,422,0.754,0.780,0.925,1
HET_1,855,1497.2,1760.2,462,0.388,0.980,0.765,1
HET_1,856,1491.9,2143.4,617,0.625,0.865,0.853,1
HET_1,857,1495.5,650.5,431,0.528,0.682,0.779,0
HET_1,858,1506.5,1412.1,2281,0.534,0.583,0.836,0
HET_1,859,1497.4,385.2,458,0.550,0.939,0.854,1
HET_1,860,1497.4,2945.4,287,0.450,0.902,0.759,0
HET_1,861,1494.7,1102.7,317,0.448,0.971,0.815,0
HET_1,862,1492.9,1952.0,254,0.629,0.948,0.934,1
HET_1,863,1494.1,2421.5,372,0.483,0.922,0.735,2
HET_1,864,1497.0,1568.2,340,0.630,0.738,0.833,1
HET_1,865,1503.8,2772.2,503,0.705,0.623,0.881,0
HET_1,866,1503.4,3049.3,441,0.496,0.764,0.725,0
HET_1,867,1501.6,613.9,304,0.418,0.978,0.802,0
HET_1,868,1499.9,1828.0,121,0.870,0.833,0.953,0
HET_1,869,1508.1,189.3,267,0.645,0.921,0.890,1
HET_1,870,1502.6,59.9,172,1.005,0.512,0.972,0
HET_1,871,1504.9,1269.8,328,0.555,0.904,0.775,1
HET_1,872,1507.0,1060.6,631,0.606,0.923,0.927,0
HET_1,873,1529.3,1325.7,665,0.257,0.972,0.550,0
HET_1,874,1511.3,1854.4,250,0.662,0.890,0.883,0
HET_1,875,1519.0,1118.4,497,0.766,0.702,0.910,1
HET_1,876,1514.1,1971.3,134,1.032,0.514,0.978,0
HET_1,877,1517.1,21.4,292,0.698,0.921,0.939,0
HET_1,878,1523.2,1838.1,176,0.774,0.658,0.898,0
HET_1,879,1530.7,129.7,455,0.641,0.861,0.833,1
HET_1,880,1530.3,2866.5,345,0.647,0.907,0.867,1
HET_1,881,1524.7,757.4,187,1.029,0.493,0.979,0
HET_1,882,1538.5,253.1,581,0.381,0.677,0.691,0
HET_1,883,1528.7,110.9,199,0.856,0.476,0.926,2
HET_1,884,1532.9,182.8,330,0.845,0.825,0.959,0
HET_1,885,1548.2,349.3,842,0.266,0.955,0.579,1
HET_1,886,1530.7,697.2,475,0.585,0.729,0.873,0
HET_1,887,1528.3,91.5,253,0.700,0.901,0.888,0
HET_1,888,1542.0,572.7,797,0.271,0.796,0.547,0
HET_1,889,1534.6,2519.1,385,0.751,0.824,0.948,1
HET_1,890,1552.2,69.4,482,0.421,0.956,0.761,2
HET_1,891,1541.0,233.0,181,0.746,0.885,0.923,2
HET_1,892,1544.7,995.1,572,0.508,0.916,0.772,1
HET_1,893,1542.5,1840.8,306,0.624,0.904,0.862,0
HET_1,894,1544.2,766.3,288,0.969,0.578,0.963,0
HET_1,895,1539.1,2071.4,98,0.974,0.772,0.951,0
HET_1,896,1557.5,2924.3,622,0.476,0.945,0.755,0
HET_1,897,1554.6,2564.7,690,0.474,0.858,0.802,1
HET_1,898,1563.8,1737.0,494,0.365,0.936,0.696,1
HET_1,899,1559.0,2089.3,556,0.605,0.918,0.897,0
HET_1,900,1550.3,698.1,342,0.817,0.800,0.932,1
HET_1,901,1565.4,1587.4,740,0.358,0.929,0.666,2
HET_1,902,1554.1,1771.6,254,0.559,0.909,0.836,0
HET_1,903,1560.8,3014.7,412,0.809,0.594,0.916,0
HET_1,904,1562.8,2385.5,309,0.678,0.808,0.890,0
HET_1,905,1560.6,2646.0,149,0.913,0.675,0.943,0
HET_1,906,1560.1,2994.8,223,0.911,0.653,0.941,0
HET_1,907,1562.4,1877.1,212,0.535,0.892,0.779,0
HET_1,908,1566.0,721.0,422,0.830,0.778,0.942,0
HET_1,909,1580.3,2258.7,582,0.334,0.751,0.587,0
HET_1,910,1572.9,2338.8,431,0.675,0.877,0.885,1
HET_1,911,1574.7,1568.4,254,0.529,0.966,0.855,0
HET_1,912,1570.2,2614.1,529,0.739,0.324,0.897,1
HET_1,913,1571.4,2500.7,565,0.628,0.878,0.880,0
HET_1,914,1573.3,800.5,570,0.416,0.792,0.699,1
HET_1,915,1603.4,1648.2,755,0.259,0.978,0.616,0
HET_1,916,1583.7,1008.2,501,0.656,0.926,0.908,1
HET_1,917,1586.5,18.0,554,0.563,0.852,0.811,1
HET_1,918,1575.8,3004.6,194,0.912,0.556,0.937,1
HET_1,919,1588.6,85.9,1124,0.608,0.626,0.827,0
HET_1,920,1579.4,2853.6,409,0.576,0.949,0.917,1
HET_1,921,1581.3,454.5,307,0.648,0.879,0.870,0
HET_1,922,1580.1,570.6,174,0.995,0.257,0.961,1
HET_1,923,1580.7,471.7,177,0.682,0.907,0.908,0
HET_1,924,1581.5,773.4,269,0.565,0.929,0.849,0
HET_1,925,1591.1,1187.8,212,0.694,0.932,0.926,0
HET_1,926,1589.1,433.6,281,0.690,0.761,0.852,1
HET_1,927,1604.1,1328.0,652,0.476,0.729,0.773,2
HET_1,928,1608.5,1087.9,383,0.448,0.877,0.806,1
HET_1,929,1605.8,2085.8,1252,0.648,0.797,0.884,0
HET_1,930,1598.1,2218.1,187,0.433,0.978,0.831,0
HET_1,931,1604.2,176.6,264,0.737,0.655,0.863,1
HET_1,932,1609.2,248.1,569,0.391,0.947,0.696,2
HET_1,933,1611.6,2785.4,452,0.492,0.660,0.731,4
HET_1,934,1612.0,2051.9,771,0.779,0.754,0.944,1
HET_1,935,1611.2,2134.5,326,0.916,0.776,0.967,0
HET_1,936,1609.6,1784.1,132,0.726,0.918,0.943,0
HET_1,937,1618.2,2708.4,404,0.478,0.625,0.720,1
HET_1,938,1622.6,19.6,451,0.507,0.934,0.821,1
HET_1,939,1616.0,867.5,595,0.791,0.418,0.921,0
HET_1,940,1616.3,979.1,241,0.711,0.868,0.906,0
HET_1,941,1615.3,2854.5,275,0.762,0.665,0.902,0
HET_1,942,1616.3,1235.0,334,0.769,0.848,0.933,0
HET_1,943,1628.7,1214.8,537,0.373,0.901,0.668,1
HET_1,944,1618.5,2505.1,270,0.908,0.429,0.944,0
HET_1,945,1621.9,44.4,487,0.731,0.813,0.905,0
HET_1,946,1622.2,119.2,467,0.781,0.795,0.942,0
HET_1,947,1631.5,749.3,669,0.662,0.753,0.854,0
HET_1,948,1636.8,129.2,702,0.512,0.926,0.799,0
HET_1,949,1632.8,1709.4,749,0.793,0.830,0.954,0
HET_1,950,1628.0,525.2,165,0.993,0.639,0.982,1
HET_1,951,1628.4,344.6,223,0.445,0.963,0.753,0
HET_1,952,1640.5,968.8,404,0.644,0.901,0.914,1
HET_1,953,1639.8,2622.0,395,0.517,0.953,0.835,0
HET_1,954,1641.5,492.7,821,0.349,0.956,0.713,0
HET_1,955,1637.8,2242.3,327,0.890,0.360,0.945,0
HET_1,956,1638.2,1309.5,303,0.921,0.606,0.950,0
HET_1,957,1638.6,1836.4,216,0.790,0.752,0.943,0
HET_1,958,1648.2,2082.4,503,0.547,0.904,0.817,1
HET_1,959,1644.2,2445.5,379,0.643,0.914,0.892,1
HET_1,960,1639.5,2650.7,242,0.885,0.697,0.960,0
HET_1,961,1636.0,2890.9,106,0.904,0.780,0.938,0
HET_1,962,1662.2,35.3,618,0.425,0.956,0.738,0
HET_1,963,1647.3,887.6,228,0.621,0.935,0.857,1
HET_1,964,1648.7,3006.4,319,0.903,0.537,0.964,1
HET_1,965,1656.3,1954.5,429,0.570,0.894,0.816,1
HET_1,966,1648.0,2158.3,336,0.772,0.760,0.898,2
HET_1,967,1653.8,312.0,767,0.268,0.980,0.605,1
HET_1,968,1651.3,1869.2,422,0.394,0.965,0.707,0
HET_1,969,1659.4,1233.3,290,0.728,0.883,0.906,0
HET_1,970,1665.6,107.0,220,0.627,0.945,0.898,1
HET_1,971,1660.4,569.5,148,0.665,0.938,0.919,0
HET_1,972,1664.9,927.8,305,0.611,0.886,0.876,0
HET_1,973,1667.1,2847.2,364,0.780,0.787,0.919,2
HET_1,974,1675.4,1468.9,434,0.443,0.925,0.673,0
HET_1,975,1663.2,1716.3,161,0.816,0.680,0.925,0
HET_1,976,1666.9,1848.7,200,0.853,0.709,0.939,0
HET_1,977,1668.1,965.3,204,0.740,0.871,0.919,0
HET_1,978,1667.0,2157.2,270,0.682,0.838,0.903,0
HET_1,979,1676.6,2641.5,666,0.469,0.926,0.789,0
HET_1,980,1669.3,363.5,445,0.444,0.971,0.823,0
HET_1,981,1674.0,2524.2,268,0.593,0.809,0.825,2
HET_1,982,1671.4,322.1,190,0.604,0.809,0.815,0
HET_1,983,1682.0,1038.8,269,0.827,0.822,0.941,1
HET_1,984,1688.1,343.0,566,0.684,0.690,0.855,0
HET_1,985,1686.4,210.0,381,0.625,0.818,0.845,1
HET_1,986,1687.5,1364.4,247,0.815,0.570,0.915,1
HET_1,987,1688.5,2308.7,338,0.714,0.617,0.914,2
HET_1,988,1686.2,2424.5,384,0.704,0.899,0.912,0
HET_1,989,1690.2,731.6,316,0.576,0.918,0.829,0
HET_1,990,1684.6,796.2,233,0.604,0.948,0.873,1
HET_1,991,1689.3,2193.4,347,0.790,0.678,0.901,1
HET_1,992,1685.0,2850.0,182,0.655,0.937,0.924,0
HET_1,993,1693.9,490.5,626,0.489,0.705,0.780,1
HET_1,994,1689.3,2254.4,195,0.893,0.753,0.938,0
HET_1,995,1702.5,580.0,936,0.673,0.842,0.875,0
HET_1,996,1694.9,2102.7,297,0.614,0.929,0.920,0
HET_1,997,1695.4,834.4,834,0.399,0.962,0.699,0
HET_1,998,1694.9,1548.6,363,0.547,0.886,0.794,1
HET_1,999,1690.4,2514.2,213,0.788,0.879,0.951,0
HET_1,1000,1694.5,167.5,440,0.394,0.973,0.713,0
HET_1,1001,1690.7,1342.1,217,0.688,0.929,0.943,0
HET_1,1002,1705.6,1388.8,504,0.318,0.914,0.621,1
HET_1,1003,1703.8,1913.7,361,0.424,0.959,0.770,1
HET_1,1004,1704.7,2340.0,555,0.836,0.621,0.945,2
HET_1,1005,1696.5,2890.3,223,0.714,0.887,0.854,0
HET_1,1006,1702.1,200.7,213,0.719,0.912,0.938,1
HET_1,1007,1702.1,750.5,222,0.711,0.845,0.884,2
HET_1,1008,1705.8,2254.1,361,0.765,0.844,0.907,2
HET_1,1009,1701.4,246.8,157,0.667,0.934,0.908,0
HET_1,1010,1716.2,78.4,808,0.777,0.811,0.947,0
HET_1,1011,1706.1,2915.7,170,1.018,0.570,0.971,0
HET_1,1012,1716.3,2664.1,422,0.558,0.674,0.767,1
HET_1,1013,1713.7,886.4,286,0.879,0.643,0.953,0
HET_1,1014,1718.3,654.1,589,0.544,0.901,0.828,2
HET_1,1015,1721.4,1953.3,763,0.404,0.768,0.674,1
HET_1,1016,1721.4,2610.6,450,0.516,0.706,0.735,2
HET_1,1017,1722.6,916.8,537,0.493,0.840,0.760,1
HET_1,1018,1724.2,374.6,781,0.598,0.876,0.892,0
HET_1,1019,1728.9,1987.6,619,0.793,0.732,0.935,0
HET_1,1020,1720.8,2759.0,210,0.858,0.745,0.925,1
HET_1,1021,1723.6,304.0,253,0.936,0.691,0.969,1
HET_1,1022,1726.1,157.9,851,0.344,0.943,0.710,0
HET_1,1023,1727.0,2714.8,273,0.731,0.785,0.892,0
HET_1,1024,1728.8,608.3,326,0.738,0.809,0.893,0
HET_1,1025,1730.5,281.3,213,0.590,0.878,0.813,0
HET_1,1026,1741.7,1759.2,515,0.492,0.942,0.825,0
HET_1,1027,1737.3,2014.4,649,0.641,0.597,0.843,0
HET_1,1028,1734.2,2259.3,421,0.610,0.930,0.900,3
HET_1,1029,1727.4,816.1,136,0.845,0.876,0.938,0
HET_1,1030,1737.7,1354.0,491,0.554,0.690,0.793,0
HET_1,1031,1741.9,1965.1,671,0.685,0.577,0.862,0
HET_1,1032,1735.4,422.5,385,0.659,0.905,0.906,1
HET_1,1033,1735.5,775.3,380,0.440,0.975,0.837,0
HET_1,1034,1746.8,491.2,458,0.650,0.923,0.889,1
HET_1,1035,1741.0,833.6,227,0.656,0.874,0.880,0
HET_1,1036,1755.4,235.7,742,0.476,0.936,0.777,1
HET_1,1037,1739.2,806.0,143,0.768,0.900,0.917,0
HET_1,1038,1746.4,2299.6,365,0.806,0.415,0.917,1
HET_1,1039,1750.1,1798.1,546,0.412,0.877,0.662,1
HET_1,1040,1752.0,754.6,237,0.600,0.910,0.837,0
HET_1,1041,1755.2,1619.3,396,0.629,0.903,0.890,1
HET_1,1042,1747.8,2896.2,203,0.942,0.575,0.962,1
HET_1,1043,1756.5,423.5,411,0.769,0.838,0.936,0
HET_1,1044,1757.3,457.3,278,0.789,0.872,0.952,1
HET_1,1045,1760.8,1724.9,932,0.707,0.870,0.907,0
HET_1,1046,1760.7,2211.7,480,0.542,0.890,0.808,1
HET_1,1047,1756.0,2227.6,157,0.864,0.771,0.935,0
HET_1,1048,1762.6,290.2,373,0.852,0.806,0.964,0
HET_1,1049,1762.6,1584.1,528,0.308,0.943,0.598,1
HET_1,1050,1770.2,593.1,809,0.716,0.716,0.915,0
HET_1,1051,1758.9,2262.4,211,0.550,0.902,0.781,0
HET_1,1052,1766.6,695.1,344,0.525,0.916,0.754,0
HET_1,1053,1763.2,1208.7,234,0.818,0.762,0.921,1
HET_1,1054,1769.0,2383.8,433,0.526,0.891,0.797,1
HET_1,1055,1773.1,386.4,518,0.598,0.805,0.809,1
HET_1,1056,1763.9,2511.4,298,0.616,0.918,0.851,0
HET_1,1057,1769.9,827.0,308,0.551,0.898,0.796,0
HET_1,1058,1771.4,2840.9,307,0.662,0.873,0.843,1
HET_1,1059,1781.6,112.7,725,0.545,0.801,0.776,0
HET_1,1060,1769.7,2416.4,468,0.482,0.946,0.742,0
HET_1,1061,1770.2,2817.8,162,0.662,0.939,0.915,0
HET_1,1062,1782.5,1333.5,1400,0.283,0.963,0.632,0
HET_1,1063,1776.9,328.7,437,0.763,0.834,0.934,0
HET_1,1064,1775.9,2707.0,290,0.627,0.861,0.841,1
HET_1,1065,1775.4,965.9,175,0.766,0.861,0.907,0
HET_1,1066,1792.0,266.0,682,0.655,0.759,0.860,0
HET_1,1067,1789.5,714.6,400,0.738,0.890,0.926,1
HET_1,1068,1780.4,2605.7,174,0.797,0.896,0.951,0
HET_1,1069,1789.0,813.7,363,0.522,0.875,0.805,2
HET_1,1070,1792.8,639.1,252,0.741,0.888,0.933,0
HET_1,1071,1791.8,2676.8,330,0.794,0.882,0.940,0
HET_1,1072,1794.2,2734.0,288,0.801,0.760,0.938,2
HET_1,1073,1800.8,2122.4,659,0.433,0.953,0.757,1
HET_1,1074,1807.8,2599.6,490,0.353,0.854,0.604,2
HET_1,1075,1797.8,680.1,252,0.554,0.892,0.810,0
HET_1,1076,1809.5,1994.7,719,0.789,0.664,0.940,0
HET_1,1077,1801.2,654.3,185,0.814,0.705,0.920,1
HET_1,1078,1813.1,898.1,311,0.649,0.827,0.823,1
HET_1,1079,1814.3,662.7,411,0.824,0.571,0.924,0
HET_1,1080,1820.9,1747.0,574,0.387,0.864,0.653,1
HET_1,1081,1812.2,580.2,515,0.542,0.916,0.833,1
HET_1,1082,1818.7,1218.0,514,0.326,0.890,0.616,1
HET_1,1083,1813.8,1717.2,303,0.873,0.650,0.938,1
HET_1,1084,1814.2,203.3,137,0.974,0.626,0.965,1
HET_1,1085,1820.0,2314.5,686,0.410,0.922,0.681,1
HET_1,1086,1810.4,2681.6,71,1.038,0.674,0.947,0
HET_1,1087,1817.8,239.3,239,0.818,0.612,0.916,0
HET_1,1088,1819.0,367.1,317,0.683,0.799,0.839,1
HET_1,1089,1823.3,320.2,794,0.421,0.959,0.787,1
HET_1,1090,1833.3,2749.2,541,0.700,0.693,0.877,0
HET_1,1091,1821.9,2537.8,204,0.886,0.735,0.940,0
HET_1,1092,1830.3,933.4,485,0.759,0.787,0.922,0
HET_1,1093,1824.5,141.0,210,0.635,0.906,0.840,0
HET_1,1094,1826.9,1253.0,301,0.712,0.888,0.883,0
HET_1,1095,1829.0,2383.6,287,0.896,0.428,0.941,0
HET_1,1096,1852.4,111.7,633,0.366,0.951,0.737,1
HET_1,1097,1837.6,246.8,554,0.602,0.880,0.817,1
HET_1,1098,1833.3,1042.7,350,0.556,0.936,0.816,1
HET_1,1099,1827.9,1799.4,372,0.692,0.904,0.932,0
HET_1,1100,1827.2,2165.4,179,0.886,0.663,0.927,0
HET_1,1101,1839.2,397.6,751,0.367,0.758,0.627,0
HET_1,1102,1839.6,601.3,493,0.400,0.932,0.662,0
HET_1,1103,1827.5,744.7,210,0.668,0.934,0.913,0
HET_1,1104,1832.0,1719.4,272,0.812,0.755,0.941,0
HET_1,1105,1839.2,504.2,353,0.451,0.946,0.761,1
HET_1,1106,1831.0,907.8,181,0.697,0.884,0.862,0
HET_1,1107,1840.3,1786.0,317,0.713,0.850,0.903,1
HET_1,1108,1844.7,755.4,414,0.551,0.953,0.821,0
HET_1,1109,1843.8,2544.8,478,0.578,0.528,0.837,3
HET_1,1110,1849.1,289.1,781,0.582,0.903,0.861,0
HET_1,1111,1849.1,469.0,640,0.799,0.425,0.941,0
HET_1,1112,1853.9,2358.3,413,0.615,0.910,0.875,0
HET_1,1113,1853.7,2484.7,282,0.821,0.837,0.940,1
HET_1,1114,1852.8,719.7,185,0.638,0.930,0.873,0
HET_1,1115,1856.2,1716.8,228,0.797,0.769,0.916,2
HET_1,1116,1881.4,867.1,1029,0.634,0.907,0.901,0
HET_1,1117,1873.1,1692.3,1349,0.520,0.763,0.866,0
HET_1,1118,1870.7,2249.2,420,0.730,0.808,0.899,1
HET_1,1119,1882.7,1410.9,739,0.289,0.946,0.578,1
HET_1,1120,1867.7,2052.2,293,0.597,0.928,0.875,1
HET_1,1121,1871.1,2130.5,205,0.761,0.846,0.903,2
HET_1,1122,1872.3,2027.9,245,0.726,0.827,0.888,2
HET_1,1123,1871.8,2792.4,234,0.948,0.583,0.955,1
HET_1,1124,1881.9,559.1,520,0.420,0.955,0.819,0
HET_1,1125,1894.2,2398.0,1517,0.725,0.648,0.918,0
HET_1,1126,1879.4,2562.9,323,0.540,0.928,0.790,1
HET_1,1127,1876.9,2720.3,193,0.849,0.836,0.937,0
HET_1,1128,1881.8,2756.4,259,0.715,0.895,0.893,1
HET_1,1129,1887.5,1199.0,551,0.355,0.840,0.700,3
HET_1,1130,1880.2,2181.0,285,0.830,0.760,0.934,0
HET_1,1131,1877.6,2420.5,126,0.848,0.804,0.926,0
HET_1,1132,1888.7,135.6,319,0.486,0.963,0.848,0
HET_1,1133,1886.0,2108.6,399,0.280,0.737,0.508,0
HET_1,1134,1894.6,2151.2,418,0.437,0.953,0.760,0
HET_1,1135,1889.5,2685.5,292,0.650,0.876,0.890,1
HET_1,1136,1888.0,1941.3,321,0.630,0.855,0.840,1
HET_1,1137,1891.0,2032.5,273,0.544,0.676,0.758,0
HET_1,1138,1901.6,781.9,574,0.447,0.958,0.769,0
HET_1,1139,1893.9,345.3,361,0.522,0.949,0.808,3
HET_1,1140,1889.1,2230.2,202,0.610,0.927,0.815,0
HET_1,1141,1893.9,2729.4,294,0.820,0.866,0.961,2
HET_1,1142,1900.3,2423.3,289,0.792,0.751,0.926,2
HET_1,1143,1904.2,565.4,252,0.795,0.822,0.926,1
HET_1,1144,1902.6,317.5,363,0.588,0.947,0.883,0
HET_1,1145,1911.2,2626.3,328,0.771,0.886,0.956,2
HET_1,1146,1916.2,170.4,624,0.477,0.920,0.768,1
HET_1,1147,1916.9,2452.5,706,0.766,0.782,0.929,0
HET_1,1148,1910.1,2536.8,360,0.814,0.705,0.952,0
HET_1,1149,1917.8,15.1,369,0.755,0.878,0.969,0
HET_1,1150,1911.5,2036.2,180,0.874,0.769,0.928,0
HET_1,1151,1922.6,1804.2,527,0.403,0.931,0.766,0
HET_1,1152,1913.8,1185.6,176,0.843,0.820,0.941,0
HET_1,1153,1920.8,2770.2,376,0.650,0.904,0.870,0
HET_1,1154,1924.6,683.7,341,0.608,0.840,0.818,0
HET_1,1155,1931.6,943.2,488,0.664,0.847,0.882,1
HET_1,1156,1938.2,639.2,758,0.346,0.951,0.646,0
HET_1,1157,1936.7,2716.4,352,0.339,0.983,0.694,0
HET_1,1158,1931.9,1015.9,454,0.435,0.952,0.719,4
HET_1,1159,1933.1,2676.9,297,0.698,0.905,0.917,1
HET_1,1160,1932.4,707.7,342,0.718,0.830,0.919,1
HET_1,1161,1934.9,1672.8,230,0.712,0.883,0.909,1
HET_1,1162,1943.1,2615.9,382,0.393,0.886,0.660,0
HET_1,1163,1943.1,2252.4,841,0.689,0.715,0.887,0
HET_1,1164,1940.0,2318.1,685,0.378,0.613,0.662,1
HET_1,1165,1945.5,2820.1,426,0.520,0.913,0.816,1
HET_1,1166,1943.1,1556.6,575,0.730,0.668,0.886,3
HET_1,1167,1945.0,1437.9,408,0.501,0.644,0.789,1
HET_1,1168,1965.7,346.4,861,0.434,0.927,0.703,2
HET_1,1169,1952.8,245.4,489,0.554,0.945,0.837,1
HET_1,1170,1940.9,1765.6,283,0.636,0.926,0.863,0
HET_1,1171,1948.5,2362.1,367,0.773,0.797,0.920,1
HET_1,1172,1948.2,490.9,594,0.456,0.944,0.724,1
HET_1,1173,1960.7,1615.6,1074,0.539,0.775,0.779,0
HET_1,1174,1957.8,191.2,246,0.601,0.935,0.854,0
HET_1,1175,1952.5,322.4,314,0.820,0.548,0.926,0
HET_1,1176,1953.8,2575.5,269,0.670,0.923,0.928,1
HET_1,1177,1967.9,421.6,945,0.325,0.843,0.596,0
HET_1,1178,1968.6,2233.6,1241,0.452,0.806,0.815,0
HET_1,1179,1962.1,2648.0,543,0.477,0.910,0.765,1
HET_1,1180,1952.0,2696.7,444,0.514,0.967,0.908,0
HET_1,1181,1954.2,1672.4,213,0.966,0.606,0.959,0
HET_1,1182,1969.6,2175.2,538,0.514,0.872,0.748,1
HET_1,1183,1962.7,2138.6,515,0.590,0.924,0.858,2
HET_1,1184,1964.2,2558.6,237,0.675,0.916,0.922,0
HET_1,1185,1969.9,1167.2,520,0.607,0.597,0.815,1
HET_1,1186,1969.7,2053.1,560,0.680,0.886,0.927,2
HET_1,1187,1967.1,1979.2,116,0.948,0.749,0.943,0
HET_1,1188,1977.6,314.6,653,0.667,0.652,0.856,0
HET_1,1189,1986.9,2089.7,551,0.368,0.981,0.849,1
HET_1,1190,1973.6,859.5,242,0.972,0.337,0.964,1
HET_1,1191,1983.0,2767.4,827,0.471,0.864,0.703,0
HET_1,1192,1974.9,2372.1,403,0.892,0.674,0.962,0
HET_1,1193,1977.3,2324.8,231,0.763,0.671,0.917,1
HET_1,1194,1974.4,2727.9,151,0.953,0.725,0.962,0
HET_1,1195,1979.8,726.9,378,0.563,0.824,0.786,1
HET_1,1196,1977.4,887.6,253,0.567,0.953,0.866,1
HET_1,1197,1981.3,2674.3,325,0.704,0.865,0.915,1
HET_1,1198,1980.0,2835.5,429,0.536,0.920,0.823,2
HET_1,1199,1980.1,1665.0,379,0.404,0.972,0.769,0
HET_1,1200,1987.9,1583.0,402,0.454,0.960,0.907,1
HET_1,1201,1978.4,2634.8,151,0.783,0.902,0.926,0
HET_1,1202,1995.6,776.9,473,0.770,0.633,0.933,1
HET_1,1203,1986.5,2024.4,456,0.473,0.931,0.734,0
HET_1,1204,1996.5,298.4,286,0.677,0.928,0.929,1
HET_1,1205,1995.0,1686.3,279,0.667,0.876,0.889,1
HET_1,1206,1996.3,1997.2,528,0.683,0.693,0.863,1
HET_1,1207,1992.1,624.8,243,0.685,0.866,0.890,0
HET_1,1208,1991.3,1974.6,130,0.875,0.848,0.942,0
HET_1,1209,1997.0,452.5,213,0.988,0.276,0.959,0
HET_1,1210,2008.2,476.6,421,0.488,0.913,0.781,2
HET_1,1211,1996.6,2516.6,307,0.695,0.806,0.860,1
HET_1,1212,1996.8,2717.1,255,0.682,0.874,0.847,1
HET_1,1213,2005.2,2335.1,584,0.442,0.959,0.823,0
HET_1,1214,2002.9,2658.3,163,0.766,0.870,0.911,0
HET_1,1215,2013.1,2813.9,561,0.527,0.836,0.779,0
HET_1,1216,2010.6,626.4,342,0.627,0.911,0.877,0
HET_1,1217,2011.4,2226.4,508,0.876,0.700,0.958,0
HET_1,1218,2005.8,2557.8,225,0.538,0.929,0.840,0
HET_1,1219,2007.7,2698.2,256,0.632,0.868,0.815,0
HET_1,1220,2013.1,197.4,276,0.894,0.669,0.948,1
HET_1,1221,2021.8,276.1,416,0.881,0.382,0.931,1
HET_1,1222,2030.0,2732.2,347,0.484,0.896,0.768,0
HET_1,1223,2029.3,631.2,304,0.840,0.838,0.944,1
HET_1,1224,2026.8,1572.7,346,0.868,0.612,0.948,1
HET_1,1225,2034.9,2066.1,393,0.474,0.912,0.703,0
HET_1,1226,2029.7,2690.9,253,0.764,0.842,0.913,0
HET_1,1227,2029.4,2392.1,290,0.768,0.628,0.890,0
HET_1,1228,2035.8,2147.8,467,0.749,0.795,0.917,0
HET_1,1229,2033.7,2470.4,325,0.735,0.794,0.898,0
HET_1,1230,2037.4,434.5,295,0.817,0.805,0.955,0
HET_1,1231,2051.8,1242.6,613,0.418,0.936,0.688,1
HET_1,1232,2044.5,289.9,501,0.729,0.769,0.913,0
HET_1,1233,2044.0,369.4,302,0.646,0.910,0.896,1
HET_1,1234,2043.5,1557.1,376,0.778,0.675,0.910,0
HET_1,1235,2043.1,2399.5,381,0.657,0.870,0.854,3
HET_1,1236,2043.8,2653.5,140,0.907,0.767,0.940,0
HET_1,1237,2042.8,2047.0,141,0.949,0.622,0.940,0
HET_1,1238,2048.3,668.7,281,0.628,0.936,0.889,0
HET_1,1239,2053.7,74.9,539,0.769,0.649,0.920,0
HET_1,1240,2056.3,2802.7,567,0.531,0.795,0.786,0
HET_1,1241,2056.2,1948.2,468,0.650,0.866,0.903,2
HET_1,1242,2055.5,2138.0,326,0.704,0.640,0.883,1
HET_1,1243,2066.2,19.0,515,0.602,0.951,0.933,1
HET_1,1244,2059.6,2739.9,453,0.574,0.759,0.818,0
HET_1,1245,2069.6,1996.6,545,0.484,0.935,0.812,0
HET_1,1246,2057.6,776.1,416,0.639,0.909,0.879,1
HET_1,1247,2054.7,2591.6,255,0.485,0.973,0.825,1
HET_1,1248,2072.3,367.0,318,0.501,0.961,0.824,0
HET_1,1249,2056.6,1326.3,152,0.601,0.956,0.938,0
HET_1,1250,2068.0,1566.1,484,0.443,0.901,0.714,1
HET_1,1251,2064.4,2561.5,287,0.540,0.960,0.905,0
HET_1,1252,2065.1,304.7,207,0.762,0.892,0.932,0
HET_1,1253,2071.8,1430.6,346,0.761,0.788,0.918,0
HET_1,1254,2077.6,2066.0,638,0.586,0.818,0.843,0
HET_1,1255,2066.8,511.1,276,0.473,0.922,0.688,0
HET_1,1256,2072.7,1355.0,305,0.935,0.494,0.953,0
HET_1,1257,2072.8,57.6,115,0.851,0.656,0.898,0
HET_1,1258,2081.2,1817.8,271,0.647,0.906,0.858,0
HET_1,1259,2076.3,1333.9,241,0.735,0.862,0.909,1
HET_1,1260,2080.1,2481.9,322,0.640,0.931,0.907,2
HET_1,1261,2087.0,537.4,448,0.329,0.877,0.598,2
HET_1,1262,2084.1,847.9,500,0.589,0.531,0.800,3
HET_1,1263,2079.8,2145.7,181,0.643,0.930,0.883,0
HET_1,1264,2086.1,1157.4,360,0.482,0.939,0.816,1
HET_1,1265,2085.2,971.3,267,0.913,0.725,0.967,1
HET_1,1266,2099.2,340.6,998,0.636,0.822,0.875,0
HET_1,1267,2085.9,751.9,180,0.809,0.865,0.933,0
HET_1,1268,2100.8,1523.8,696,0.717,0.785,0.932,0
HET_1,1269,2103.8,2561.3,649,0.290,0.931,0.575,2
HET_1,1270,2102.2,696.8,559,0.445,0.955,0.768,1
HET_1,1271,2095.0,2041.1,177,0.941,0.711,0.947,0
HET_1,1272,2101.1,2808.6,294,0.571,0.936,0.838,1
HET_1,1273,2107.7,363.1,176,0.626,0.931,0.889,0
HET_1,1274,2103.8,1570.5,140,0.874,0.844,0.946,0
HET_1,1275,2112.5,1465.8,877,0.614,0.889,0.895,0
HET_1,1276,2107.6,1882.7,272,0.687,0.899,0.907,1
HET_1,1277,2115.7,2243.7,577,0.634,0.607,0.873,0
HET_1,1278,2117.6,228.3,202,0.501,0.955,0.871,1
HET_1,1279,2113.6,1127.6,207,0.788,0.869,0.941,0
HET_1,1280,2114.9,1865.6,391,0.497,0.863,0.756,0
HET_1,1281,2110.8,554.1,294,0.469,0.971,0.784,0
HET_1,1282,2129.8,1061.0,387,0.414,0.970,0.776,0
HET_1,1283,2123.1,408.2,445,0.495,0.872,0.750,1
HET_1,1284,2125.4,2424.5,1080,0.779,0.740,0.953,0
HET_1,1285,2123.5,276.2,294,0.578,0.919,0.838,0
HET_1,1286,2118.1,2767.1,256,0.834,0.731,0.918,1
HET_1,1287,2120.5,1593.7,137,0.888,0.683,0.972,0
HET_1,1288,2126.1,1519.0,191,0.596,0.940,0.841,0
HET_1,1289,2130.2,2810.4,260,0.501,0.898,0.781,2
HET_1,1290,2126.9,359.4,346,0.785,0.743,0.933,2
HET_1,1291,2134.3,1306.2,513,0.728,0.839,0.929,0
HET_1,1292,2132.2,1682.9,448,0.810,0.530,0.928,0
HET_1,1293,2127.8,2620.4,162,0.664,0.929,0.905,0
HET_1,1294,2145.9,1941.7,581,0.484,0.952,0.787,0
HET_1,1295,2146.2,423.6,462,0.457,0.963,0.828,3
HET_1,1296,2133.9,1751.6,309,0.518,0.931,0.833,1
HET_1,1297,2150.6,1543.7,512,0.375,0.970,0.747,0
HET_1,1298,2138.1,1874.9,296,0.599,0.937,0.853,0
HET_1,1299,2133.3,2579.7,315,0.697,0.787,0.847,1
HET_1,1300,2131.5,579.9,212,0.566,0.953,0.841,0
HET_1,1301,2134.8,682.1,170,1.008,0.636,0.971,0
HET_1,1302,2142.5,2788.4,424,0.807,0.807,0.932,0
HET_1,1303,2145.3,359.6,542,0.534,0.830,0.787,2
HET_1,1304,2147.4,296.3,388,0.606,0.912,0.851,1
HET_1,1305,2147.6,2007.6,368,0.725,0.846,0.922,1
HET_1,1306,2147.0,624.6,275,0.522,0.946,0.802,1
HET_1,1307,2148.5,1735.1,177,0.954,0.539,0.957,1
HET_1,1308,2156.0,17.2,242,0.775,0.887,0.949,0
HET_1,1309,2154.5,884.6,411,0.752,0.890,0.949,0
HET_1,1310,2152.3,2330.4,184,0.955,0.438,0.948,1
HET_1,1311,2170.3,441.3,1075,0.641,0.817,0.874,0
HET_1,1312,2156.6,2796.4,238,0.751,0.851,0.908,1
HET_1,1313,2157.1,344.2,183,0.616,0.943,0.906,0
HET_1,1314,2160.8,1390.4,197,0.683,0.872,0.864,1
HET_1,1315,2166.2,410.1,187,0.984,0.444,0.959,1
HET_1,1316,2171.8,783.6,492,0.625,0.807,0.834,2
HET_1,1317,2167.0,1921.9,172,0.980,0.561,0.977,0
HET_1,1318,2172.2,308.1,340,0.853,0.665,0.926,1
HET_1,1319,2180.0,1008.3,599,0.330,0.976,0.730,3
HET_1,1320,2167.8,702.6,315,0.722,0.914,0.955,2
HET_1,1321,2181.8,2122.4,368,0.506,0.947,0.816,2
HET_1,1322,2174.9,1308.5,311,0.936,0.447,0.960,2
HET_1,1323,2172.9,1835.2,166,0.616,0.946,0.883,0
HET_1,1324,2179.9,541.4,280,0.682,0.898,0.864,2
HET_1,1325,2179.2,1856.5,438,0.620,0.587,0.852,2
HET_1,1326,2184.7,1526.2,440,0.634,0.891,0.826,2
HET_1,1327,2188.2,1323.5,334,0.638,0.800,0.843,1
HET_1,1328,2182.6,2449.8,207,0.872,0.772,0.941,1
HET_1,1329,2191.5,1107.9,752,0.686,0.714,0.908,0
HET_1,1330,2195.1,1384.6,609,0.454,0.536,0.714,1
HET_1,1331,2190.1,1618.9,347,0.588,0.671,0.796,1
HET_1,1332,2202.5,47.9,587,0.537,0.898,0.854,0
HET_1,1333,2197.9,1957.8,350,0.551,0.919,0.862,0
HET_1,1334,2200.7,1127.4,412,0.745,0.622,0.894,1
HET_1,1335,2198.1,1881.2,462,0.524,0.932,0.806,2
HET_1,1336,2197.4,2686.9,390,0.804,0.716,0.933,3
HET_1,1337,2199.5,2448.4,246,0.577,0.889,0.815,0
HET_1,1338,2206.5,2748.5,1142,0.637,0.747,0.872,0
HET_1,1339,2206.2,380.1,324,0.653,0.847,0.837,2
HET_1,1340,2209.7,1917.3,334,0.506,0.864,0.729,0
HET_1,1341,2206.9,2281.1,377,0.867,0.584,0.945,1
HET_1,1342,2209.8,2565.7,471,0.664,0.835,0.884,0
HET_1,1343,2217.2,1615.7,496,0.579,0.905,0.829,1
HET_1,1344,2224.2,2044.4,521,0.439,0.962,0.749,1
HET_1,1345,2221.4,1401.4,380,0.700,0.899,0.931,0
HET_1,1346,2216.6,1497.2,186,0.786,0.888,0.949,0
HET_1,1347,2231.7,342.7,542,0.424,0.961,0.794,1
HET_1,1348,2235.9,1479.1,832,0.532,0.835,0.763,2
HET_1,1349,2228.1,2389.3,193,0.779,0.718,0.915,1
HET_1,1350,2235.8,460.3,403,0.794,0.849,0.931,0
HET_1,1351,2226.5,2713.1,99,0.318,0.931,0.688,0
HET_1,1352,2244.2,2252.3,551,0.457,0.930,0.751,1
HET_1,1353,2236.4,1180.9,448,0.636,0.855,0.880,0
HET_1,1354,2239.1,2736.6,345,0.830,0.698,0.943,0
HET_1,1355,2253.8,426.2,648,0.440,0.916,0.812,0
HET_1,1356,2245.8,1788.5,405,0.771,0.722,0.938,0
HET_1,1357,2239.2,1149.4,359,0.635,0.934,0.865,0
HET_1,1358,2242.7,723.9,227,0.779,0.842,0.904,0
HET_1,1359,2252.1,2402.5,433,0.470,0.956,0.817,0
HET_1,1360,2252.3,1193.9,359,0.651,0.921,0.907,0
HET_1,1361,2246.5,2305.0,365,0.762,0.786,0.886,2
HET_1,1362,2251.7,1707.8,312,0.676,0.641,0.850,2
HET_1,1363,2272.8,1042.8,953,0.483,0.688,0.755,0
HET_1,1364,2260.7,2292.2,238,0.745,0.896,0.926,0
HET_1,1365,2267.0,1778.2,270,0.625,0.937,0.897,2
HET_1,1366,2278.0,1364.1,1045,0.391,0.933,0.694,3
HET_1,1367,2259.4,1569.0,121,0.932,0.633,0.931,0
HET_1,1368,2266.9,1551.8,198,0.852,0.672,0.934,0
HET_1,1369,2267.3,2159.0,448,0.630,0.765,0.896,2
HET_1,1370,2287.5,1164.3,1542,0.659,0.785,0.884,3
HET_1,1371,2278.2,451.0,594,0.799,0.805,0.950,0
HET_1,1372,2269.2,1791.0,214,0.869,0.670,0.911,0
HET_1,1373,2279.8,1095.6,766,0.883,0.488,0.955,0
HET_1,1374,2287.8,1886.4,625,0.504,0.871,0.754,1
HET_1,1375,2292.9,2081.5,617,0.427,0.915,0.686,1
HET_1,1376,2282.2,1557.7,345,0.684,0.614,0.841,0
HET_1,1377,2276.5,2274.5,173,0.898,0.774,0.956,0
HET_1,1378,2280.6,1533.0,152,0.819,0.872,0.944,0
HET_1,1379,2283.5,502.6,51,0.394,0.959,0.226,3
HET_1,1380,2292.9,660.9,469,0.600,0.810,0.821,0
HET_1,1381,2287.1,2625.2,311,0.578,0.753,0.787,3
HET_1,1382,2288.7,978.1,859,0.614,0.866,0.845,0
HET_1,1383,2286.4,400.8,459,0.495,0.956,0.839,0
HET_1,1384,2292.9,2009.0,752,0.545,0.902,0.847,4
HET_1,1385,2288.0,2293.8,279,0.928,0.546,0.959,0
HET_1,1386,2286.9,608.6,213,0.811,0.790,0.926,1
HET_1,1387,2290.7,1842.4,540,0.603,0.878,0.857,1
HET_1,1388,2297.3,2219.7,387,0.675,0.796,0.856,0
HET_1,1389,2297.2,2684.3,273,0.846,0.725,0.925,0
HET_1,1390,2300.0,1490.2,371,0.650,0.601,0.826,0
HET_1,1391,2292.3,2667.8,242,0.827,0.817,0.938,2
HET_1,1392,2306.3,1181.9,559,0.842,0.685,0.956,0
HET_1,1393,2301.0,532.5,331,0.695,0.825,0.878,1
HET_1,1394,2303.7,1100.8,448,0.852,0.425,0.937,1
HET_1,1395,2299.3,412.1,82,1.067,0.463,0.988,1
HET_1,1396,2306.1,2592.7,185,0.944,0.257,0.939,1
HET_1,1397,2306.9,1690.9,169,0.798,0.852,0.934,2
HET_1,1398,2312.0,1468.9,487,0.787,0.743,0.924,1
HET_1,1399,2319.5,1614.6,392,0.592,0.902,0.789,1
HET_1,1400,2313.9,2295.7,522,0.592,0.897,0.846,0
HET_1,1401,2317.0,1406.4,322,0.813,0.811,0.944,1
HET_1,1402,2315.6,799.8,354,0.711,0.892,0.910,2
HET_1,1403,2331.1,1723.6,519,0.532,0.888,0.796,2
HET_1,1404,2316.9,2264.7,164,0.863,0.669,0.953,0
HET_1,1405,2323.4,361.8,263,0.794,0.829,0.926,2
HET_1,1406,2328.0,1640.0,470,0.724,0.762,0.904,0
HET_1,1407,2323.0,2213.0,305,0.860,0.645,0.950,3
HET_1,1408,2327.0,824.0,447,0.754,0.809,0.920,0
HET_1,1409,2324.2,33.9,282,0.762,0.849,0.925,0
HET_1,1410,2325.6,693.5,193,0.722,0.930,0.937,0
HET_1,1411,2343.8,1063.9,1132,0.330,0.977,0.711,0
HET_1,1412,2326.9,1695.0,361,0.888,0.689,0.965,0
HET_1,1413,2330.6,2392.0,358,0.673,0.921,0.918,2
HET_1,1414,2322.7,1834.1,93,0.956,0.784,0.969,0
HET_1,1415,2336.8,1210.0,463,0.585,0.840,0.874,0
HET_1,1416,2334.0,1661.2,371,0.624,0.911,0.881,0
HET_1,1417,2327.8,2074.4,282,0.685,0.866,0.873,0
HET_1,1418,2338.9,2199.5,507,0.570,0.796,0.793,0
HET_1,1419,2336.6,2484.0,264,0.631,0.730,0.798,0
HET_1,1420,2343.1,1391.7,732,0.495,0.895,0.777,0
HET_1,1421,2346.7,871.7,345,0.554,0.921,0.825,0
HET_1,1422,2343.1,1949.7,649,0.917,0.559,0.966,0
HET_1,1423,2362.5,1916.5,521,0.408,0.970,0.718,1
HET_1,1424,2349.4,343.8,248,0.840,0.746,0.939,0
HET_1,1425,2352.3,2583.5,367,0.544,0.935,0.870,2
HET_1,1426,2364.2,1633.7,828,0.397,0.917,0.687,0
HET_1,1427,2355.8,2406.9,505,0.843,0.705,0.944,0
HET_1,1428,2355.4,2504.4,400,0.542,0.944,0.815,2
HET_1,1429,2351.3,300.8,261,0.855,0.772,0.942,0
HET_1,1430,2355.0,1262.0,211,0.494,0.964,0.834,0
HET_1,1431,2353.2,1292.6,286,0.629,0.910,0.877,1
HET_1,1432,2360.3,1196.9,479,0.638,0.816,0.823,4
HET_1,1433,2354.8,183.3,339,0.956,0.550,0.969,0
HET_1,1434,2359.0,1544.2,708,0.855,0.654,0.966,0
HET_1,1435,2378.7,644.9,817,0.337,0.971,0.667,2
HET_1,1436,2364.3,1442.9,205,0.874,0.690,0.923,0
HET_1,1437,2367.5,995.4,200,0.787,0.852,0.935,1
HET_1,1438,2370.4,2252.9,377,0.565,0.771,0.785,1
HET_1,1439,2376.6,1320.1,431,0.644,0.900,0.883,2
HET_1,1440,2376.5,1557.7,462,0.788,0.396,0.931,0
HET_1,1441,2371.7,1736.1,427,0.801,0.776,0.920,0
HET_1,1442,2367.1,2566.0,217,0.472,0.962,0.828,0
HET_1,1443,2384.1,703.7,791,0.320,0.943,0.573,0
HET_1,1444,2377.5,611.5,471,0.767,0.732,0.906,1
HET_1,1445,2385.2,1442.4,550,0.657,0.820,0.884,1
HET_1,1446,2382.7,2110.8,249,0.644,0.926,0.889,1
HET_1,1447,2382.2,513.4,615,0.578,0.864,0.836,0
HET_1,1448,2389.7,853.6,625,0.371,0.983,0.807,0
HET_1,1449,2391.3,2017.0,688,0.686,0.532,0.888,0
HET_1,1450,2384.2,481.8,307,0.620,0.913,0.895,1
HET_1,1451,2383.8,68.5,218,0.797,0.870,0.948,0
HET_1,1452,2391.9,980.7,340,0.427,0.968,0.804,0
HET_1,1453,2396.6,1919.2,375,0.531,0.861,0.762,0
HET_1,1454,2399.0,1599.7,260,0.865,0.499,0.942,1
HET_1,1455,2412.5,2379.1,418,0.508,0.961,0.887,3
HET_1,1456,2403.8,387.7,327,0.735,0.819,0.867,2
HET_1,1457,2401.1,338.6,202,0.712,0.873,0.914,0
HET_1,1458,2402.2,1706.6,182,0.765,0.879,0.919,0
HET_1,1459,2411.4,1168.9,544,0.634,0.785,0.840,1
HET_1,1460,2410.8,1661.3,429,0.761,0.786,0.921,1
HET_1,1461,2415.1,880.4,540,0.497,0.796,0.775,1
HET_1,1462,2406.5,1436.6,162,0.877,0.744,0.926,0
HET_1,1463,2414.3,606.1,479,0.601,0.711,0.826,1
HET_1,1464,2419.4,1098.7,789,0.779,0.390,0.922,0
HET_1,1465,2415.3,2319.6,190,0.665,0.915,0.888,0
HET_1,1466,2421.5,969.3,893,0.684,0.901,0.942,0
HET_1,1467,2417.2,1604.2,462,0.706,0.466,0.872,0
HET_1,1468,2420.5,1717.6,509,0.649,0.870,0.893,1
HET_1,1469,2431.1,507.9,677,0.384,0.879,0.643,1
HET_1,1470,2430.6,723.0,518,0.669,0.470,0.846,1
HET_1,1471,2422.0,2186.1,451,0.639,0.922,0.911,0
HET_1,1472,2432.4,2417.5,489,0.436,0.971,0.795,2
HET_1,1473,2422.9,1740.1,166,0.913,0.593,0.943,0
HET_1,1474,2431.8,747.0,466,0.808,0.463,0.930,0
HET_1,1475,2429.2,2491.4,470,0.550,0.957,0.880,1
HET_1,1476,2450.1,470.6,767,0.457,0.907,0.852,0
HET_1,1477,2435.9,1246.8,198,0.811,0.809,0.921,1
HET_1,1478,2441.8,600.5,754,0.437,0.838,0.699,1
HET_1,1479,2440.1,1544.0,136,0.713,0.912,0.913,0
HET_1,1480,2446.4,1951.2,390,0.711,0.792,0.920,2
HET_1,1481,2440.8,2198.5,317,0.542,0.962,0.906,0
HET_1,1482,2449.1,415.5,499,0.720,0.787,0.916,1
HET_1,1483,2454.1,2342.5,419,0.559,0.880,0.807,1
HET_1,1484,2452.9,2248.3,254,0.855,0.751,0.951,1
HET_1,1485,2458.3,175.5,294,0.738,0.534,0.878,1
HET_1,1486,2458.0,1132.6,518,0.677,0.903,0.907,0
HET_1,1487,2473.0,985.2,640,0.549,0.927,0.860,0
HET_1,1488,2470.6,2370.1,1130,0.461,0.794,0.873,0
HET_1,1489,2460.3,1285.0,153,0.991,0.609,0.962,0
HET_1,1490,2471.2,1856.6,184,0.827,0.730,0.925,1
HET_1,1491,2492.6,434.6,703,0.387,0.965,0.781,1
HET_1,1492,2482.0,1363.4,1119,0.750,0.766,0.914,0
HET_1,1493,2486.4,757.7,655,0.439,0.757,0.687,1
HET_1,1494,2480.2,2156.6,265,0.633,0.923,0.828,0
HET_1,1495,2475.3,1237.7,317,0.770,0.833,0.938,0
HET_1,1496,2495.9,1272.3,553,0.416,0.973,0.761,0
HET_1,1497,2479.1,2313.0,231,0.882,0.712,0.939,1
HET_1,1498,2484.6,1507.3,421,0.669,0.859,0.875,1
HET_1,1499,2488.8,1643.6,577,0.362,0.758,0.702,1
HET_1,1500,2488.9,2048.6,349,0.481,0.970,0.849,2
HET_1,1501,2501.3,1406.7,829,0.372,0.919,0.690,1
HET_1,1502,2496.3,1711.9,619,0.310,0.908,0.612,1
HET_1,1503,2492.9,2177.9,583,0.481,0.424,0.787,2
HET_1,1504,2498.2,643.1,584,0.477,0.917,0.787,0
HET_1,1505,2480.5,571.0,265,0.402,0.982,0.855,0
HET_1,1506,2499.5,378.0,677,0.609,0.742,0.824,0
HET_1,1507,2497.1,487.7,288,0.555,0.952,0.865,0
HET_1,1508,2493.2,2100.9,464,0.470,0.868,0.711,1
HET_1,1509,2502.0,544.4,740,0.677,0.702,0.864,0
HET_1,1510,2496.2,1054.6,472,0.516,0.905,0.807,1
HET_1,1511,2496.6,1016.9,209,0.865,0.829,0.946,0
HET_1,1512,2508.6,833.7,697,0.410,0.790,0.741,0
HET_1,1513,2507.4,1788.9,325,0.719,0.881,0.908,2
HET_1,1514,2511.0,1457.2,493,0.762,0.745,0.916,1
HET_1,1515,2520.6,1088.6,448,0.467,0.938,0.737,0
HET_1,1516,2520.9,1842.3,1363,0.776,0.688,0.930,0
HET_1,1517,2508.4,950.6,287,0.652,0.820,0.854,1
HET_1,1518,2518.1,1524.3,395,0.728,0.790,0.900,2
HET_1,1519,2515.4,235.5,314,0.682,0.929,0.908,0
HET_1,1520,2519.2,801.9,683,0.415,0.927,0.739,0
HET_1,1521,2517.4,2033.9,527,0.330,0.890,0.637,0
HET_1,1522,2532.7,1817.4,753,0.605,0.635,0.868,0
HET_1,1523,2531.7,1114.7,449,0.391,0.968,0.736,0
HET_1,1524,2532.6,709.7,575,0.388,0.968,0.739,1
HET_1,1525,2523.6,1250.5,524,0.548,0.948,0.908,3
HET_1,1526,2529.2,381.6,305,0.802,0.864,0.938,0
HET_1,1527,2534.5,540.7,572,0.576,0.907,0.849,2
HET_1,1528,2532.3,769.3,254,0.527,0.938,0.814,0
HET_1,1529,2535.8,2229.0,493,0.615,0.911,0.896,0
HET_1,1530,2524.3,1210.8,139,0.901,0.824,0.946,0
HET_1,1531,2525.2,521.9,163,0.915,0.603,0.937,0
HET_1,1532,2534.0,1172.1,456,0.509,0.927,0.766,0
HET_1,1533,2533.3,2253.6,492,0.788,0.714,0.925,0
HET_1,1534,2540.2,2272.7,700,0.718,0.822,0.903,0
HET_1,1535,2535.4,1296.1,379,0.643,0.919,0.883,0
HET_1,1536,2549.7,574.4,726,0.685,0.792,0.913,0
HET_1,1537,2538.5,255.0,208,0.850,0.793,0.933,1
HET_1,1538,2545.5,2153.1,478,0.494,0.892,0.764,1
HET_1,1539,2547.2,1855.8,420,0.750,0.836,0.923,0
HET_1,1540,2539.1,726.5,138,0.599,0.956,0.857,0
HET_1,1541,2552.8,896.5,285,0.604,0.909,0.874,0
HET_1,1542,2543.9,1061.1,123,0.837,0.885,0.939,0
HET_1,1543,2549.4,1090.8,338,0.665,0.877,0.878,3
HET_1,1544,2547.0,2179.6,163,0.740,0.908,0.931,1
HET_1,1545,2560.3,1206.8,556,0.480,0.865,0.759,0
HET_1,1546,2561.4,196.5,433,0.705,0.466,0.902,0
HET_1,1547,2558.5,1326.3,227,0.947,0.633,0.962,0
HET_1,1548,2573.6,1423.9,635,0.445,0.247,0.745,2
HET_1,1549,2572.6,2020.8,933,0.578,0.690,0.813,1
HET_1,1550,2570.5,1506.8,325,0.782,0.762,0.929,1
HET_1,1551,2565.4,1698.5,209,0.677,0.904,0.886,1
HET_1,1552,2568.2,2137.2,242,0.593,0.784,0.786,1
HET_1,1553,2570.2,835.9,533,0.712,0.884,0.913,0
HET_1,1554,2575.7,1022.3,849,0.765,0.624,0.915,1
HET_1,1555,2571.1,1871.1,349,0.743,0.841,0.933,2
HET_1,1556,2577.6,869.6,899,0.334,0.867,0.599,1
HET_1,1557,2570.4,1523.2,262,0.731,0.710,0.865,0
HET_1,1558,2572.7,1951.3,572,0.449,0.949,0.773,0
HET_1,1559,2576.8,454.6,358,0.649,0.925,0.886,0
HET_1,1560,2581.1,1337.6,539,0.749,0.757,0.903,1
HET_1,1561,2574.6,1758.8,237,0.968,0.377,0.956,0
HET_1,1562,2585.2,1598.3,562,0.309,0.936,0.578,2
HET_1,1563,2587.6,1715.4,713,0.479,0.728,0.777,0
HET_1,1564,2591.9,578.3,699,0.637,0.847,0.839,1
HET_1,1565,2601.2,554.7,547,0.541,0.950,0.860,0
HET_1,1566,2593.5,1257.8,333,0.500,0.963,0.888,0
HET_1,1567,2598.8,768.3,366,0.544,0.909,0.804,0
HET_1,1568,2594.6,679.5,701,0.724,0.791,0.887,1
HET_1,1569,2590.7,1380.5,248,0.628,0.892,0.852,0
HET_1,1570,2592.1,1411.6,165,0.649,0.927,0.907,0
HET_1,1571,2596.0,1020.2,244,0.867,0.802,0.942,0
HET_1,1572,2599.8,1755.2,329,0.887,0.549,0.943,3
HET_1,1573,2602.5,730.4,661,0.615,0.886,0.863,0
HET_1,1574,2600.4,2200.4,259,0.622,0.837,0.827,2
HET_1,1575,2605.5,1444.5,363,0.485,0.959,0.777,0
HET_1,1576,2601.5,1110.9,424,0.368,0.886,0.616,3
HET_1,1577,2599.8,348.5,107,0.885,0.853,0.947,0
HET_1,1578,2602.6,1724.7,419,0.491,0.959,0.836,2
HET_1,1579,2612.5,2247.0,375,0.461,0.971,0.830,0
HET_1,1580,2611.4,439.4,423,0.712,0.459,0.865,0
HET_1,1581,2618.9,744.3,660,0.688,0.835,0.903,3
HET_1,1582,2623.7,826.0,636,0.721,0.762,0.880,1
HET_1,1583,2616.0,984.5,391,0.464,0.956,0.777,1
HET_1,1584,2613.9,1386.6,264,0.593,0.948,0.904,0
HET_1,1585,2614.3,2191.9,231,0.697,0.664,0.862,0
HET_1,1586,2616.9,264.5,341,0.817,0.770,0.937,1
HET_1,1587,2620.9,524.1,389,0.817,0.734,0.946,0
HET_1,1588,2616.9,1535.8,262,0.818,0.764,0.910,0
HET_1,1589,2616.4,2125.5,300,0.848,0.518,0.946,0
HET_1,1590,2627.5,1546.1,519,0.512,0.922,0.760,2
HET_1,1591,2621.7,709.6,371,0.845,0.492,0.942,0
HET_1,1592,2621.1,1916.2,374,0.669,0.899,0.906,1
HET_1,1593,2623.8,1123.7,400,0.561,0.752,0.832,0
HET_1,1594,2630.6,1240.8,574,0.451,0.858,0.715,0
HET_1,1595,2622.0,2221.0,203,0.951,0.599,0.967,1
HET_1,1596,2630.8,1381.3,741,0.355,0.880,0.616,2
HET_1,1597,2634.9,2018.1,707,0.543,0.672,0.790,1
HET_1,1598,2632.4,2062.5,234,0.553,0.954,0.863,0
HET_1,1599,2625.8,2198.1,235,0.790,0.420,0.904,0
HET_1,1600,2643.3,382.8,509,0.444,0.967,0.798,1
HET_1,1601,2631.0,295.6,249,0.895,0.663,0.947,2
HET_1,1602,2629.9,484.6,295,0.584,0.949,0.848,1
HET_1,1603,2645.3,776.6,986,0.611,0.556,0.865,0
HET_1,1604,2634.1,2185.0,360,0.667,0.881,0.898,0
HET_1,1605,2633.3,2123.4,284,0.870,0.710,0.947,3
HET_1,1606,2643.6,2079.8,474,0.603,0.880,0.830,2
HET_1,1607,2641.6,2146.1,442,0.748,0.769,0.913,0
HET_1,1608,2649.3,710.8,503,0.565,0.879,0.822,2
HET_1,1609,2653.7,1120.0,547,0.501,0.663,0.732,0
HET_1,1610,2651.3,315.6,534,0.772,0.760,0.914,0
HET_1,1611,2648.5,405.5,501,0.611,0.734,0.861,0
HET_1,1612,2658.5,679.8,1382,0.616,0.760,0.863,0
HET_1,1613,2657.1,968.2,658,0.405,0.815,0.718,0
HET_1,1614,2648.8,1693.2,349,0.756,0.829,0.923,2
HET_1,1615,2652.8,279.1,417,0.809,0.610,0.931,1
HET_1,1616,2659.7,1933.6,592,0.478,0.782,0.756,0
HET_1,1617,2648.8,2193.2,281,0.839,0.668,0.937,1
HET_1,1618,2650.6,847.2,251,0.695,0.918,0.909,0
HET_1,1619,2650.2,2123.8,296,0.591,0.767,0.809,0
HET_1,1620,2652.9,1650.3,180,0.541,0.967,0.923,0
HET_1,1621,2659.4,2158.1,327,0.687,0.879,0.913,3
HET_1,1622,2652.3,1097.7,181,0.718,0.747,0.874,2
HET_1,1623,2661.8,1854.8,511,0.634,0.858,0.856,0
HET_1,1624,2677.1,1803.4,737,0.242,0.849,0.481,1
HET_1,1625,2663.6,615.5,655,0.790,0.662,0.942,0
HET_1,1626,2660.3,2180.2,160,0.899,0.751,0.952,0
HET_1,1627,2667.1,511.2,212,0.725,0.916,0.942,0
HET_1,1628,2663.3,2062.3,133,0.835,0.868,0.950,0
HET_1,1629,2669.1,2201.4,407,0.768,0.812,0.940,2
HET_1,1630,2674.2,268.4,455,0.699,0.880,0.910,0
HET_1,1631,2670.7,1351.8,445,0.638,0.916,0.897,1
HET_1,1632,2670.5,282.4,242,0.870,0.656,0.942,1
HET_1,1633,2677.3,457.9,453,0.618,0.842,0.869,1
HET_1,1634,2686.2,576.6,729,0.589,0.844,0.808,0
HET_1,1635,2692.9,939.7,438,0.309,0.907,0.559,0
HET_1,1636,2692.9,784.3,527,0.482,0.946,0.815,0
HET_1,1637,2698.7,765.8,631,0.477,0.939,0.802,3
HET_1,1638,2688.6,1972.6,262,0.662,0.864,0.882,1
HET_1,1639,2700.0,537.7,699,0.655,0.885,0.890,0
HET_1,1640,2690.7,2129.1,434,0.526,0.607,0.756,1
HET_1,1641,2700.4,1664.2,234,0.498,0.959,0.810,0
HET_1,1642,2697.7,1603.6,611,0.351,0.972,0.702,1
HET_1,1643,2704.6,281.0,497,0.664,0.866,0.912,5
HET_1,1644,2698.4,515.4,225,0.645,0.933,0.882,0
HET_1,1645,2705.2,679.1,493,0.427,0.907,0.744,2
HET_1,1646,2699.2,1428.8,275,0.691,0.858,0.902,0
HET_1,1647,2702.9,461.2,200,0.848,0.800,0.935,0
HET_1,1648,2707.3,990.7,394,0.573,0.933,0.923,2
HET_1,1649,2716.0,1053.3,519,0.321,0.959,0.628,0
HET_1,1650,2711.0,918.2,354,0.660,0.902,0.863,1
HET_1,1651,2707.4,1738.7,303,0.549,0.942,0.832,0
HET_1,1652,2708.8,1687.6,312,0.932,0.325,0.966,0
HET_1,1653,2715.9,1915.2,518,0.757,0.747,0.927,0
HET_1,1654,2709.9,2029.6,158,0.743,0.909,0.946,0
HET_1,1655,2711.9,942.2,144,0.768,0.860,0.906,0
HET_1,1656,2726.5,610.0,530,0.500,0.381,0.799,1
HET_1,1657,2720.0,1673.4,262,0.606,0.949,0.897,2
HET_1,1658,2724.2,1605.6,438,0.458,0.936,0.731,2
HET_1,1659,2732.0,1390.1,679,0.465,0.769,0.759,2
HET_1,1660,2723.1,584.9,337,0.564,0.939,0.869,0
HET_1,1661,2722.9,1647.6,179,0.878,0.812,0.923,0
HET_1,1662,2735.7,1763.7,472,0.480,0.881,0.741,1
HET_1,1663,2733.6,2164.6,571,0.459,0.952,0.803,0
HET_1,1664,2734.3,2047.1,678,0.560,0.873,0.868,1
HET_1,1665,2730.5,783.8,133,0.742,0.853,0.858,0
HET_1,1666,2734.1,1136.3,346,0.401,0.976,0.765,0
HET_1,1667,2755.0,802.8,632,0.355,0.972,0.678,0
HET_1,1668,2739.1,2087.6,392,0.654,0.842,0.867,2
HET_1,1669,2750.4,537.7,868,0.596,0.728,0.824,0
HET_1,1670,2745.0,490.8,228,0.893,0.786,0.954,0
HET_1,1671,2751.6,1071.0,361,0.508,0.934,0.775,2
HET_1,1672,2756.7,430.2,302,0.580,0.945,0.915,1
HET_1,1673,2751.0,473.2,450,0.848,0.601,0.922,1
HET_1,1674,2763.1,1636.0,503,0.500,0.893,0.781,1
HET_1,1675,2767.2,1700.9,569,0.367,0.942,0.680,1
HET_1,1676,2767.9,2139.7,511,0.461,0.953,0.738,1
HET_1,1677,2758.7,414.3,453,0.841,0.659,0.942,0
HET_1,1678,2771.3,1815.8,580,0.400,0.950,0.753,0
HET_1,1679,2763.4,2156.7,368,0.629,0.935,0.902,1
HET_1,1680,2771.8,456.1,475,0.899,0.529,0.967,0
HET_1,1681,2782.3,1897.4,439,0.463,0.926,0.735,1
HET_1,1682,2775.5,2183.6,316,0.655,0.530,0.834,0
HET_1,1683,2783.5,417.7,373,0.619,0.861,0.842,4
HET_1,1684,2781.6,395.6,297,0.810,0.659,0.908,0
HET_1,1685,2782.5,1980.9,281,0.842,0.418,0.937,1
HET_1,1686,2784.8,509.9,295,0.850,0.652,0.934,0
HET_1,1687,2799.1,1434.1,313,0.478,0.971,0.855,1
HET_1,1688,2797.5,541.4,718,0.430,0.729,0.703,1
HET_1,1689,2788.4,799.7,217,0.621,0.924,0.882,1
HET_1,1690,2795.4,1125.6,421,0.759,0.821,0.909,0
HET_1,1691,2809.7,1117.3,749,0.402,0.962,0.824,0
HET_1,1692,2792.6,1703.6,239,0.672,0.929,0.898,0
HET_1,1693,2793.5,571.3,256,0.665,0.931,0.941,1
HET_1,1694,2808.8,1844.0,587,0.396,0.968,0.772,2
HET_1,1695,2799.2,376.4,249,0.751,0.854,0.926,0
HET_1,1696,2803.2,2085.0,364,0.806,0.768,0.917,2
HET_1,1697,2804.0,1753.9,260,0.863,0.812,0.959,1
HET_1,1698,2811.8,418.6,357,0.776,0.765,0.913,0
HET_1,1699,2815.4,1277.1,476,0.784,0.817,0.919,1
HET_1,1700,2818.6,1563.4,237,0.601,0.923,0.888,0
HET_1,1701,2823.1,1791.5,798,0.362,0.625,0.647,0
HET_1,1702,2823.9,2127.5,784,0.329,0.934,0.646,0
HET_1,1703,2824.7,718.4,458,0.483,0.961,0.819,2
HET_1,1704,2824.4,1223.0,370,0.619,0.788,0.822,2
HET_1,1705,2831.7,1513.3,442,0.498,0.731,0.754,3
HET_1,1706,2825.8,1197.5,375,0.661,0.608,0.845,0
HET_1,1707,2829.4,1110.1,299,0.710,0.908,0.934,1
HET_1,1708,2828.7,1866.3,256,0.958,0.602,0.966,0
HET_1,1709,2839.2,1482.7,947,0.712,0.736,0.921,0
HET_1,1710,2831.9,358.0,396,0.599,0.799,0.808,0
HET_1,1711,2836.1,1370.2,371,0.740,0.821,0.932,1
HET_1,1712,2852.4,1921.5,867,0.465,0.921,0.754,0
HET_1,1713,2843.9,1230.8,190,0.902,0.405,0.931,0
HET_1,1714,2858.1,1422.2,233,0.471,0.974,0.838,0
HET_1,1715,2860.0,602.8,568,0.528,0.946,0.805,0
HET_1,1716,2855.2,1552.8,383,0.702,0.545,0.901,0
HET_1,1717,2854.2,2067.2,266,0.672,0.781,0.839,2
HET_1,1718,2860.3,394.2,268,0.767,0.885,0.950,0
HET_1,1719,2853.3,2039.5,277,0.555,0.964,0.930,0
HET_1,1720,2874.6,1222.3,640,0.516,0.890,0.822,1
HET_1,1721,2866.4,1344.8,434,0.605,0.926,0.891,0
HET_1,1722,2870.3,1947.7,516,0.730,0.780,0.905,0
HET_1,1723,2868.9,1907.7,590,0.716,0.631,0.890,0
HET_1,1724,2866.3,770.1,304,0.458,0.877,0.686,0
HET_1,1725,2880.1,1722.3,749,0.340,0.893,0.606,0
HET_1,1726,2865.7,348.3,157,0.710,0.875,0.908,1
HET_1,1727,2876.8,1286.1,723,0.360,0.878,0.632,0
HET_1,1728,2887.0,1792.9,738,0.537,0.831,0.783,1
HET_1,1729,2874.0,2067.9,172,0.663,0.926,0.925,0
HET_1,1730,2899.2,1359.1,822,0.245,0.953,0.565,1
HET_1,1731,2881.8,1964.5,182,0.539,0.898,0.765,1
HET_1,1732,2887.1,504.8,574,0.634,0.691,0.833,0
HET_1,1733,2888.5,1198.1,409,0.839,0.716,0.940,0
HET_1,1734,2900.9,679.7,611,0.365,0.974,0.664,1
HET_1,1735,2907.1,2017.9,359,0.555,0.951,0.867,1
HET_1,1736,2906.4,605.7,249,0.609,0.945,0.865,0
HET_1,1737,2912.8,1547.9,446,0.802,0.826,0.937,3
HET_1,1738,2910.0,1642.6,365,0.571,0.834,0.804,1
HET_1,1739,2913.6,1991.6,444,0.813,0.526,0.919,0
HET_1,1740,2919.4,1871.4,546,0.374,0.932,0.669,0
HET_1,1741,2918.8,910.0,433,0.566,0.926,0.823,2
HET_1,1742,2928.7,1437.6,282,0.446,0.977,0.813,1
HET_1,1743,2927.4,1138.4,635,0.767,0.803,0.922,0
HET_1,1744,2933.4,381.2,397,0.792,0.844,0.950,0
HET_1,1745,2935.1,1161.1,428,0.748,0.469,0.895,2
HET_1,1746,2938.7,1005.5,598,0.632,0.522,0.849,0
HET_1,1747,2951.9,1406.5,535,0.395,0.956,0.669,0
HET_1,1748,2955.4,1481.3,549,0.690,0.729,0.874,0
HET_1,1749,2964.7,544.0,638,0.384,0.852,0.700,0
HET_1,1750,2954.0,879.9,420,0.570,0.858,0.824,0
HET_1,1751,2961.5,1146.8,421,0.612,0.900,0.830,0
HET_1,1752,2953.1,1793.5,208,0.935,0.651,0.950,1
HET_1,1753,2964.0,1732.1,711,0.765,0.759,0.915,0
HET_1,1754,2967.6,1093.7,775,0.830,0.680,0.945,0
HET_1,1755,2966.1,685.8,568,0.520,0.896,0.782,1
HET_1,1756,2961.1,898.8,197,0.797,0.804,0.912,0
HET_1,1757,2962.8,477.3,306,0.576,0.729,0.829,1
HET_1,1758,2975.3,619.5,395,0.536,0.913,0.816,2
HET_1,1759,2993.0,415.0,669,0.403,0.973,0.872,1
HET_1,1760,2972.7,715.8,361,0.843,0.625,0.938,0
HET_1,1761,2977.3,448.3,245,0.779,0.831,0.918,1
HET_1,1762,2976.0,887.9,326,0.824,0.743,0.921,1
HET_1,1763,2983.4,1895.9,613,0.288,0.820,0.578,0
HET_1,1764,2981.2,1489.6,272,0.684,0.738,0.853,1
HET_1,1765,2975.5,1607.9,306,0.904,0.652,0.971,1
HET_1,1766,2981.6,1583.3,391,0.671,0.748,0.887,0
HET_1,1767,2983.2,1119.4,392,0.715,0.840,0.905,3
HET_1,1768,2982.1,585.7,134,0.922,0.811,0.964,0
HET_1,1769,2991.4,726.6,186,0.685,0.919,0.925,1
HET_1,1770,2996.6,1659.0,479,0.424,0.805,0.673,1
HET_1,1771,3004.6,1866.9,557,0.532,0.898,0.810,1
HET_1,1772,2997.4,538.3,427,0.747,0.743,0.884,1
HET_1,1773,2996.2,882.3,196,0.818,0.771,0.929,0
HET_1,1774,3003.7,971.4,462,0.344,0.965,0.690,0
HET_1,1775,3006.1,1495.5,348,0.815,0.273,0.926,1
HET_1,1776,3011.6,1889.9,208,0.456,0.976,0.863,0
HET_1,1777,3018.1,1615.7,315,0.479,0.944,0.766,0
HET_1,1778,3022.1,389.3,301,0.559,0.945,0.872,2
HET_1,1779,3015.2,518.9,113,0.994,0.482,0.958,0
HET_1,1780,3017.6,1937.1,166,0.663,0.902,0.878,1
HET_1,1781,3033.5,1272.1,601,0.371,0.932,0.667,0
HET_1,1782,3033.1,1408.1,423,0.505,0.945,0.786,1
HET_1,1783,3038.1,1763.9,485,0.556,0.771,0.807,2
HET_1,1784,3036.9,1358.4,405,0.656,0.726,0.840,0
HET_1,1785,3049.9,1172.0,526,0.361,0.955,0.679,2
HET_1,1786,3036.5,1234.0,390,0.434,0.972,0.785,1
HET_1,1787,3044.6,1441.4,453,0.632,0.733,0.856,0
HET_1,1788,3046.3,1101.7,523,0.774,0.627,0.922,0
HET_1,1789,3063.4,1907.9,791,0.456,0.807,0.717,0
HET_1,1790,3060.4,824.4,821,0.487,0.809,0.745,0
HET_1,1791,3062.5,573.5,658,0.358,0.850,0.620,1
HET_1,1792,3057.8,702.3,360,0.615,0.948,0.930,1
HET_1,1793,3053.5,1456.7,220,0.902,0.552,0.948,0
HET_1,1794,3054.0,1045.5,124,1.026,0.634,0.969,0
HET_1,1795,3063.3,1413.2,338,0.670,0.870,0.878,0
HET_1,1796,3084.4,1548.6,494,0.371,0.979,0.818,0
HET_1,1797,3070.1,1139.6,171,0.610,0.935,0.886,0
HET_1,1798,3079.4,1166.8,271,0.598,0.933,0.866,0
HET_1,1799,3074.9,1019.1,99,0.898,0.826,0.925,0
HET_1,1800,3085.1,1653.1,451,0.509,0.954,0.861,2
HET_1,1801,3078.4,1373.5,97,0.951,0.740,0.933,0
HET_1,1802,3080.1,1743.5,165,0.989,0.590,0.954,0
HET_1,1803,3083.7,463.6,203,0.782,0.885,0.923,1
HET_1,1804,3084.6,1064.8,208,0.776,0.748,0.904,0
HET_1,1805,3107.3,1392.6,885,0.470,0.902,0.756,0
HET_1,1806,3101.7,940.4,695,0.481,0.815,0.788,0
HET_1,1807,3096.5,1009.4,435,0.742,0.778,0.897,0
HET_1,1808,3099.6,511.5,753,0.523,0.889,0.772,0
HET_1,1809,3095.9,1848.6,541,0.526,0.948,0.807,1
HET_1,1810,3101.7,1698.3,480,0.777,0.610,0.911,0
HET_1,1811,3101.9,1779.6,183,0.616,0.929,0.897,1
HET_1,1812,3111.5,1450.5,695,0.463,0.678,0.732,1
HET_1,1813,3104.1,1803.6,246,0.649,0.935,0.898,0
HET_1,1814,3111.7,1624.3,335,0.612,0.936,0.898,3
HET_1,1815,3113.0,1022.9,412,0.751,0.687,0.909,1
HET_1,1816,3121.6,1703.9,426,0.553,0.903,0.808,2
HET_1,1817,3121.9,1783.2,378,0.567,0.932,0.867,1
HET_1,1818,3128.9,1543.7,555,0.539,0.906,0.813,1
HET_1,1819,3116.0,1074.9,152,0.901,0.684,0.933,0
HET_1,1820,3122.3,1321.2,348,0.682,0.919,0.935,0
HET_1,1821,3119.6,1911.8,130,0.733,0.902,0.897,0
HET_1,1822,3139.0,1325.6,485,0.432,0.937,0.747,0
HET_1,1823,3130.5,1888.7,380,0.636,0.877,0.832,0
HET_1,1824,3133.9,1445.5,257,0.667,0.892,0.874,0
HET_1,1825,3141.4,731.8,441,0.685,0.883,0.915,0
HET_1,1826,3127.8,1866.3,118,0.803,0.875,0.937,0
HET_1,1827,3136.1,1901.5,351,0.695,0.759,0.875,2
HET_1,1828,3141.3,1731.1,335,0.562,0.888,0.775,0
HET_1,1829,3139.0,1371.2,342,0.707,0.916,0.945,0
HET_1,1830,3141.6,1605.8,530,0.861,0.610,0.941,0
HET_1,1831,3138.4,1789.0,264,0.701,0.887,0.907,0
HET_1,1832,3149.0,678.5,262,0.668,0.877,0.919,0
HET_1,1833,3146.7,977.3,202,0.732,0.890,0.922,0
HET_1,1834,3141.5,1060.5,262,0.853,0.734,0.936,1
HET_1,1835,3141.3,927.0,162,0.882,0.743,0.947,0
HET_1,1836,3147.6,1180.9,828,0.399,0.959,0.795,0
HET_1,1837,3142.3,1852.8,189,0.844,0.772,0.913,0
HET_1,1838,3144.9,569.6,203,0.829,0.753,0.927,2
HET_1,1839,3149.0,1042.7,297,0.829,0.791,0.946,0
HET_1,1840,3149.2,819.3,210,0.816,0.860,0.959,0
HET_1,1841,3151.3,1119.2,184,0.526,0.945,0.821,0
HET_1,1842,3149.3,1354.5,103,0.794,0.758,0.920,1
HET_1,1843,3149.3,1844.2,108,0.777,0.844,0.915,1
HET_1,1844,3152.3,933.3,180,0.608,0.889,0.900,1
HET_1,1845,3149.8,1905.3,51,1.069,0.639,0.944,0
HET_1,1846,3150.6,1624.7,47,0.699,0.944,0.904,1
HET_1,1847,3153.0,1233.5,103,0.827,0.880,0.963,1
HET_1,1848,3156.4,318.4,142,0.902,0.806,0.959,0
HET_3,1,24.6,774.6,399,0.673,0.317,0.860,1
HET_3,2,17.4,817.8,175,0.887,0.745,0.962,0
HET_3,3,17.1,93.9,73,0.901,0.861,0.936,0
HET_3,4,23.4,5.6,152,0.770,0.822,0.916,0
HET_3,5,57.4,559.0,699,0.227,0.966,0.542,1
HET_3,6,29.2,1054.1,380,0.747,0.836,0.922,0
HET_3,7,39.5,6.4,152,0.875,0.805,0.944,0
HET_3,8,43.2,470.6,378,0.582,0.748,0.836,1
HET_3,9,41.1,845.2,239,0.826,0.851,0.956,0
HET_3,10,59.7,699.7,446,0.412,0.977,0.868,0
HET_3,11,47.5,627.4,220,0.758,0.891,0.928,2
HET_3,12,54.7,754.0,388,0.422,0.948,0.697,0
HET_3,13,47.8,406.0,214,0.837,0.604,0.918,0
HET_3,14,59.6,228.5,325,0.442,0.957,0.744,0
HET_3,15,51.6,979.5,183,0.897,0.802,0.953,0
HET_3,16,56.0,395.3,140,0.968,0.684,0.952,2
HET_3,17,66.9,836.0,227,0.764,0.697,0.880,0
HET_3,18,65.0,1003.4,363,0.829,0.766,0.938,0
HET_3,19,65.3,1026.9,216,0.864,0.806,0.956,1
HET_3,20,87.6,70.2,325,0.434,0.960,0.749,2
HET_3,21,96.3,292.0,570,0.404,0.954,0.760,0
HET_3,22,89.6,931.8,206,0.898,0.670,0.932,1
HET_3,23,106.6,194.1,624,0.513,0.922,0.786,1
HET_3,24,100.0,597.3,383,0.805,0.585,0.932,0
HET_3,25,96.8,830.1,219,0.683,0.890,0.890,0
HET_3,26,102.0,815.2,214,0.675,0.668,0.863,0
HET_3,27,101.9,898.6,175,0.953,0.767,0.962,0
HET_3,28,108.4,459.6,184,0.489,0.950,0.776,0
HET_3,29,110.9,989.6,339,0.741,0.902,0.934,0
HET_3,30,108.8,429.7,292,0.642,0.723,0.825,0
HET_3,31,106.5,1135.6,334,0.793,0.832,0.946,3
HET_3,32,123.1,639.7,635,0.663,0.589,0.859,0
HET_3,33,137.8,447.0,544,0.346,0.920,0.678,1
HET_3,34,127.0,284.2,270,0.648,0.941,0.947,0
HET_3,35,127.7,905.8,534,0.842,0.600,0.937,0
HET_3,36,121.1,1121.9,373,0.626,0.921,0.901,1
HET_3,37,131.6,566.2,207,0.673,0.923,0.904,0
HET_3,38,143.7,505.6,394,0.396,0.933,0.735,2
HET_3,39,144.8,578.0,427,0.420,0.971,0.768,2
HET_3,40,154.4,544.9,507,0.383,0.781,0.645,1
HET_3,41,150.6,225.6,520,0.535,0.371,0.790,0
HET_3,42,152.6,806.6,414,0.628,0.758,0.835,1
HET_3,43,154.1,772.3,546,0.528,0.895,0.794,1
HET_3,44,165.5,1029.0,997,0.416,0.921,0.727,0
HET_3,45,173.2,33.5,348,0.843,0.808,0.951,2
HET_3,46,179.1,896.4,258,0.910,0.560,0.945,0
HET_3,47,185.6,777.5,338,0.714,0.768,0.892,0
HET_3,48,190.1,673.8,252,0.637,0.907,0.872,0
HET_3,49,194.9,188.7,371,0.512,0.941,0.830,1
HET_3,50,197.8,1013.9,817,0.707,0.477,0.893,0
HET_3,51,201.1,985.4,408,0.459,0.966,0.789,1
HET_3,52,194.2,410.2,169,0.760,0.900,0.934,0
HET_3,53,194.1,712.8,329,0.530,0.957,0.864,1
HET_3,54,202.1,260.3,367,0.871,0.752,0.948,0
HET_3,55,197.8,879.6,270,0.934,0.481,0.964,2
HET_3,56,203.2,502.3,749,0.574,0.769,0.841,0
HET_3,57,201.3,542.0,577,0.311,0.950,0.627,1
HET_3,58,216.8,623.1,508,0.494,0.953,0.827,1
HET_3,59,215.4,383.2,421,0.451,0.950,0.752,0
HET_3,60,220.6,252.6,247,0.809,0.648,0.908,4
HET_3,61,233.3,446.8,383,0.326,0.984,0.721,0
HET_3,62,223.1,1197.1,82,0.447,0.895,0.590,0
HET_3,63,229.1,927.2,162,0.703,0.915,0.920,1
HET_3,64,228.0,1133.6,525,0.543,0.943,0.804,0
HET_3,65,238.8,1288.2,272,0.933,0.709,0.958,1
HET_3,66,245.0,836.0,295,0.843,0.716,0.925,0
HET_3,67,252.5,850.5,180,0.792,0.819,0.918,2
HET_3,68,256.1,1168.6,299,0.683,0.780,0.824,0
HET_3,69,249.5,1185.3,200,0.747,0.819,0.917,1
HET_3,70,255.4,93.4,274,0.741,0.743,0.893,2
HET_3,71,257.5,917.0,274,0.751,0.897,0.926,1
HET_3,72,254.2,1177.3,106,0.857,0.848,0.906,2
HET_3,73,261.3,1208.7,659,0.663,0.887,0.913,0
HET_3,74,265.1,470.4,546,0.623,0.807,0.850,1
HET_3,75,263.6,896.8,283,0.834,0.794,0.940,2
HET_3,76,268.2,359.8,543,0.659,0.656,0.870,1
HET_3,77,265.2,1264.1,260,0.892,0.722,0.945,0
HET_3,78,266.1,835.8,261,0.503,0.942,0.803,0
HET_3,79,268.9,3122.7,284,0.974,0.182,0.966,0
HET_3,80,280.6,1058.4,487,0.394,0.766,0.710,1
HET_3,81,277.8,629.5,584,0.353,0.974,0.741,1
HET_3,82,282.4,1242.0,454,0.743,0.760,0.903,0
HET_3,83,288.4,1202.0,555,0.567,0.909,0.819,1
HET_3,84,287.6,600.0,261,0.548,0.915,0.744,0
HET_3,85,289.1,1325.9,580,0.767,0.589,0.921,0
HET_3,86,296.5,1413.1,458,0.439,0.944,0.792,0
HET_3,87,291.8,926.9,155,0.844,0.811,0.934,0
HET_3,88,297.7,1308.2,328,0.810,0.816,0.951,2
HET_3,89,307.5,1210.4,455,0.425,0.965,0.810,0
HET_3,90,310.4,915.8,239,0.606,0.930,0.905,0
HET_3,91,305.5,181.2,159,0.866,0.842,0.952,0
HET_3,92,311.9,558.3,315,0.467,0.958,0.763,1
HET_3,93,313.7,1380.6,348,0.502,0.940,0.835,2
HET_3,94,313.5,907.0,144,0.659,0.919,0.889,2
HET_3,95,318.9,1274.7,560,0.753,0.777,0.900,0
HET_3,96,325.4,337.9,661,0.371,0.897,0.713,1
HET_3,97,321.2,1144.3,276,0.733,0.899,0.939,1
HET_3,98,341.4,1141.2,699,0.243,0.978,0.630,0
HET_3,99,323.5,204.9,161,0.877,0.833,0.947,1
HET_3,100,329.9,988.2,358,0.869,0.716,0.950,1
HET_3,101,338.3,1471.1,486,0.437,0.954,0.752,1
HET_3,102,332.5,191.4,227,0.807,0.830,0.938,0
HET_3,103,338.5,789.8,446,0.472,0.907,0.784,0
HET_3,104,334.7,914.7,405,0.829,0.496,0.940,0
HET_3,105,338.5,156.8,381,0.668,0.908,0.901,2
HET_3,106,349.7,226.6,412,0.387,0.935,0.635,0
HET_3,107,347.8,175.0,295,0.699,0.896,0.899,0
HET_3,108,353.4,988.3,199,0.592,0.949,0.926,0
HET_3,109,354.2,1282.8,287,0.860,0.684,0.932,1
HET_3,110,358.8,381.0,297,0.629,0.901,0.874,1
HET_3,111,360.6,1075.7,491,0.535,0.777,0.784,0
HET_3,112,359.8,1315.6,275,0.565,0.954,0.899,0
HET_3,113,371.3,833.5,408,0.397,0.725,0.668,2
HET_3,114,361.4,1296.5,195,0.947,0.258,0.938,0
HET_3,115,369.3,506.9,733,0.338,0.984,0.740,0
HET_3,116,371.2,168.8,245,0.679,0.867,0.914,3
HET_3,117,383.7,1544.5,218,0.830,0.765,0.936,0
HET_3,118,393.4,634.9,513,0.347,0.905,0.614,2
HET_3,119,399.0,895.5,443,0.693,0.570,0.857,1
HET_3,120,395.5,190.6,307,0.702,0.775,0.865,3
HET_3,121,397.9,302.9,340,0.508,0.959,0.835,1
HET_3,122,405.2,274.8,146,0.553,0.955,0.816,0
HET_3,123,413.9,1321.8,695,0.482,0.767,0.747,0
HET_3,124,410.8,426.8,349,0.488,0.901,0.751,2
HET_3,125,420.3,1111.8,174,0.925,0.756,0.967,0
HET_3,126,435.6,1216.6,521,0.341,0.843,0.559,0
HET_3,127,421.3,177.4,221,0.866,0.720,0.936,3
HET_3,128,425.9,1143.9,207,0.534,0.958,0.873,0
HET_3,129,462.8,1275.6,581,0.256,0.973,0.611,1
HET_3,130,438.1,1136.6,181,0.926,0.744,0.958,0
HET_3,131,455.9,1676.7,587,0.330,0.927,0.606,2
HET_3,132,447.9,940.3,520,0.516,0.883,0.744,2
HET_3,133,442.5,815.9,280,0.675,0.912,0.918,1
HET_3,134,448.3,1454.0,433,0.411,0.936,0.733,0
HET_3,135,448.2,481.4,281,0.595,0.759,0.801,2
HET_3,136,447.7,532.8,340,0.531,0.958,0.890,1
HET_3,137,447.9,1505.5,428,0.629,0.804,0.831,1
HET_3,138,447.9,913.1,228,0.924,0.767,0.958,1
HET_3,139,449.5,989.8,337,0.468,0.945,0.797,0
HET_3,140,456.9,688.6,313,0.649,0.915,0.897,2
HET_3,141,463.0,1765.5,224,0.775,0.772,0.907,2
HET_3,142,468.9,570.9,398,0.561,0.913,0.847,1
HET_3,143,476.2,1015.3,485,0.356,0.932,0.673,0
HET_3,144,463.4,1518.8,197,0.957,0.700,0.966,0
HET_3,145,466.7,1294.2,313,0.831,0.660,0.929,0
HET_3,146,472.6,714.5,385,0.367,0.908,0.636,0
HET_3,147,485.8,835.8,629,0.230,0.941,0.471,0
HET_3,148,482.4,330.3,225,0.639,0.892,0.856,1
HET_3,149,494.9,1626.1,675,0.518,0.938,0.849,0
HET_3,150,493.7,139.1,290,0.497,0.920,0.815,2
HET_3,151,488.8,554.9,286,0.845,0.780,0.957,1
HET_3,152,497.0,1131.7,588,0.366,0.804,0.616,0
HET_3,153,487.3,1849.8,207,0.939,0.634,0.954,1
HET_3,154,490.4,573.6,231,0.898,0.427,0.931,1
HET_3,155,495.2,1785.3,311,0.963,0.564,0.969,0
HET_3,156,497.4,1884.2,394,0.957,0.609,0.970,0
HET_3,157,506.4,1593.2,518,0.680,0.773,0.874,2
HET_3,158,518.5,1283.5,809,0.312,0.898,0.650,0
HET_3,159,506.0,1857.7,300,0.542,0.883,0.783,0
HET_3,160,507.8,198.2,300,0.733,0.850,0.920,3
HET_3,161,520.2,1063.3,1131,0.425,0.296,0.681,0
HET_3,162,513.2,1678.5,545,0.770,0.714,0.919,0
HET_3,163,524.9,648.9,425,0.403,0.913,0.660,0
HET_3,164,517.9,1907.4,260,0.990,0.374,0.970,0
HET_3,165,523.6,1352.3,673,0.345,0.984,0.806,0
HET_3,166,530.4,1733.4,642,0.435,0.877,0.707,0
HET_3,167,536.9,1248.2,371,0.609,0.784,0.853,0
HET_3,168,550.3,801.1,1338,0.649,0.617,0.881,0
HET_3,169,530.3,965.4,125,0.674,0.915,0.850,0
HET_3,170,542.8,503.9,483,0.501,0.914,0.740,3
HET_3,171,547.3,231.7,491,0.434,0.957,0.762,1
HET_3,172,545.4,596.7,537,0.674,0.818,0.858,2
HET_3,173,548.2,448.0,804,0.726,0.374,0.907,0
HET_3,174,557.6,905.6,594,0.536,0.893,0.813,1
HET_3,175,554.3,1700.7,446,0.651,0.817,0.842,1
HET_3,176,558.0,959.0,357,0.719,0.875,0.922,0
HET_3,177,557.2,1398.3,239,0.833,0.672,0.926,0
HET_3,178,565.4,579.6,530,0.348,0.916,0.575,1
HET_3,179,572.3,1183.6,398,0.398,0.371,0.661,0
HET_3,180,580.5,1073.2,889,0.259,0.760,0.487,2
HET_3,181,568.7,345.7,463,0.275,0.970,0.572,1
HET_3,182,562.6,1732.4,134,0.991,0.465,0.950,1
HET_3,183,572.2,1579.9,414,0.708,0.596,0.896,3
HET_3,184,582.0,1788.4,639,0.389,0.466,0.698,0
HET_3,185,577.9,312.0,649,0.421,0.517,0.823,0
HET_3,186,574.7,933.4,358,0.858,0.286,0.930,0
HET_3,187,588.2,689.7,889,0.490,0.791,0.791,2
HET_3,188,583.3,951.9,240,0.769,0.200,0.873,3
HET_3,189,589.9,1732.1,234,0.515,0.936,0.772,0
HET_3,190,588.5,192.4,307,0.553,0.846,0.779,3
HET_3,191,595.5,1586.7,386,0.646,0.726,0.839,0
HET_3,192,610.7,486.5,729,0.454,0.860,0.702,0
HET_3,193,591.2,1922.9,323,0.526,0.946,0.826,0
HET_3,194,602.4,994.8,522,0.393,0.877,0.644,0
HET_3,195,597.8,1410.6,387,0.537,0.939,0.858,2
HET_3,196,623.7,99.5,414,0.289,0.986,0.792,2
HET_3,197,606.8,1270.6,532,0.505,0.922,0.825,0
HET_3,198,628.6,800.8,596,0.226,0.808,0.463,2
HET_3,199,620.1,931.0,391,0.576,0.888,0.821,2
HET_3,200,612.9,2023.3,210,0.898,0.766,0.955,0
HET_3,201,632.5,700.2,282,0.526,0.954,0.839,1
HET_3,202,631.3,1762.1,200,0.653,0.882,0.826,0
HET_3,203,637.0,1309.6,322,0.598,0.936,0.915,2
HET_3,204,638.2,1436.4,622,0.445,0.697,0.744,0
HET_3,205,637.0,285.9,507,0.528,0.682,0.761,0
HET_3,206,637.5,1287.6,183,0.456,0.965,0.792,0
HET_3,207,641.6,2080.3,368,0.846,0.430,0.941,0
HET_3,208,644.9,1673.6,439,0.448,0.938,0.750,0
HET_3,209,653.5,375.8,458,0.523,0.829,0.736,0
HET_3,210,648.9,1919.0,611,0.398,0.963,0.771,0
HET_3,211,642.2,2007.5,106,0.987,0.426,0.946,1
HET_3,212,658.2,217.1,894,0.548,0.666,0.848,0
HET_3,213,652.8,1762.4,292,0.774,0.858,0.948,1
HET_3,214,661.1,1873.0,680,0.522,0.833,0.803,0
HET_3,215,653.0,1800.3,198,0.971,0.590,0.961,0
HET_3,216,665.2,2005.9,533,0.383,0.906,0.627,0
HET_3,217,670.1,876.1,571,0.279,0.952,0.606,2
HET_3,218,665.0,2167.9,314,0.892,0.434,0.949,0
HET_3,219,665.6,1634.0,406,0.898,0.628,0.960,0
HET_3,220,672.5,1201.0,628,0.241,0.692,0.502,2
HET_3,221,675.7,1759.9,588,0.407,0.893,0.744,0
HET_3,222,674.2,130.5,246,0.724,0.905,0.935,1
HET_3,223,674.9,2183.4,396,0.769,0.626,0.919,0
HET_3,224,674.9,1916.9,263,0.836,0.798,0.949,0
HET_3,225,682.5,2125.6,288,0.958,0.546,0.960,0
HET_3,226,693.6,1099.6,757,0.387,0.732,0.685,0
HET_3,227,689.7,1840.0,315,0.682,0.887,0.908,1
HET_3,228,707.8,595.3,632,0.285,0.977,0.604,1
HET_3,229,715.0,391.2,646,0.274,0.951,0.573,0
HET_3,230,690.8,510.3,664,0.406,0.967,0.768,0
HET_3,231,689.8,1037.8,146,0.982,0.672,0.954,1
HET_3,232,706.1,893.8,523,0.378,0.918,0.712,1
HET_3,233,690.2,274.5,159,0.570,0.961,0.888,0
HET_3,234,690.1,1854.5,142,0.775,0.832,0.916,0
HET_3,235,697.0,1684.5,364,0.781,0.840,0.908,1
HET_3,236,696.4,1942.8,357,0.517,0.917,0.790,3
HET_3,237,706.7,642.4,414,0.568,0.947,0.838,0
HET_3,238,712.1,1352.9,644,0.370,0.972,0.732,0
HET_3,239,703.3,225.4,172,0.994,0.563,0.966,1
HET_3,240,712.1,1456.8,483,0.418,0.772,0.665,1
HET_3,241,715.2,827.6,604,0.479,0.889,0.711,0
HET_3,242,707.2,1127.5,296,0.707,0.895,0.922,2
HET_3,243,706.9,236.9,151,0.882,0.639,0.921,0
HET_3,244,717.7,1961.2,325,0.515,0.859,0.747,0
HET_3,245,715.9,2155.8,283,0.587,0.917,0.879,2
HET_3,246,712.9,1196.6,337,0.496,0.956,0.799,1
HET_3,247,740.0,2196.8,605,0.346,0.907,0.654,1
HET_3,248,721.6,1032.6,354,0.530,0.943,0.833,2
HET_3,249,742.6,2006.2,770,0.430,0.960,0.772,0
HET_3,250,741.5,762.6,457,0.548,0.550,0.792,1
HET_3,251,731.9,1821.7,145,0.752,0.910,0.935,0
HET_3,252,744.4,347.0,525,0.381,0.915,0.645,0
HET_3,253,750.1,921.0,555,0.598,0.748,0.815,0
HET_3,254,739.1,145.2,162,0.794,0.859,0.936,2
HET_3,255,748.3,442.7,312,0.712,0.826,0.886,0
HET_3,256,771.6,1313.5,629,0.269,0.963,0.526,0
HET_3,257,759.3,866.5,446,0.293,0.973,0.632,0
HET_3,258,749.8,1799.2,559,0.487,0.701,0.754,0
HET_3,259,744.7,1959.9,253,0.944,0.589,0.951,0
HET_3,260,763.3,330.5,491,0.883,0.494,0.944,1
HET_3,261,771.1,1393.4,707,0.522,0.863,0.823,2
HET_3,262,764.5,1647.9,405,0.626,0.911,0.860,0
HET_3,263,771.6,2034.3,480,0.509,0.786,0.756,0
HET_3,264,785.4,467.7,589,0.350,0.959,0.618,0
HET_3,265,772.1,2059.0,355,0.579,0.951,0.890,0
HET_3,266,774.6,113.8,219,0.605,0.939,0.849,1
HET_3,267,787.4,843.5,451,0.451,0.962,0.829,2
HET_3,268,782.1,1182.0,677,0.378,0.872,0.626,0
HET_3,269,779.1,1676.7,298,0.626,0.863,0.830,1
HET_3,270,789.6,212.2,402,0.404,0.928,0.684,2
HET_3,271,795.0,1455.9,727,0.404,0.918,0.731,1
HET_3,272,784.3,278.7,455,0.616,0.936,0.873,1
HET_3,273,784.9,188.5,443,0.552,0.919,0.787,0
HET_3,274,795.9,884.5,566,0.439,0.810,0.690,1
HET_3,275,789.7,2093.9,410,0.902,0.385,0.953,0
HET_3,276,796.9,1096.2,417,0.386,0.938,0.663,1
HET_3,277,795.9,369.1,396,0.634,0.783,0.852,1
HET_3,278,810.7,1498.1,1099,0.302,0.826,0.556,0
HET_3,279,798.1,2268.9,340,0.965,0.533,0.966,0
HET_3,280,810.6,627.8,577,0.357,0.947,0.640,2
HET_3,281,801.0,2165.4,360,0.947,0.601,0.963,0
HET_3,282,813.7,785.5,1141,0.795,0.581,0.925,0
HET_3,283,807.1,672.8,460,0.472,0.703,0.729,2
HET_3,284,803.9,1217.8,342,0.414,0.970,0.864,2
HET_3,285,810.9,2005.5,349,0.847,0.696,0.931,1
HET_3,286,816.4,1666.9,371,0.681,0.811,0.843,1
HET_3,287,811.3,1892.2,232,0.960,0.565,0.959,2
HET_3,288,818.2,760.2,402,0.882,0.367,0.944,2
HET_3,289,823.9,965.5,307,0.437,0.828,0.672,0
HET_3,290,818.1,979.0,149,0.940,0.556,0.931,1
HET_3,291,833.8,1718.2,897,0.281,0.334,0.592,0
HET_3,292,826.2,1155.2,295,0.590,0.900,0.799,1
HET_3,293,831.9,2220.3,431,0.905,0.736,0.964,0
HET_3,294,836.7,1048.7,286,0.532,0.924,0.806,1
HET_3,295,846.3,319.4,534,0.446,0.950,0.778,0
HET_3,296,835.3,1416.9,512,0.445,0.976,0.883,0
HET_3,297,834.0,2149.8,320,0.672,0.915,0.922,1
HET_3,298,836.5,1137.8,135,0.809,0.840,0.925,0
HET_3,299,844.4,742.1,428,0.634,0.879,0.872,0
HET_3,300,842.5,2302.5,342,0.651,0.888,0.900,0
HET_3,301,846.2,413.4,406,0.627,0.849,0.841,0
HET_3,302,844.7,193.1,411,0.626,0.889,0.844,2
HET_3,303,843.1,473.2,384,0.565,0.924,0.863,0
HET_3,304,845.8,589.5,275,0.718,0.473,0.862,2
HET_3,305,850.7,881.0,360,0.679,0.899,0.911,0
HET_3,306,845.4,791.4,205,0.973,0.306,0.958,1
HET_3,307,859.6,1861.6,605,0.663,0.802,0.886,0
HET_3,308,857.6,1833.7,382,0.485,0.346,0.717,2
HET_3,309,852.7,508.6,307,0.900,0.721,0.956,0
HET_3,310,857.3,114.0,297,0.795,0.474,0.922,1
HET_3,311,858.2,2099.2,477,0.561,0.902,0.855,1
HET_3,312,876.8,2273.9,667,0.252,0.950,0.529,0
HET_3,313,866.8,358.2,532,0.705,0.722,0.900,0
HET_3,314,864.3,1618.8,320,0.828,0.805,0.944,0
HET_3,315,866.9,587.8,227,0.607,0.894,0.835,0
HET_3,316,862.5,1195.6,409,0.587,0.921,0.859,1
HET_3,317,860.8,2065.7,356,0.646,0.897,0.910,2
HET_3,318,866.6,224.1,231,0.890,0.731,0.947,1
HET_3,319,870.9,1227.6,513,0.612,0.857,0.831,0
HET_3,320,869.0,802.9,335,0.896,0.635,0.960,0
HET_3,321,877.7,1534.3,646,0.381,0.449,0.658,0
HET_3,322,875.9,1402.2,596,0.592,0.440,0.814,0
HET_3,323,865.4,1800.4,230,0.448,0.971,0.804,0
HET_3,324,871.8,1140.1,252,0.855,0.834,0.958,1
HET_3,325,886.3,1150.0,447,0.359,0.977,0.720,1
HET_3,326,892.0,1910.4,459,0.375,0.975,0.706,0
HET_3,327,875.5,756.1,283,0.922,0.447,0.943,1
HET_3,328,884.4,1878.2,417,0.592,0.917,0.885,1
HET_3,329,876.3,2417.3,649,0.315,0.982,0.733,1
HET_3,330,890.6,140.0,515,0.683,0.842,0.907,0
HET_3,331,883.2,2218.0,419,0.951,0.522,0.970,0
HET_3,332,886.4,2028.5,448,0.563,0.928,0.848,0
HET_3,333,892.7,118.2,690,0.696,0.674,0.902,0
HET_3,334,888.0,1347.7,287,0.773,0.839,0.923,1
HET_3,335,887.3,677.9,455,0.392,0.883,0.690,0
HET_3,336,883.3,2366.4,347,0.644,0.869,0.887,0
HET_3,337,890.8,1115.2,308,0.432,0.863,0.718,0
HET_3,338,887.1,1056.9,158,0.891,0.834,0.963,0
HET_3,339,889.6,742.4,197,0.717,0.906,0.912,0
HET_3,340,887.2,1620.0,113,0.935,0.674,0.942,0
HET_3,341,890.3,1742.5,327,0.503,0.957,0.861,1
HET_3,342,894.9,2256.8,400,0.965,0.252,0.966,0
HET_3,343,903.3,357.0,365,0.622,0.896,0.882,1
HET_3,344,898.7,1624.4,495,0.393,0.771,0.682,1
HET_3,345,899.9,317.0,414,0.567,0.949,0.900,1
HET_3,346,904.7,1981.6,464,0.736,0.655,0.904,2
HET_3,347,906.8,909.5,396,0.672,0.817,0.880,0
HET_3,348,901.8,2192.7,222,0.910,0.658,0.945,0
HET_3,349,908.1,437.2,467,0.823,0.646,0.947,0
HET_3,350,905.8,375.8,330,0.848,0.604,0.938,0
HET_3,351,904.5,2343.7,213,0.897,0.744,0.947,0
HET_3,352,909.9,1305.6,377,0.539,0.951,0.820,2
HET_3,353,910.9,283.0,550,0.896,0.671,0.967,0
HET_3,354,905.4,1218.3,267,0.622,0.922,0.873,1
HET_3,355,912.0,1832.9,237,0.768,0.821,0.937,1
HET_3,356,910.7,2423.9,291,0.750,0.850,0.912,2
HET_3,357,923.1,1030.4,554,0.251,0.866,0.474,0
HET_3,358,915.3,1126.9,247,0.463,0.907,0.700,0
HET_3,359,923.6,1164.8,167,0.472,0.971,0.870,0
HET_3,360,918.4,1905.9,105,0.843,0.806,0.905,1
HET_3,361,925.2,503.9,332,0.520,0.931,0.810,2
HET_3,362,925.6,1555.5,219,0.922,0.520,0.961,1
HET_3,363,942.8,1150.8,605,0.291,0.934,0.589,0
HET_3,364,930.2,2277.5,375,0.497,0.953,0.837,0
HET_3,365,936.8,2331.0,400,0.956,0.313,0.962,0
HET_3,366,934.3,1568.7,152,0.828,0.781,0.921,0
HET_3,367,950.0,876.7,495,0.439,0.929,0.742,0
HET_3,368,958.8,1134.8,535,0.345,0.957,0.702,2
HET_3,369,938.9,235.1,194,0.909,0.666,0.942,1
HET_3,370,946.5,1640.7,362,0.712,0.891,0.905,0
HET_3,371,938.5,2268.1,151,0.914,0.824,0.974,1
HET_3,372,942.9,2561.7,541,0.388,0.973,0.823,2
HET_3,373,949.9,2194.9,459,0.484,0.842,0.737,0
HET_3,374,942.9,3029.4,305,0.758,0.847,0.921,0
HET_3,375,947.7,806.4,342,0.482,0.963,0.884,0
HET_3,376,960.3,584.8,528,0.425,0.727,0.688,1
HET_3,377,952.8,1608.9,373,0.772,0.495,0.897,0
HET_3,378,950.3,353.0,330,0.571,0.925,0.831,2
HET_3,379,953.6,895.5,290,0.815,0.588,0.927,2
HET_3,380,947.7,461.4,154,0.493,0.956,0.770,0
HET_3,381,951.6,116.2,173,0.952,0.361,0.945,1
HET_3,382,957.2,1088.7,344,0.500,0.874,0.773,0
HET_3,383,958.9,1537.8,388,0.508,0.962,0.878,0
HET_3,384,953.2,2321.9,137,0.997,0.663,0.958,0
HET_3,385,958.8,255.6,330,0.358,0.986,0.833,0
HET_3,386,972.2,208.9,533,0.379,0.954,0.708,0
HET_3,387,963.8,480.4,163,0.509,0.929,0.755,0
HET_3,388,964.7,2567.0,530,0.589,0.751,0.804,4
HET_3,389,962.4,1426.2,391,0.493,0.939,0.823,1
HET_3,390,962.7,2347.0,214,0.842,0.754,0.934,0
HET_3,391,970.6,410.8,308,0.703,0.853,0.911,1
HET_3,392,970.6,1084.5,264,0.761,0.840,0.940,3
HET_3,393,966.4,825.7,167,0.618,0.918,0.815,0
HET_3,394,973.8,130.5,248,0.640,0.900,0.858,2
HET_3,395,985.9,818.7,447,0.448,0.967,0.865,1
HET_3,396,974.1,2626.7,369,0.738,0.866,0.916,0
HET_3,397,976.6,1888.5,434,0.579,0.591,0.804,1
HET_3,398,971.2,1602.8,109,0.942,0.761,0.948,0
HET_3,399,986.0,1346.2,555,0.318,0.961,0.580,0
HET_3,400,974.7,1848.1,143,0.962,0.312,0.929,1
HET_3,401,982.3,2123.2,419,0.350,0.882,0.624,0
HET_3,402,977.9,1926.0,189,0.948,0.571,0.959,1
HET_3,403,980.3,873.5,228,0.420,0.963,0.704,2
HET_3,404,979.3,489.5,252,0.855,0.749,0.951,1
HET_3,405,985.3,1106.5,422,0.706,0.796,0.870,0
HET_3,406,983.1,2596.5,519,0.500,0.961,0.854,1
HET_3,407,982.3,1192.8,150,0.994,0.384,0.962,1
HET_3,408,986.0,419.5,287,0.554,0.932,0.786,0
HET_3,409,994.9,968.3,394,0.642,0.885,0.887,1
HET_3,410,992.7,1702.2,470,0.386,0.975,0.772,0
HET_3,411,992.7,2531.7,239,0.843,0.761,0.945,0
HET_3,412,1001.2,923.8,776,0.784,0.585,0.915,0
HET_3,413,995.3,2568.3,314,0.807,0.718,0.929,1
HET_3,414,1020.2,738.5,509,0.285,0.944,0.559,0
HET_3,415,1008.5,1491.8,569,0.400,0.851,0.681,0
HET_3,416,1002.6,1568.6,504,0.265,0.960,0.521,0
HET_3,417,1002.3,2370.6,400,0.700,0.775,0.840,1
HET_3,418,1016.1,1278.6,362,0.505,0.936,0.739,0
HET_3,419,1004.7,1831.5,159,0.929,0.732,0.946,0
HET_3,420,1011.5,234.8,316,0.612,0.873,0.873,0
HET_3,421,1016.2,546.7,387,0.503,0.958,0.878,1
HET_3,422,1017.7,1175.5,845,0.630,0.543,0.877,0
HET_3,423,1031.4,348.7,437,0.299,0.966,0.585,0
HET_3,424,1016.6,2230.5,386,0.452,0.974,0.846,0
HET_3,425,1020.1,1628.5,494,0.783,0.706,0.936,0
HET_3,426,1024.9,1836.3,530,0.396,0.947,0.669,0
HET_3,427,1020.8,1507.7,424,0.587,0.689,0.862,4
HET_3,428,1019.0,177.7,286,0.758,0.803,0.894,0
HET_3,429,1014.6,1970.7,273,0.496,0.956,0.803,1
HET_3,430,1023.3,1865.7,225,0.735,0.922,0.941,0
HET_3,431,1017.4,3073.9,332,0.599,0.942,0.902,0
HET_3,432,1025.6,1993.1,466,0.512,0.682,0.783,0
HET_3,433,1022.6,2485.9,472,0.638,0.930,0.918,0
HET_3,434,1027.6,860.7,186,0.638,0.932,0.921,1
HET_3,435,1033.8,1748.4,526,0.269,0.970,0.580,0
HET_3,436,1032.0,146.7,423,0.559,0.675,0.765,1
HET_3,437,1026.6,2661.7,181,0.939,0.570,0.953,0
HET_3,438,1031.9,2683.7,572,0.626,0.810,0.849,0
HET_3,439,1033.0,2997.3,289,0.735,0.715,0.870,0
HET_3,440,1040.4,1601.9,776,0.378,0.809,0.659,0
HET_3,441,1039.2,1163.9,639,0.654,0.805,0.896,0
HET_3,442,1036.3,268.2,545,0.440,0.971,0.793,0
HET_3,443,1036.3,1649.4,299,0.755,0.841,0.926,2
HET_3,444,1038.1,1780.8,177,0.909,0.716,0.957,1
HET_3,445,1038.5,186.6,253,0.718,0.859,0.888,1
HET_3,446,1039.8,2950.5,276,0.716,0.891,0.902,0
HET_3,447,1041.4,1519.9,317,0.521,0.955,0.841,2
HET_3,448,1065.9,1207.7,702,0.300,0.975,0.759,0
HET_3,449,1070.9,504.7,769,0.246,0.970,0.539,0
HET_3,450,1046.2,658.5,209,0.899,0.406,0.946,1
HET_3,451,1062.3,2606.1,655,0.391,0.607,0.721,2
HET_3,452,1067.0,2142.0,592,0.359,0.898,0.692,0
HET_3,453,1064.8,573.1,389,0.422,0.888,0.671,2
HET_3,454,1073.4,1374.0,555,0.290,0.925,0.558,2
HET_3,455,1064.1,1487.9,564,0.787,0.751,0.920,0
HET_3,456,1054.7,3061.7,417,0.617,0.916,0.899,0
HET_3,457,1071.8,2390.4,498,0.303,0.967,0.678,3
HET_3,458,1065.2,2433.7,604,0.816,0.505,0.932,0
HET_3,459,1058.4,2785.9,129,0.823,0.877,0.935,1
HET_3,460,1066.9,908.6,359,0.317,0.983,0.618,0
HET_3,461,1068.4,1514.4,215,0.439,0.937,0.680,0
HET_3,462,1064.9,2630.5,159,0.943,0.634,0.941,0
HET_3,463,1076.1,137.8,412,0.472,0.756,0.741,3
HET_3,464,1074.0,427.0,395,0.583,0.588,0.788,1
HET_3,465,1081.2,1660.5,422,0.483,0.876,0.773,1
HET_3,466,1082.2,1031.7,703,0.784,0.701,0.932,0
HET_3,467,1078.4,2771.1,385,0.472,0.953,0.802,1
HET_3,468,1082.7,816.1,351,0.568,0.543,0.785,1
HET_3,469,1093.1,1805.3,575,0.395,0.956,0.724,0
HET_3,470,1090.6,884.2,386,0.592,0.867,0.828,2
HET_3,471,1088.8,2712.3,476,0.769,0.872,0.946,0
HET_3,472,1087.1,972.0,196,0.909,0.745,0.947,1
HET_3,473,1088.6,3149.1,125,0.553,0.966,0.887,0
HET_3,474,1093.7,906.4,306,0.555,0.942,0.860,1
HET_3,475,1098.6,1417.3,402,0.497,0.894,0.788,0
HET_3,476,1090.7,2523.4,485,0.483,0.941,0.771,0
HET_3,477,1098.9,1104.3,368,0.424,0.959,0.759,2
HET_3,478,1092.7,1927.0,242,0.537,0.887,0.781,0
HET_3,479,1089.3,2255.8,196,0.825,0.822,0.929,0
HET_3,480,1104.2,1052.3,871,0.805,0.742,0.941,0
HET_3,481,1095.3,2404.0,333,0.920,0.573,0.960,0
HET_3,482,1093.5,1968.1,162,0.927,0.749,0.959,1
HET_3,483,1092.5,3083.7,444,0.472,0.964,0.819,0
HET_3,484,1110.7,721.8,432,0.384,0.962,0.627,1
HET_3,485,1106.2,2880.7,394,0.565,0.952,0.879,0
HET_3,486,1093.1,3116.0,148,0.969,0.745,0.967,0
HET_3,487,1097.5,2152.5,192,0.785,0.758,0.897,0
HET_3,488,1097.1,2832.5,244,0.800,0.699,0.900,2
HET_3,489,1104.7,367.5,385,0.371,0.949,0.668,1
HET_3,490,1105.3,2819.3,232,0.802,0.796,0.932,2
HET_3,491,1108.7,1346.7,315,0.772,0.848,0.913,2
HET_3,492,1108.6,1020.5,516,0.763,0.776,0.926,0
HET_3,493,1106.0,1491.4,171,0.887,0.803,0.950,1
HET_3,494,1102.0,1516.9,152,0.601,0.958,0.927,0
HET_3,495,1116.6,2929.5,424,0.591,0.882,0.833,0
HET_3,496,1118.3,2367.8,651,0.269,0.957,0.590,2
HET_3,497,1116.0,3145.2,414,0.516,0.913,0.749,1
HET_3,498,1111.4,125.8,358,0.775,0.789,0.935,0
HET_3,499,1122.8,2075.9,638,0.300,0.408,0.583,0
HET_3,500,1122.6,1738.8,441,0.458,0.811,0.742,0
HET_3,501,1125.3,1970.6,449,0.285,0.914,0.503,0
HET_3,502,1108.2,1502.5,79,0.939,0.581,0.908,0
HET_3,503,1112.5,1936.8,229,0.722,0.904,0.923,1
HET_3,504,1120.9,397.7,266,0.489,0.937,0.727,1
HET_3,505,1114.1,3072.0,479,0.608,0.891,0.890,0
HET_3,506,1136.5,471.6,516,0.268,0.954,0.601,1
HET_3,507,1121.7,2439.0,649,0.507,0.848,0.757,0
HET_3,508,1127.5,1143.7,437,0.372,0.960,0.699,2
HET_3,509,1118.4,2780.3,472,0.345,0.983,0.763,0
HET_3,510,1129.6,515.9,652,0.442,0.814,0.709,1
HET_3,511,1119.9,1038.3,360,0.837,0.650,0.950,0
HET_3,512,1120.7,1719.8,301,0.642,0.628,0.843,1
HET_3,513,1124.2,2841.4,561,0.539,0.909,0.806,0
HET_3,514,1132.7,242.0,361,0.522,0.914,0.843,2
HET_3,515,1144.8,1832.9,853,0.361,0.970,0.762,0
HET_3,516,1126.8,1645.9,295,0.817,0.759,0.934,1
HET_3,517,1136.3,1017.7,994,0.708,0.419,0.875,0
HET_3,518,1128.1,1349.8,235,0.732,0.785,0.880,0
HET_3,519,1140.4,2956.3,823,0.598,0.891,0.870,0
HET_3,520,1146.1,1862.0,394,0.810,0.685,0.923,0
HET_3,521,1151.7,2997.6,889,0.479,0.709,0.772,0
HET_3,522,1142.2,802.6,524,0.357,0.972,0.723,0
HET_3,523,1142.6,2193.6,311,0.474,0.937,0.753,1
HET_3,524,1151.4,675.0,362,0.521,0.928,0.797,1
HET_3,525,1148.9,1209.9,449,0.389,0.822,0.651,2
HET_3,526,1148.6,3062.9,555,0.400,0.963,0.741,1
HET_3,527,1144.8,3091.6,119,0.944,0.804,0.960,0
HET_3,528,1159.6,1286.4,292,0.539,0.950,0.827,1
HET_3,529,1151.7,2785.8,348,0.439,0.973,0.874,0
HET_3,530,1159.3,347.0,522,0.624,0.884,0.879,1
HET_3,531,1160.3,1049.7,425,0.655,0.898,0.904,0
HET_3,532,1154.4,2888.5,259,0.728,0.821,0.890,0
HET_3,533,1167.9,171.5,398,0.373,0.921,0.692,2
HET_3,534,1162.1,913.8,658,0.636,0.662,0.866,0
HET_3,535,1170.4,1409.0,785,0.225,0.898,0.548,1
HET_3,536,1171.0,860.7,794,0.492,0.825,0.796,2
HET_3,537,1157.5,2620.0,137,0.560,0.963,0.867,0
HET_3,538,1172.9,2167.2,272,0.359,0.989,0.845,0
HET_3,539,1170.4,940.3,450,0.579,0.923,0.872,1
HET_3,540,1183.3,2361.0,539,0.385,0.974,0.765,0
HET_3,541,1172.2,2858.9,478,0.641,0.878,0.874,1
HET_3,542,1179.4,823.8,860,0.679,0.458,0.894,0
HET_3,543,1177.6,671.1,353,0.759,0.868,0.931,0
HET_3,544,1174.7,2884.7,234,0.920,0.620,0.955,0
HET_3,545,1182.0,1579.3,488,0.341,0.922,0.676,0
HET_3,546,1177.1,466.2,274,0.264,0.979,0.594,0
HET_3,547,1199.4,2586.1,847,0.266,0.795,0.548,0
HET_3,548,1179.5,3075.3,279,0.590,0.937,0.894,0
HET_3,549,1191.0,1113.3,316,0.733,0.884,0.946,1
HET_3,550,1187.8,1636.3,367,0.719,0.908,0.943,0
HET_3,551,1184.4,2874.5,169,0.868,0.668,0.939,0
HET_3,552,1184.5,3097.9,164,0.693,0.889,0.868,0
HET_3,553,1189.7,1713.2,401,0.717,0.828,0.891,0
HET_3,554,1196.3,800.3,1007,0.746,0.807,0.927,0
HET_3,555,1183.2,1877.5,121,0.599,0.958,0.890,0
HET_3,556,1204.2,1992.2,540,0.440,0.680,0.735,0
HET_3,557,1192.1,1780.0,196,0.948,0.589,0.961,0
HET_3,558,1195.9,3133.9,362,0.498,0.931,0.801,0
HET_3,559,1199.3,1758.1,415,0.543,0.712,0.750,0
HET_3,560,1214.1,162.7,591,0.545,0.867,0.822,0
HET_3,561,1199.8,2403.1,181,0.789,0.894,0.938,0
HET_3,562,1197.5,2418.6,169,0.908,0.533,0.929,2
HET_3,563,1222.5,1377.8,679,0.291,0.978,0.652,0
HET_3,564,1218.9,1860.3,455,0.419,0.930,0.694,0
HET_3,565,1211.9,258.7,441,0.477,0.875,0.736,2
HET_3,566,1205.2,3071.4,288,0.923,0.688,0.966,1
HET_3,567,1205.5,3051.1,180,0.891,0.768,0.942,0
HET_3,568,1210.8,2730.9,210,0.904,0.800,0.950,0
HET_3,569,1224.7,776.0,407,0.507,0.957,0.860,1
HET_3,570,1224.9,1453.2,331,0.465,0.935,0.819,0
HET_3,571,1232.5,1180.5,452,0.475,0.816,0.745,1
HET_3,572,1243.3,1197.4,484,0.398,0.978,0.849,2
HET_3,573,1240.1,2269.6,700,0.562,0.486,0.799,0
HET_3,574,1230.6,350.4,152,0.869,0.717,0.938,1
HET_3,575,1231.9,2124.4,319,0.424,0.967,0.829,0
HET_3,576,1235.2,371.8,353,0.344,0.984,0.717,0
HET_3,577,1249.6,952.3,454,0.388,0.980,0.849,0
HET_3,578,1236.2,2310.2,480,0.708,0.809,0.904,0
HET_3,579,1235.5,3081.8,397,0.660,0.859,0.843,0
HET_3,580,1233.8,2057.5,257,0.740,0.820,0.880,1
HET_3,581,1237.0,2939.6,365,0.614,0.924,0.884,0
HET_3,582,1233.2,3044.9,199,0.515,0.956,0.869,0
HET_3,583,1241.9,3146.5,360,0.798,0.730,0.916,1
HET_3,584,1256.3,2810.7,660,0.297,0.754,0.588,0
HET_3,585,1240.2,2768.0,177,0.888,0.666,0.932,0
HET_3,586,1254.9,566.8,826,0.256,0.898,0.528,0
HET_3,587,1244.3,2350.1,246,0.834,0.742,0.935,0
HET_3,588,1251.4,1009.9,454,0.416,0.972,0.759,1
HET_3,589,1244.4,1651.2,176,0.949,0.618,0.951,0
HET_3,590,1248.8,1847.9,156,0.606,0.951,0.891,0
HET_3,591,1250.5,308.2,329,0.781,0.795,0.924,1
HET_3,592,1252.8,462.8,532,0.667,0.633,0.884,2
HET_3,593,1253.4,196.2,303,0.760,0.820,0.932,2
HET_3,594,1250.4,1435.0,128,0.645,0.950,0.908,0
HET_3,595,1251.6,714.4,299,0.662,0.897,0.874,2
HET_3,596,1259.9,1487.4,453,0.567,0.916,0.818,0
HET_3,597,1255.5,1151.9,312,0.481,0.974,0.899,1
HET_3,598,1254.7,3044.6,194,0.906,0.698,0.937,1
HET_3,599,1274.3,887.6,580,0.287,0.976,0.612,1
HET_3,600,1266.8,1616.8,669,0.325,0.974,0.699,0
HET_3,601,1267.5,3148.2,360,0.717,0.838,0.928,0
HET_3,602,1264.1,2689.0,239,0.655,0.921,0.888,0
HET_3,603,1271.3,2981.9,438,0.419,0.865,0.717,0
HET_3,604,1283.5,276.8,352,0.394,0.971,0.821,0
HET_3,605,1273.4,1098.1,425,0.430,0.883,0.693,1
HET_3,606,1282.4,1671.2,822,0.607,0.761,0.856,0
HET_3,607,1270.3,3056.1,159,0.638,0.901,0.909,0
HET_3,608,1287.8,1394.2,493,0.254,0.983,0.574,2
HET_3,609,1278.5,575.6,276,0.733,0.873,0.939,2
HET_3,610,1281.3,2740.9,469,0.713,0.641,0.892,0
HET_3,611,1285.1,2460.9,357,0.678,0.632,0.850,0
HET_3,612,1288.7,1481.7,553,0.652,0.463,0.871,1
HET_3,613,1314.3,1962.6,767,0.210,0.948,0.478,0
HET_3,614,1289.7,1508.7,192,1.010,0.276,0.965,0
HET_3,615,1293.5,1710.8,305,0.736,0.782,0.879,0
HET_3,616,1294.2,1899.4,201,0.539,0.937,0.817,0
HET_3,617,1292.5,3145.6,195,0.774,0.866,0.920,0
HET_3,618,1291.9,2956.8,177,0.501,0.966,0.835,0
HET_3,619,1306.6,1129.2,384,0.525,0.886,0.808,1
HET_3,620,1297.2,202.6,185,0.586,0.945,0.916,0
HET_3,621,1297.9,2219.5,289,0.740,0.746,0.889,1
HET_3,622,1301.5,3098.5,465,0.459,0.951,0.784,0
HET_3,623,1303.9,1915.7,198,0.731,0.888,0.917,2
HET_3,624,1313.6,2567.6,836,0.683,0.773,0.894,0
HET_3,625,1305.1,1541.7,289,0.467,0.955,0.792,1
HET_3,626,1309.9,2496.8,280,0.677,0.930,0.943,0
HET_3,627,1306.2,2134.3,460,0.318,0.934,0.609,0
HET_3,628,1316.6,1790.3,642,0.437,0.953,0.738,0
HET_3,629,1305.0,3061.1,143,0.912,0.788,0.953,0
HET_3,630,1311.9,630.6,426,0.521,0.834,0.749,0
HET_3,631,1313.4,2260.5,596,0.546,0.715,0.765,1
HET_3,632,1311.9,942.2,281,0.845,0.821,0.940,0
HET_3,633,1319.1,1818.2,367,0.585,0.940,0.902,2
HET_3,634,1310.4,269.9,366,0.555,0.835,0.756,2
HET_3,635,1310.7,1181.5,291,0.713,0.519,0.884,0
HET_3,636,1308.8,3130.0,98,0.873,0.846,0.907,1
HET_3,637,1316.7,2022.0,429,0.555,0.880,0.844,2
HET_3,638,1313.6,180.9,305,0.656,0.875,0.874,3
HET_3,639,1311.6,2755.6,241,0.506,0.955,0.817,0
HET_3,640,1316.6,216.3,271,0.769,0.821,0.886,1
HET_3,641,1319.9,893.2,512,0.558,0.850,0.769,2
HET_3,642,1325.5,1206.5,505,0.427,0.957,0.703,1
HET_3,643,1317.3,1655.5,122,1.009,0.606,0.968,0
HET_3,644,1324.7,3097.6,571,0.433,0.953,0.753,0
HET_3,645,1338.1,450.1,644,0.238,0.955,0.497,1
HET_3,646,1321.3,2771.2,131,1.009,0.381,0.949,0
HET_3,647,1331.0,1137.5,804,0.346,0.898,0.660,0
HET_3,648,1324.4,2916.4,171,0.909,0.664,0.945,0
HET_3,649,1331.4,770.0,404,0.365,0.721,0.636,1
HET_3,650,1326.9,345.2,243,0.956,0.497,0.968,1
HET_3,651,1341.1,2711.5,739,0.277,0.783,0.638,0
HET_3,652,1326.5,1012.6,327,0.617,0.863,0.879,0
HET_3,653,1329.5,2216.0,358,0.590,0.850,0.814,1
HET_3,654,1335.5,600.2,371,0.596,0.914,0.841,1
HET_3,655,1330.5,2989.4,411,0.749,0.639,0.909,0
HET_3,656,1340.8,1646.4,768,0.655,0.757,0.896,0
HET_3,657,1341.3,1479.0,638,0.775,0.704,0.923,2
HET_3,658,1328.3,3004.8,86,0.855,0.859,0.935,0
HET_3,659,1342.1,1623.5,321,0.497,0.933,0.815,1
HET_3,660,1334.4,361.6,196,0.647,0.913,0.871,0
HET_3,661,1341.3,2975.2,158,0.680,0.932,0.908,0
HET_3,662,1352.4,987.6,327,0.389,0.977,0.757,0
HET_3,663,1353.8,180.5,449,0.545,0.913,0.796,1
HET_3,664,1353.0,1398.8,306,0.501,0.956,0.834,2
HET_3,665,1357.7,741.3,401,0.441,0.945,0.755,4
HET_3,666,1350.5,2315.3,316,0.596,0.702,0.810,0
HET_3,667,1365.4,1693.6,811,0.576,0.768,0.818,0
HET_3,668,1363.8,356.7,573,0.293,0.975,0.669,1
HET_3,669,1361.2,591.1,169,0.549,0.958,0.828,0
HET_3,670,1364.2,899.2,318,0.738,0.683,0.883,2
HET_3,671,1371.7,1815.0,310,0.453,0.908,0.695,0
HET_3,672,1375.6,1882.3,448,0.250,0.516,0.477,0
HET_3,673,1365.5,1094.0,317,0.577,0.944,0.866,2
HET_3,674,1368.1,1774.1,372,0.682,0.756,0.859,0
HET_3,675,1380.2,2006.2,368,0.341,0.971,0.655,0
HET_3,676,1383.7,1073.4,836,0.637,0.662,0.853,0
HET_3,677,1374.5,3152.2,81,0.647,0.959,0.976,0
HET_3,678,1381.0,1311.3,520,0.430,0.949,0.728,1
HET_3,679,1374.2,2223.5,242,0.784,0.888,0.945,0
HET_3,680,1378.9,1188.0,183,0.950,0.662,0.948,1
HET_3,681,1383.1,2963.7,332,0.580,0.842,0.828,0
HET_3,682,1397.8,805.3,639,0.286,0.955,0.569,2
HET_3,683,1386.5,1704.2,413,0.649,0.790,0.859,1
HET_3,684,1387.8,3003.9,385,0.635,0.561,0.841,0
HET_3,685,1397.2,2397.8,501,0.521,0.963,0.848,0
HET_3,686,1392.6,2084.4,640,0.408,0.914,0.678,1
HET_3,687,1399.6,920.4,730,0.524,0.733,0.773,0
HET_3,688,1403.3,3144.3,578,0.548,0.899,0.880,0
HET_3,689,1402.8,1736.1,549,0.671,0.874,0.923,0
HET_3,690,1401.2,549.1,372,0.525,0.813,0.802,1
HET_3,691,1403.2,2181.5,379,0.747,0.770,0.883,0
HET_3,692,1397.5,2781.4,231,0.623,0.926,0.888,0
HET_3,693,1396.0,677.2,168,0.511,0.928,0.792,0
HET_3,694,1418.4,1296.0,682,0.354,0.907,0.652,0
HET_3,695,1409.6,2620.4,164,0.373,0.978,0.689,2
HET_3,696,1401.3,2762.7,224,0.726,0.748,0.855,0
HET_3,697,1408.0,2980.6,328,0.465,0.704,0.675,0
HET_3,698,1414.6,659.0,406,0.409,0.968,0.734,1
HET_3,699,1410.9,1634.0,455,0.830,0.750,0.919,0
HET_3,700,1412.2,1983.8,400,0.414,0.905,0.667,0
HET_3,701,1424.3,2138.4,671,0.335,0.767,0.616,0
HET_3,702,1412.6,376.7,605,0.395,0.940,0.734,0
HET_3,703,1419.5,762.4,484,0.449,0.736,0.726,2
HET_3,704,1419.7,3084.8,591,0.570,0.686,0.790,0
HET_3,705,1413.8,646.3,149,0.731,0.882,0.914,0
HET_3,706,1438.2,1846.7,573,0.306,0.693,0.593,2
HET_3,707,1421.8,1729.4,249,0.764,0.772,0.905,1
HET_3,708,1431.9,3144.4,307,0.578,0.891,0.858,1
HET_3,709,1442.0,609.8,515,0.252,0.979,0.598,0
HET_3,710,1433.5,1742.4,452,0.831,0.550,0.934,2
HET_3,711,1436.1,2802.3,380,0.310,0.808,0.547,0
HET_3,712,1435.2,985.4,232,0.891,0.767,0.947,0
HET_3,713,1438.8,479.5,358,0.828,0.422,0.925,1
HET_3,714,1439.1,3114.9,564,0.740,0.852,0.946,0
HET_3,715,1443.6,1200.4,568,0.322,0.746,0.595,3
HET_3,716,1441.3,2941.7,434,0.448,0.958,0.820,0
HET_3,717,1448.1,1495.2,385,0.549,0.884,0.794,1
HET_3,718,1445.6,301.9,624,0.330,0.961,0.662,4
HET_3,719,1449.6,2549.0,327,0.581,0.935,0.863,0
HET_3,720,1450.0,3047.8,419,0.656,0.738,0.848,0
HET_3,721,1453.4,687.8,408,0.501,0.859,0.767,1
HET_3,722,1457.0,990.4,257,0.624,0.756,0.843,1
HET_3,723,1457.8,2696.7,110,0.673,0.952,0.940,0
HET_3,724,1468.1,1288.9,459,0.551,0.948,0.873,1
HET_3,725,1459.8,611.0,168,0.824,0.832,0.939,1
HET_3,726,1479.7,2577.3,334,0.317,0.986,0.807,1
HET_3,727,1463.1,2563.9,162,0.629,0.948,0.895,1
HET_3,728,1460.7,2817.8,335,0.754,0.767,0.910,1
HET_3,729,1472.4,793.6,498,0.435,0.933,0.732,1
HET_3,730,1468.3,375.5,528,0.370,0.929,0.656,0
HET_3,731,1466.0,1079.3,166,0.870,0.706,0.938,1
HET_3,732,1474.5,1150.1,349,0.653,0.852,0.886,1
HET_3,733,1468.8,677.2,158,0.913,0.763,0.946,0
HET_3,734,1479.2,701.1,483,0.412,0.703,0.667,1
HET_3,735,1479.4,851.1,316,0.648,0.921,0.916,1
HET_3,736,1486.5,3137.5,387,0.394,0.975,0.765,0
HET_3,737,1479.0,1528.6,457,0.540,0.893,0.799,0
HET_3,738,1482.8,435.0,529,0.463,0.694,0.763,0
HET_3,739,1489.4,2004.7,617,0.287,0.958,0.546,0
HET_3,740,1486.0,2145.5,666,0.374,0.965,0.682,0
HET_3,741,1490.4,1018.4,453,0.476,0.937,0.781,1
HET_3,742,1485.0,743.2,287,0.753,0.814,0.914,3
HET_3,743,1482.0,1081.8,445,0.285,0.842,0.532,0
HET_3,744,1496.6,496.2,365,0.398,0.943,0.664,2
HET_3,745,1486.0,1776.3,260,0.738,0.837,0.887,0
HET_3,746,1494.3,2181.1,376,0.682,0.446,0.862,0
HET_3,747,1486.4,785.0,272,0.676,0.903,0.919,0
HET_3,748,1486.0,1034.6,107,0.591,0.956,0.843,0
HET_3,749,1495.5,3084.9,448,0.541,0.717,0.766,0
HET_3,750,1493.7,1717.9,401,0.699,0.896,0.939,0
HET_3,751,1508.6,1658.0,698,0.517,0.766,0.778,1
HET_3,752,1499.3,3110.8,352,0.809,0.563,0.905,1
HET_3,753,1498.3,2720.5,239,0.798,0.781,0.937,2
HET_3,754,1507.8,2325.3,440,0.473,0.755,0.751,2
HET_3,755,1501.2,2692.1,161,0.990,0.494,0.958,0
HET_3,756,1503.6,224.4,280,0.696,0.851,0.883,2
HET_3,757,1511.9,982.4,500,0.676,0.623,0.859,0
HET_3,758,1521.1,2570.5,469,0.344,0.958,0.590,0
HET_3,759,1517.5,603.5,327,0.658,0.874,0.838,0
HET_3,760,1515.6,2187.4,343,0.594,0.851,0.829,1
HET_3,761,1518.3,2875.6,322,0.529,0.941,0.897,0
HET_3,762,1519.0,2043.6,337,0.473,0.953,0.768,2
HET_3,763,1515.6,2985.8,102,1.014,0.473,0.944,0
HET_3,764,1525.4,2244.5,279,0.515,0.892,0.738,0
HET_3,765,1517.9,2998.9,175,0.917,0.682,0.936,2
HET_3,766,1526.7,1357.9,363,0.695,0.861,0.905,1
HET_3,767,1524.6,2469.1,247,0.377,0.968,0.712,0
HET_3,768,1533.4,1492.5,398,0.607,0.942,0.892,1
HET_3,769,1529.1,1725.5,412,0.607,0.766,0.816,0
HET_3,770,1531.6,1515.8,385,0.731,0.635,0.897,0
HET_3,771,1526.1,1446.7,246,0.693,0.884,0.891,0
HET_3,772,1541.9,825.1,421,0.516,0.949,0.822,0
HET_3,773,1543.7,2342.3,484,0.430,0.927,0.713,0
HET_3,774,1540.3,2597.6,461,0.365,0.970,0.742,0
HET_3,775,1534.6,2261.1,268,0.700,0.904,0.912,1
HET_3,776,1538.0,3140.0,260,0.738,0.845,0.906,2
HET_3,777,1538.9,1947.3,399,0.569,0.790,0.838,1
HET_3,778,1540.3,2148.2,189,0.713,0.879,0.896,0
HET_3,779,1559.6,783.6,569,0.366,0.842,0.680,0
HET_3,780,1548.2,2116.5,468,0.871,0.743,0.961,1
HET_3,781,1544.8,1030.0,451,0.682,0.787,0.854,1
HET_3,782,1548.4,2446.8,394,0.521,0.947,0.816,0
HET_3,783,1558.3,1371.9,325,0.591,0.909,0.840,1
HET_3,784,1556.6,1521.3,394,0.612,0.908,0.862,1
HET_3,785,1551.1,1327.0,212,0.775,0.879,0.938,1
HET_3,786,1551.5,994.1,446,0.431,0.944,0.738,3
HET_3,787,1554.2,2923.2,137,0.498,0.974,0.867,0
HET_3,788,1551.6,1756.1,415,0.544,0.953,0.892,2
HET_3,789,1557.9,1501.0,217,0.711,0.881,0.886,0
HET_3,790,1569.5,573.3,477,0.348,0.916,0.641,1
HET_3,791,1569.8,1602.1,905,0.591,0.722,0.815,0
HET_3,792,1560.7,2176.9,404,0.621,0.737,0.836,0
HET_3,793,1567.2,1712.0,524,0.411,0.937,0.715,2
HET_3,794,1572.9,988.7,355,0.671,0.894,0.874,0
HET_3,795,1566.8,623.2,144,0.668,0.915,0.906,0
HET_3,796,1572.9,972.5,354,0.680,0.826,0.874,0
HET_3,797,1578.4,2373.8,517,0.413,0.758,0.702,0
HET_3,798,1571.8,2976.7,597,0.318,0.952,0.660,2
HET_3,799,1577.7,868.2,445,0.373,0.971,0.730,2
HET_3,800,1577.2,1876.6,448,0.426,0.728,0.753,0
HET_3,801,1568.3,3097.8,187,0.994,0.509,0.964,0
HET_3,802,1572.1,1850.8,329,0.600,0.906,0.829,3
HET_3,803,1579.3,2258.4,356,0.540,0.836,0.804,0
HET_3,804,1574.0,2488.9,285,0.518,0.936,0.805,0
HET_3,805,1579.1,1777.5,403,0.511,0.947,0.752,2
HET_3,806,1577.6,934.8,168,0.609,0.849,0.853,1
HET_3,807,1582.4,3116.1,441,0.709,0.800,0.898,0
HET_3,808,1593.1,1078.3,633,0.376,0.944,0.647,3
HET_3,809,1590.1,1693.4,628,0.785,0.603,0.942,0
HET_3,810,1583.3,2509.6,203,0.691,0.666,0.871,1
HET_3,811,1593.5,1659.0,753,0.512,0.656,0.732,0
HET_3,812,1595.8,2917.4,642,0.393,0.810,0.638,2
HET_3,813,1595.8,658.7,422,0.399,0.959,0.716,1
HET_3,814,1604.7,345.8,472,0.322,0.921,0.597,1
HET_3,815,1594.8,939.8,500,0.569,0.843,0.817,0
HET_3,816,1591.8,737.6,183,0.635,0.880,0.832,0
HET_3,817,1590.9,1131.2,230,0.894,0.618,0.935,0
HET_3,818,1601.7,1765.4,539,0.506,0.945,0.808,0
HET_3,819,1608.8,2003.1,920,0.651,0.811,0.889,0
HET_3,820,1599.8,2032.9,938,0.532,0.854,0.816,0
HET_3,821,1591.5,1147.0,105,0.965,0.623,0.929,1
HET_3,822,1596.2,2679.1,330,0.758,0.673,0.887,1
HET_3,823,1604.9,1647.1,306,0.555,0.927,0.773,3
HET_3,824,1602.1,1226.3,400,0.561,0.924,0.805,0
HET_3,825,1610.3,1013.3,576,0.849,0.726,0.960,0
HET_3,826,1603.0,1138.8,242,0.837,0.684,0.927,0
HET_3,827,1610.3,1461.3,290,0.844,0.751,0.918,2
HET_3,828,1604.7,489.5,130,0.909,0.747,0.922,0
HET_3,829,1611.9,989.3,417,0.702,0.835,0.897,1
HET_3,830,1614.2,952.3,284,0.730,0.839,0.879,0
HET_3,831,1617.2,2418.2,356,0.557,0.870,0.777,1
HET_3,832,1623.8,1922.1,560,0.280,0.895,0.530,0
HET_3,833,1623.3,2814.6,537,0.406,0.798,0.721,0
HET_3,834,1625.2,3054.8,322,0.892,0.627,0.958,2
HET_3,835,1624.8,867.2,388,0.571,0.931,0.868,0
HET_3,836,1634.9,3097.1,586,0.313,0.981,0.789,2
HET_3,837,1640.7,2071.4,767,0.424,0.784,0.791,0
HET_3,838,1630.1,3125.4,328,0.765,0.742,0.932,0
HET_3,839,1625.9,2192.0,259,0.670,0.849,0.872,0
HET_3,840,1634.3,2591.1,380,0.440,0.918,0.686,1
HET_3,841,1639.3,367.5,416,0.545,0.907,0.824,1
HET_3,842,1645.1,1323.9,1170,0.703,0.678,0.897,0
HET_3,843,1635.1,1799.7,247,0.893,0.758,0.961,2
HET_3,844,1635.3,487.1,262,0.855,0.677,0.953,0
HET_3,845,1646.8,2671.0,428,0.565,0.914,0.859,2
HET_3,846,1645.4,701.3,480,0.404,0.955,0.744,0
HET_3,847,1649.1,1219.5,1053,0.458,0.471,0.729,0
HET_3,848,1651.0,2177.4,390,0.569,0.873,0.791,0
HET_3,849,1645.8,771.7,431,0.832,0.622,0.941,1
HET_3,850,1644.9,2798.0,304,0.616,0.912,0.844,0
HET_3,851,1654.5,283.4,292,0.599,0.946,0.864,1
HET_3,852,1654.4,842.1,462,0.614,0.904,0.854,0
HET_3,853,1665.0,383.7,481,0.352,0.703,0.609,0
HET_3,854,1661.3,1505.1,380,0.572,0.913,0.856,1
HET_3,855,1663.0,2336.5,348,0.524,0.954,0.892,0
HET_3,856,1653.7,1516.1,185,0.789,0.747,0.916,1
HET_3,857,1661.5,1795.8,459,0.545,0.914,0.829,0
HET_3,858,1661.3,904.6,373,0.725,0.911,0.940,1
HET_3,859,1666.2,1675.1,1340,0.500,0.904,0.811,0
HET_3,860,1658.4,1775.8,465,0.827,0.475,0.951,1
HET_3,861,1662.9,588.9,469,0.482,0.430,0.734,1
HET_3,862,1673.3,1170.4,462,0.370,0.933,0.653,0
HET_3,863,1674.7,2298.2,594,0.326,0.981,0.747,0
HET_3,864,1660.3,351.5,220,0.837,0.768,0.924,0
HET_3,865,1663.9,818.7,225,0.925,0.376,0.941,1
HET_3,866,1664.1,1461.1,195,0.839,0.789,0.924,1
HET_3,867,1673.5,1050.3,297,0.439,0.970,0.798,0
HET_3,868,1670.1,1396.0,267,0.701,0.807,0.914,2
HET_3,869,1665.6,1431.2,275,0.767,0.835,0.917,2
HET_3,870,1673.3,3127.0,309,0.858,0.633,0.934,0
HET_3,871,1679.2,3148.9,325,0.724,0.889,0.953,0
HET_3,872,1674.5,2220.3,374,0.590,0.838,0.791,1
HET_3,873,1691.5,2258.2,483,0.422,0.966,0.867,1
HET_3,874,1687.8,961.5,952,0.470,0.867,0.804,0
HET_3,875,1697.7,2732.0,658,0.269,0.923,0.521,0
HET_3,876,1688.6,910.4,273,0.521,0.966,0.861,0
HET_3,877,1687.0,442.1,472,0.365,0.655,0.655,0
HET_3,878,1686.6,857.0,538,0.598,0.921,0.865,2
HET_3,879,1688.2,1058.7,240,0.751,0.874,0.934,1
HET_3,880,1688.7,2083.9,258,0.419,0.830,0.626,0
HET_3,881,1697.9,2484.6,571,0.532,0.911,0.800,0
HET_3,882,1688.9,2357.6,542,0.389,0.925,0.677,0
HET_3,883,1698.9,1345.7,438,0.578,0.902,0.844,0
HET_3,884,1700.5,1696.5,836,0.772,0.677,0.925,0
HET_3,885,1705.7,2653.4,481,0.406,0.829,0.605,2
HET_3,886,1704.7,829.6,326,0.602,0.926,0.851,0
HET_3,887,1700.4,3062.5,247,0.585,0.935,0.855,0
HET_3,888,1696.4,1163.2,205,0.735,0.893,0.903,1
HET_3,889,1717.6,1830.6,472,0.402,0.956,0.759,0
HET_3,890,1701.1,3109.8,394,0.815,0.813,0.945,0
HET_3,891,1703.0,430.2,144,0.792,0.791,0.906,1
HET_3,892,1720.6,2588.0,511,0.478,0.918,0.790,0
HET_3,893,1711.1,2099.4,209,0.796,0.847,0.905,0
HET_3,894,1709.4,2894.8,187,0.585,0.927,0.858,0
HET_3,895,1714.5,1650.8,375,0.514,0.903,0.755,0
HET_3,896,1717.9,1784.7,575,0.421,0.807,0.672,0
HET_3,897,1714.0,2864.5,346,0.695,0.831,0.880,0
HET_3,898,1719.7,3149.0,336,0.684,0.890,0.903,0
HET_3,899,1721.1,2247.0,387,0.621,0.911,0.894,2
HET_3,900,1717.8,1056.4,334,0.532,0.877,0.811,2
HET_3,901,1721.7,3081.7,332,0.719,0.860,0.912,2
HET_3,902,1720.1,1273.2,154,0.847,0.850,0.945,0
HET_3,903,1724.4,1928.2,300,0.803,0.868,0.946,2
HET_3,904,1724.0,3051.1,250,0.812,0.849,0.954,0
HET_3,905,1734.2,1291.3,349,0.608,0.915,0.909,0
HET_3,906,1731.2,2496.1,618,0.395,0.845,0.676,0
HET_3,907,1732.2,1513.1,421,0.664,0.815,0.892,0
HET_3,908,1732.3,2675.1,573,0.418,0.969,0.824,4
HET_3,909,1734.9,2799.5,184,0.598,0.933,0.885,0
HET_3,910,1733.8,3139.5,192,0.785,0.808,0.937,2
HET_3,911,1741.5,1746.4,505,0.721,0.692,0.888,2
HET_3,912,1740.3,2425.4,655,0.319,0.944,0.666,0
HET_3,913,1739.5,1267.3,255,0.671,0.793,0.892,2
HET_3,914,1739.5,1420.8,426,0.516,0.937,0.787,0
HET_3,915,1747.6,1588.3,506,0.375,0.497,0.629,0
HET_3,916,1747.2,1671.6,346,0.597,0.890,0.832,0
HET_3,917,1743.3,3063.6,325,0.660,0.687,0.840,0
HET_3,918,1743.4,1787.8,226,0.668,0.899,0.911,1
HET_3,919,1748.8,524.9,487,0.579,0.889,0.844,2
HET_3,920,1738.6,2312.3,100,0.740,0.905,0.917,0
HET_3,921,1757.6,815.8,536,0.441,0.906,0.713,0
HET_3,922,1747.5,863.1,359,0.858,0.398,0.952,0
HET_3,923,1744.7,3149.1,137,0.907,0.727,0.938,0
HET_3,924,1753.5,408.0,449,0.436,0.834,0.682,1
HET_3,925,1754.0,1242.8,673,0.497,0.663,0.774,0
HET_3,926,1750.1,2324.5,349,0.717,0.851,0.899,1
HET_3,927,1761.1,2946.0,703,0.602,0.856,0.870,0
HET_3,928,1763.3,1096.1,365,0.366,0.982,0.787,2
HET_3,929,1769.7,1525.3,486,0.336,0.915,0.671,2
HET_3,930,1758.3,1723.4,298,0.852,0.663,0.928,1
HET_3,931,1765.1,1870.6,502,0.602,0.793,0.815,1
HET_3,932,1768.0,2043.3,287,0.481,0.960,0.825,0
HET_3,933,1769.3,855.9,347,0.498,0.931,0.794,1
HET_3,934,1769.3,2333.9,374,0.493,0.791,0.732,0
HET_3,935,1768.0,1347.5,509,0.835,0.577,0.937,2
HET_3,936,1777.0,1572.1,486,0.397,0.940,0.733,2
HET_3,937,1766.1,1916.4,487,0.618,0.881,0.905,0
HET_3,938,1767.1,3047.9,156,0.637,0.932,0.834,0
HET_3,939,1776.1,1785.3,287,0.625,0.920,0.900,0
HET_3,940,1770.3,2279.4,226,0.724,0.871,0.908,0
HET_3,941,1768.9,1672.8,131,0.805,0.698,0.885,1
HET_3,942,1775.5,638.5,343,0.559,0.895,0.796,2
HET_3,943,1779.2,1931.4,359,0.628,0.792,0.786,2
HET_3,944,1772.2,3061.6,143,0.962,0.438,0.941,1
HET_3,945,1787.3,721.8,421,0.346,0.761,0.632,1
HET_3,946,1787.4,3091.6,475,0.564,0.872,0.838,0
HET_3,947,1789.1,2766.9,364,0.559,0.865,0.763,0
HET_3,948,1802.0,431.8,388,0.373,0.906,0.652,2
HET_3,949,1782.2,2056.0,104,1.020,0.319,0.972,0
HET_3,950,1794.8,3123.2,514,0.546,0.919,0.822,0
HET_3,951,1804.4,3015.1,602,0.622,0.830,0.861,1
HET_3,952,1806.6,847.0,494,0.318,0.976,0.726,0
HET_3,953,1797.5,1807.9,314,0.593,0.561,0.831,0
HET_3,954,1792.0,2300.7,570,0.696,0.879,0.931,0
HET_3,955,1798.8,2376.0,268,0.666,0.893,0.859,1
HET_3,956,1791.9,1856.5,203,0.893,0.780,0.949,0
HET_3,957,1801.4,1855.8,409,0.432,0.959,0.714,2
HET_3,958,1802.2,1495.8,239,0.918,0.702,0.964,0
HET_3,959,1807.4,1664.9,407,0.449,0.945,0.792,1
HET_3,960,1810.9,2981.9,492,0.662,0.716,0.862,1
HET_3,961,1812.0,2250.3,370,0.603,0.829,0.815,2
HET_3,962,1808.3,2603.2,363,0.498,0.848,0.774,0
HET_3,963,1807.8,2003.4,459,0.522,0.837,0.812,0
HET_3,964,1819.5,602.6,944,0.762,0.827,0.936,0
HET_3,965,1813.1,3092.8,304,0.640,0.858,0.879,1
HET_3,966,1811.6,290.8,307,0.616,0.928,0.837,2
HET_3,967,1823.5,637.2,791,0.740,0.836,0.926,0
HET_3,968,1817.3,800.9,369,0.621,0.758,0.837,0
HET_3,969,1819.9,2851.2,420,0.378,0.963,0.657,2
HET_3,970,1822.5,497.3,422,0.734,0.707,0.934,0
HET_3,971,1819.4,1501.2,379,0.658,0.808,0.846,0
HET_3,972,1816.4,3061.0,123,0.921,0.799,0.953,0
HET_3,973,1823.6,2368.9,350,0.484,0.535,0.737,0
HET_3,974,1818.8,3077.0,172,0.725,0.818,0.847,0
HET_3,975,1824.6,1467.8,449,0.632,0.845,0.874,2
HET_3,976,1843.1,2441.9,361,0.337,0.959,0.617,0
HET_3,977,1826.9,3142.8,409,0.649,0.914,0.907,0
HET_3,978,1826.8,1168.4,195,0.775,0.728,0.915,2
HET_3,979,1837.3,377.4,500,0.451,0.812,0.720,1
HET_3,980,1847.3,315.4,361,0.468,0.935,0.792,2
HET_3,981,1849.2,1490.0,441,0.452,0.974,0.877,0
HET_3,982,1836.4,609.5,299,0.662,0.871,0.869,2
HET_3,983,1841.3,1934.3,372,0.760,0.709,0.905,0
HET_3,984,1836.1,1732.3,135,1.011,0.463,0.957,1
HET_3,985,1853.8,3056.0,439,0.542,0.945,0.849,1
HET_3,986,1842.9,2998.6,380,0.683,0.469,0.854,0
HET_3,987,1848.8,563.2,312,0.565,0.732,0.754,2
HET_3,988,1844.3,1821.0,364,0.459,0.935,0.766,1
HET_3,989,1852.2,2945.3,504,0.498,0.843,0.785,0
HET_3,990,1858.0,1285.9,399,0.555,0.890,0.811,0
HET_3,991,1845.9,1875.8,414,0.396,0.955,0.734,0
HET_3,992,1846.1,587.3,261,0.805,0.771,0.922,0
HET_3,993,1865.1,2655.9,671,0.293,0.936,0.582,0
HET_3,994,1851.3,2203.9,651,0.439,0.875,0.741,2
HET_3,995,1868.7,2517.4,316,0.478,0.969,0.806,0
HET_3,996,1876.9,460.5,668,0.314,0.933,0.555,0
HET_3,997,1882.4,1760.2,1032,0.618,0.913,0.908,0
HET_3,998,1869.6,3146.7,455,0.448,0.360,0.736,0
HET_3,999,1869.1,1857.5,431,0.510,0.796,0.795,1
HET_3,1000,1870.8,2345.3,387,0.651,0.905,0.878,0
HET_3,1001,1872.4,2286.0,310,0.585,0.954,0.888,1
HET_3,1002,1877.2,3060.3,363,0.636,0.730,0.868,0
HET_3,1003,1870.2,1471.3,349,0.576,0.896,0.843,0
HET_3,1004,1885.8,1922.1,402,0.378,0.935,0.704,0
HET_3,1005,1872.0,549.2,374,0.654,0.853,0.886,2
HET_3,1006,1875.5,756.1,258,0.442,0.791,0.694,0
HET_3,1007,1888.9,298.6,700,0.333,0.826,0.645,0
HET_3,1008,1886.6,2579.5,393,0.609,0.845,0.788,3
HET_3,1009,1892.0,216.3,500,0.874,0.750,0.956,0
HET_3,1010,1917.1,1316.4,1317,0.330,0.864,0.679,0
HET_3,1011,1894.3,2044.0,240,0.563,0.964,0.920,0
HET_3,1012,1899.5,2101.9,397,0.648,0.881,0.892,1
HET_3,1013,1908.1,987.5,439,0.371,0.966,0.753,0
HET_3,1014,1919.3,2571.8,1588,0.599,0.795,0.890,0
HET_3,1015,1894.7,2703.8,573,0.346,0.976,0.695,0
HET_3,1016,1902.3,1171.4,717,0.194,0.920,0.421,2
HET_3,1017,1899.9,2379.2,381,0.438,0.931,0.684,3
HET_3,1018,1896.4,3048.7,302,0.857,0.723,0.947,0
HET_3,1019,1912.6,840.3,648,0.401,0.961,0.783,0
HET_3,1020,1909.1,1671.0,651,0.468,0.835,0.728,4
HET_3,1021,1899.9,2871.0,335,0.599,0.860,0.842,1
HET_3,1022,1913.2,2394.5,772,0.367,0.743,0.654,0
HET_3,1023,1911.7,3013.6,623,0.373,0.668,0.650,0
HET_3,1024,1906.7,1341.5,275,0.836,0.747,0.942,0
HET_3,1025,1909.3,3069.4,406,0.559,0.861,0.804,2
HET_3,1026,1917.1,2945.0,808,0.246,0.930,0.505,2
HET_3,1027,1910.0,567.0,382,0.776,0.841,0.950,1
HET_3,1028,1905.8,763.4,290,0.622,0.943,0.945,0
HET_3,1029,1913.6,1071.5,530,0.424,0.788,0.724,0
HET_3,1030,1916.3,400.8,390,0.578,0.813,0.796,0
HET_3,1031,1918.9,791.8,515,0.620,0.466,0.842,2
HET_3,1032,1922.5,1560.1,489,0.574,0.909,0.830,2
HET_3,1033,1922.1,1710.3,332,0.755,0.726,0.902,3
HET_3,1034,1916.0,1907.7,258,0.779,0.789,0.918,1
HET_3,1035,1919.8,2042.4,245,0.751,0.880,0.914,0
HET_3,1036,1926.3,2226.6,331,0.355,0.807,0.614,0
HET_3,1037,1924.7,2353.2,304,0.609,0.883,0.854,3
HET_3,1038,1926.7,1338.9,237,0.685,0.876,0.908,2
HET_3,1039,1923.7,3076.2,212,0.719,0.823,0.887,1
HET_3,1040,1933.5,3029.7,264,0.531,0.830,0.727,0
HET_3,1041,1940.4,2534.9,625,0.618,0.465,0.815,0
HET_3,1042,1935.9,1507.4,244,0.812,0.865,0.931,0
HET_3,1043,1937.9,2134.9,647,0.748,0.757,0.919,0
HET_3,1044,1935.2,2389.1,240,0.870,0.777,0.930,0
HET_3,1045,1951.9,1423.3,567,0.428,0.961,0.793,0
HET_3,1046,1936.7,1600.6,379,0.438,0.966,0.837,1
HET_3,1047,1935.7,1657.6,231,0.644,0.870,0.868,0
HET_3,1048,1939.8,1458.5,162,0.821,0.847,0.920,1
HET_3,1049,1945.0,2118.9,176,0.827,0.817,0.951,2
HET_3,1050,1945.7,1701.4,481,0.516,0.961,0.860,1
HET_3,1051,1961.0,588.4,616,0.283,0.938,0.547,0
HET_3,1052,1955.0,3015.5,573,0.711,0.725,0.902,1
HET_3,1053,1972.5,239.0,637,0.270,0.988,0.640,0
HET_3,1054,1955.5,1786.8,296,0.826,0.782,0.934,3
HET_3,1055,1966.2,2204.6,468,0.424,0.971,0.862,1
HET_3,1056,1955.7,878.7,287,0.607,0.886,0.813,3
HET_3,1057,1956.5,478.6,289,0.584,0.939,0.892,1
HET_3,1058,1959.9,695.7,309,0.587,0.881,0.805,0
HET_3,1059,1957.2,1493.9,134,0.815,0.797,0.918,0
HET_3,1060,1956.1,2406.5,190,0.582,0.956,0.909,0
HET_3,1061,1969.2,1861.5,401,0.571,0.883,0.827,1
HET_3,1062,1971.5,2670.6,651,0.389,0.506,0.666,1
HET_3,1063,1968.7,3109.8,582,0.624,0.886,0.870,0
HET_3,1064,1974.0,806.5,392,0.361,0.803,0.637,2
HET_3,1065,1965.1,2093.8,471,0.456,0.892,0.741,1
HET_3,1066,1970.1,192.0,279,0.631,0.877,0.851,2
HET_3,1067,1977.8,685.5,466,0.670,0.836,0.886,0
HET_3,1068,1969.0,1992.5,312,0.717,0.894,0.923,0
HET_3,1069,1973.2,398.1,518,0.380,0.822,0.652,1
HET_3,1070,1982.3,1729.1,506,0.378,0.953,0.677,1
HET_3,1071,1988.2,1480.1,512,0.335,0.938,0.634,1
HET_3,1072,1973.3,1464.6,127,0.913,0.770,0.955,0
HET_3,1073,1981.8,1936.7,410,0.483,0.885,0.707,2
HET_3,1074,1995.4,562.5,421,0.267,0.971,0.595,0
HET_3,1075,1987.8,2406.9,999,0.576,0.673,0.830,0
HET_3,1076,1975.4,2484.6,272,0.676,0.863,0.895,0
HET_3,1077,1986.8,2897.9,563,0.534,0.886,0.787,0
HET_3,1078,1992.1,2871.3,431,0.391,0.979,0.830,0
HET_3,1079,1988.8,3034.1,520,0.659,0.572,0.861,1
HET_3,1080,1998.6,3094.5,318,0.305,0.984,0.667,0
HET_3,1081,1985.2,2430.6,273,0.877,0.618,0.948,0
HET_3,1082,1993.0,2946.6,477,0.425,0.942,0.714,1
HET_3,1083,2001.2,1748.0,515,0.421,0.936,0.664,0
HET_3,1084,1993.5,186.1,420,0.896,0.682,0.961,0
HET_3,1085,1996.7,334.0,603,0.688,0.611,0.863,1
HET_3,1086,1995.4,2830.9,388,0.671,0.856,0.882,1
HET_3,1087,1998.9,2356.2,534,0.420,0.956,0.850,3
HET_3,1088,2006.4,806.8,556,0.642,0.799,0.888,0
HET_3,1089,1997.7,1547.9,230,0.879,0.715,0.931,1
HET_3,1090,2007.5,841.9,265,0.521,0.831,0.755,0
HET_3,1091,2017.2,2634.4,475,0.337,0.956,0.725,0
HET_3,1092,1999.3,2648.0,136,0.786,0.849,0.895,0
HET_3,1093,2010.1,2291.2,329,0.723,0.813,0.899,0
HET_3,1094,2008.9,1000.8,345,0.480,0.941,0.777,0
HET_3,1095,2023.5,3014.7,529,0.410,0.867,0.656,0
HET_3,1096,2023.1,2787.0,453,0.391,0.936,0.705,1
HET_3,1097,2013.2,2927.0,350,0.864,0.745,0.938,0
HET_3,1098,2019.8,1733.8,277,0.836,0.840,0.952,1
HET_3,1099,2028.9,2486.4,479,0.481,0.911,0.764,0
HET_3,1100,2026.1,321.7,509,0.336,0.922,0.659,3
HET_3,1101,2019.9,1030.2,178,0.800,0.830,0.927,0
HET_3,1102,2024.6,2581.4,499,0.382,0.974,0.786,1
HET_3,1103,2028.1,3090.7,209,0.836,0.769,0.937,1
HET_3,1104,2036.9,516.1,567,0.623,0.621,0.834,2
HET_3,1105,2032.7,3119.4,537,0.420,0.776,0.692,0
HET_3,1106,2031.0,1887.4,435,0.833,0.570,0.942,0
HET_3,1107,2041.6,788.9,337,0.717,0.812,0.892,0
HET_3,1108,2039.4,2264.5,539,0.646,0.874,0.857,0
HET_3,1109,2041.8,2470.9,319,0.706,0.807,0.842,0
HET_3,1110,2040.6,702.4,334,0.547,0.787,0.795,1
HET_3,1111,2045.0,913.7,226,0.593,0.943,0.893,0
HET_3,1112,2055.8,1455.1,501,0.400,0.955,0.734,0
HET_3,1113,2052.8,2811.2,543,0.485,0.930,0.847,1
HET_3,1114,2048.2,852.8,164,0.656,0.868,0.872,0
HET_3,1115,2051.5,2390.5,432,0.542,0.839,0.776,0
HET_3,1116,2047.0,1326.2,141,0.795,0.868,0.934,0
HET_3,1117,2056.3,2909.8,599,0.468,0.944,0.824,1
HET_3,1118,2046.3,775.6,151,0.928,0.550,0.938,1
HET_3,1119,2043.6,825.9,202,0.504,0.973,0.922,0
HET_3,1120,2064.8,949.6,604,0.411,0.725,0.675,0
HET_3,1121,2052.8,2102.0,246,0.607,0.938,0.872,1
HET_3,1122,2055.2,2445.7,259,0.865,0.795,0.956,1
HET_3,1123,2057.3,1512.5,378,0.515,0.886,0.791,1
HET_3,1124,2061.7,2286.2,162,0.571,0.954,0.895,0
HET_3,1125,2069.2,3017.6,412,0.562,0.934,0.864,0
HET_3,1126,2064.1,3082.9,601,0.798,0.727,0.936,0
HET_3,1127,2070.4,825.2,544,0.618,0.791,0.870,1
HET_3,1128,2059.8,2096.2,134,0.964,0.563,0.950,0
HET_3,1129,2072.6,1020.4,393,0.454,0.968,0.797,1
HET_3,1130,2067.7,2193.1,501,0.594,0.923,0.867,0
HET_3,1131,2071.9,1792.8,306,0.547,0.897,0.805,1
HET_3,1132,2071.5,2002.8,354,0.672,0.889,0.874,1
HET_3,1133,2077.7,2972.6,461,0.477,0.763,0.781,1
HET_3,1134,2072.7,348.9,412,0.443,0.882,0.715,0
HET_3,1135,2081.2,255.6,429,0.500,0.718,0.750,1
HET_3,1136,2082.7,1730.1,330,0.642,0.521,0.848,2
HET_3,1137,2084.0,2500.3,410,0.645,0.819,0.861,1
HET_3,1138,2078.2,879.0,321,0.825,0.775,0.930,0
HET_3,1139,2092.1,2862.7,467,0.468,0.953,0.776,1
HET_3,1140,2082.1,635.7,427,0.665,0.708,0.873,0
HET_3,1141,2082.8,1862.1,291,0.860,0.663,0.951,1
HET_3,1142,2092.8,1348.6,461,0.462,0.942,0.773,0
HET_3,1143,2093.7,1161.1,441,0.767,0.695,0.893,0
HET_3,1144,2092.6,2116.4,310,0.758,0.801,0.906,1
HET_3,1145,2102.5,816.0,278,0.444,0.958,0.801,0
HET_3,1146,2090.7,594.4,142,0.880,0.656,0.928,2
HET_3,1147,2100.6,2539.8,737,0.560,0.597,0.808,0
HET_3,1148,2108.7,3126.6,645,0.361,0.866,0.621,1
HET_3,1149,2101.9,2471.3,465,0.345,0.908,0.598,1
HET_3,1150,2094.9,1527.0,214,0.489,0.808,0.704,0
HET_3,1151,2100.4,1972.0,404,0.831,0.612,0.920,1
HET_3,1152,2105.1,1253.3,562,0.530,0.948,0.862,2
HET_3,1153,2101.7,2987.3,775,0.579,0.358,0.827,0
HET_3,1154,2098.7,607.2,306,0.891,0.564,0.962,0
HET_3,1155,2100.8,937.4,165,0.489,0.740,0.730,0
HET_3,1156,2113.6,552.4,525,0.517,0.907,0.819,0
HET_3,1157,2100.3,2505.5,191,0.955,0.512,0.965,0
HET_3,1158,2113.6,2158.9,585,0.349,0.977,0.726,0
HET_3,1159,2117.0,1609.6,323,0.521,0.958,0.871,2
HET_3,1160,2119.1,2815.0,507,0.345,0.766,0.714,0
HET_3,1161,2114.4,307.9,396,0.605,0.699,0.787,1
HET_3,1162,2116.6,2780.8,340,0.371,0.790,0.608,0
HET_3,1163,2112.0,2090.1,419,0.580,0.886,0.855,1
HET_3,1164,2112.1,493.2,183,0.576,0.951,0.832,1
HET_3,1165,2117.5,707.9,458,0.330,0.844,0.627,1
HET_3,1166,2108.6,1571.3,176,0.548,0.964,0.893,0
HET_3,1167,2127.2,2963.1,663,0.451,0.964,0.801,0
HET_3,1168,2119.5,2048.2,444,0.518,0.798,0.780,1
HET_3,1169,2124.8,2730.8,512,0.413,0.941,0.705,2
HET_3,1170,2124.6,3052.2,415,0.505,0.726,0.744,0
HET_3,1171,2123.6,2609.3,1013,0.664,0.860,0.893,0
HET_3,1172,2125.0,3028.3,282,0.571,0.910,0.822,0
HET_3,1173,2129.5,2299.7,695,0.201,0.970,0.472,0
HET_3,1174,2131.3,2683.0,429,0.505,0.932,0.825,2
HET_3,1175,2122.2,2857.2,386,0.410,0.921,0.728,1
HET_3,1176,2127.8,1004.7,270,0.839,0.659,0.925,0
HET_3,1177,2132.0,1779.9,442,0.538,0.893,0.795,0
HET_3,1178,2135.7,686.1,402,0.454,0.922,0.713,1
HET_3,1179,2135.9,2386.6,330,0.653,0.546,0.859,2
HET_3,1180,2149.5,2800.9,517,0.355,0.964,0.713,2
HET_3,1181,2137.2,1567.9,428,0.623,0.911,0.890,1
HET_3,1182,2148.3,355.4,512,0.429,0.857,0.738,0
HET_3,1183,2136.1,272.8,189,0.948,0.390,0.955,1
HET_3,1184,2157.4,2481.0,857,0.196,0.467,0.475,0
HET_3,1185,2157.6,1021.2,479,0.272,0.960,0.562,0
HET_3,1186,2152.5,1336.0,306,0.475,0.969,0.887,2
HET_3,1187,2146.3,550.2,465,0.393,0.952,0.746,1
HET_3,1188,2144.3,3137.1,199,0.780,0.804,0.900,0
HET_3,1189,2144.7,1090.8,342,0.687,0.918,0.922,2
HET_3,1190,2150.9,778.7,336,0.522,0.610,0.780,1
HET_3,1191,2148.4,807.4,314,0.907,0.477,0.954,0
HET_3,1192,2154.1,251.0,315,0.781,0.792,0.913,1
HET_3,1193,2157.1,2169.7,534,0.320,0.907,0.608,0
HET_3,1194,2170.3,1877.7,553,0.424,0.968,0.825,0
HET_3,1195,2165.3,3040.2,630,0.293,0.970,0.623,1
HET_3,1196,2155.6,589.6,408,0.450,0.958,0.819,1
HET_3,1197,2161.8,2086.6,393,0.644,0.703,0.833,2
HET_3,1198,2161.5,2616.6,432,0.574,0.913,0.821,1
HET_3,1199,2171.2,3131.1,349,0.586,0.832,0.786,0
HET_3,1200,2167.2,520.5,319,0.660,0.809,0.839,0
HET_3,1201,2177.5,2774.9,501,0.411,0.746,0.691,3
HET_3,1202,2170.6,1694.3,368,0.560,0.916,0.846,0
HET_3,1203,2175.1,258.9,301,0.719,0.835,0.891,0
HET_3,1204,2186.2,1770.2,616,0.381,0.726,0.668,1
HET_3,1205,2182.9,1553.6,341,0.615,0.934,0.868,0
HET_3,1206,2181.7,1830.9,513,0.371,0.937,0.642,0
HET_3,1207,2181.4,494.9,411,0.686,0.907,0.926,1
HET_3,1208,2180.6,2620.2,144,0.824,0.861,0.941,0
HET_3,1209,2184.4,2878.8,370,0.325,0.885,0.519,0
HET_3,1210,2204.5,1277.0,571,0.275,0.963,0.597,0
HET_3,1211,2193.8,1476.9,283,0.443,0.780,0.674,0
HET_3,1212,2187.8,3107.1,264,0.913,0.759,0.957,1
HET_3,1213,2189.2,246.9,198,0.949,0.501,0.947,2
HET_3,1214,2190.9,2298.9,184,0.815,0.800,0.915,1
HET_3,1215,2195.1,473.8,361,0.718,0.902,0.935,1
HET_3,1216,2191.2,3064.5,331,0.535,0.893,0.784,1
HET_3,1217,2201.1,620.2,629,0.350,0.928,0.668,0
HET_3,1218,2209.7,450.5,523,0.241,0.911,0.527,1
HET_3,1219,2199.8,840.7,398,0.452,0.749,0.728,1
HET_3,1220,2200.9,1110.4,477,0.463,0.891,0.754,1
HET_3,1221,2197.7,986.5,294,0.536,0.600,0.731,1
HET_3,1222,2202.8,1165.1,363,0.614,0.913,0.866,0
HET_3,1223,2201.3,415.0,244,0.494,0.797,0.758,0
HET_3,1224,2193.3,1243.5,178,0.445,0.971,0.817,0
HET_3,1225,2205.1,2120.8,484,0.788,0.590,0.911,0
HET_3,1226,2204.3,276.4,264,0.805,0.818,0.933,1
HET_3,1227,2205.3,500.4,302,0.787,0.836,0.929,0
HET_3,1228,2211.6,2025.7,390,0.501,0.873,0.717,1
HET_3,1229,2212.9,2677.8,707,0.536,0.896,0.855,1
HET_3,1230,2210.4,1926.5,559,0.424,0.791,0.701,1
HET_3,1231,2215.3,708.0,451,0.336,0.983,0.726,0
HET_3,1232,2214.4,2403.0,635,0.330,0.866,0.626,0
HET_3,1233,2209.1,1408.8,442,0.489,0.709,0.727,0
HET_3,1234,2204.7,1898.0,101,0.900,0.815,0.927,0
HET_3,1235,2214.5,3004.2,426,0.474,0.968,0.829,0
HET_3,1236,2206.0,1598.9,114,0.597,0.956,0.877,0
HET_3,1237,2213.8,541.1,304,0.904,0.551,0.956,1
HET_3,1238,2223.9,553.4,503,0.351,0.964,0.651,0
HET_3,1239,2224.9,1958.9,667,0.509,0.661,0.807,0
HET_3,1240,2220.2,422.8,379,0.602,0.522,0.842,1
HET_3,1241,2236.9,2969.6,461,0.452,0.969,0.822,1
HET_3,1242,2225.0,502.0,340,0.393,0.937,0.720,1
HET_3,1243,2224.9,808.5,247,0.668,0.807,0.885,2
HET_3,1244,2231.0,1048.9,489,0.453,0.786,0.701,1
HET_3,1245,2220.1,1179.1,230,0.519,0.969,0.906,0
HET_3,1246,2227.0,2772.7,572,0.361,0.932,0.683,1
HET_3,1247,2229.7,1904.2,229,0.830,0.708,0.950,2
HET_3,1248,2234.6,1653.7,252,0.592,0.929,0.826,0
HET_3,1249,2229.6,1396.4,171,0.690,0.895,0.851,0
HET_3,1250,2250.0,1862.6,544,0.424,0.953,0.794,1
HET_3,1251,2236.0,1564.1,404,0.504,0.932,0.781,0
HET_3,1252,2243.4,2759.1,461,0.336,0.872,0.610,0
HET_3,1253,2239.1,2993.8,389,0.500,0.891,0.761,2
HET_3,1254,2241.1,1829.7,287,0.468,0.937,0.778,0
HET_3,1255,2256.3,2091.1,493,0.470,0.713,0.741,1
HET_3,1256,2254.7,2738.8,273,0.379,0.983,0.801,0
HET_3,1257,2246.5,1276.6,205,0.882,0.718,0.945,0
HET_3,1258,2253.7,1893.7,583,0.611,0.854,0.852,0
HET_3,1259,2247.2,3076.3,216,0.578,0.915,0.850,0
HET_3,1260,2244.2,1335.0,170,0.597,0.931,0.825,0
HET_3,1261,2251.3,1766.2,225,0.749,0.844,0.896,1
HET_3,1262,2254.3,2842.8,229,0.540,0.945,0.804,0
HET_3,1263,2259.5,3094.4,392,0.506,0.917,0.790,3
HET_3,1264,2248.8,2634.7,92,1.027,0.397,0.939,1
HET_3,1265,2274.0,2336.2,504,0.357,0.950,0.697,1
HET_3,1266,2267.9,361.0,346,0.568,0.932,0.874,2
HET_3,1267,2257.2,660.1,310,0.577,0.922,0.856,0
HET_3,1268,2272.4,1070.7,426,0.496,0.943,0.830,0
HET_3,1269,2263.0,2509.7,397,0.601,0.705,0.788,0
HET_3,1270,2262.2,867.7,416,0.499,0.894,0.758,1
HET_3,1271,2278.7,1655.7,463,0.376,0.944,0.653,0
HET_3,1272,2262.3,441.4,226,0.904,0.587,0.950,1
HET_3,1273,2276.1,1324.2,434,0.362,0.954,0.687,0
HET_3,1274,2276.9,2285.7,482,0.354,0.954,0.630,0
HET_3,1275,2263.4,3015.1,354,0.631,0.890,0.887,2
HET_3,1276,2272.2,2135.5,414,0.682,0.504,0.850,0
HET_3,1277,2273.3,2841.5,271,0.571,0.878,0.814,1
HET_3,1278,2280.7,2913.6,635,0.325,0.969,0.672,0
HET_3,1279,2281.2,790.7,488,0.367,0.974,0.698,0
HET_3,1280,2275.0,517.6,408,0.834,0.778,0.932,2
HET_3,1281,2289.0,2384.7,616,0.337,0.910,0.640,0
HET_3,1282,2276.1,959.2,208,0.708,0.907,0.900,1
HET_3,1283,2276.8,1515.3,234,0.832,0.754,0.925,1
HET_3,1284,2272.8,450.8,174,0.676,0.932,0.883,1
HET_3,1285,2280.3,1974.5,281,0.715,0.864,0.901,2
HET_3,1286,2275.4,2012.7,162,0.985,0.493,0.953,1
HET_3,1287,2280.7,351.8,331,0.737,0.794,0.912,0
HET_3,1288,2279.1,2169.7,316,0.692,0.756,0.845,0
HET_3,1289,2288.5,3015.9,373,0.376,0.977,0.730,0
HET_3,1290,2290.9,1796.7,635,0.428,0.902,0.699,1
HET_3,1291,2293.2,3098.2,946,0.615,0.309,0.878,0
HET_3,1292,2289.4,1104.5,575,0.760,0.686,0.916,0
HET_3,1293,2299.4,1385.8,516,0.409,0.928,0.710,0
HET_3,1294,2296.6,1444.8,234,0.496,0.952,0.783,0
HET_3,1295,2293.3,948.6,220,0.855,0.762,0.928,1
HET_3,1296,2291.0,1303.5,203,0.954,0.611,0.949,0
HET_3,1297,2295.3,1492.1,345,0.702,0.685,0.869,0
HET_3,1298,2290.4,1770.5,179,0.805,0.819,0.923,0
HET_3,1299,2295.7,1507.8,285,0.713,0.848,0.916,0
HET_3,1300,2295.2,2976.6,249,0.913,0.732,0.954,0
HET_3,1301,2307.1,1551.8,436,0.589,0.930,0.850,1
HET_3,1302,2297.8,2169.9,175,0.838,0.816,0.946,1
HET_3,1303,2299.3,403.0,302,0.758,0.732,0.899,0
HET_3,1304,2308.9,2443.4,416,0.718,0.454,0.863,0
HET_3,1305,2308.8,657.8,229,0.691,0.851,0.881,1
HET_3,1306,2314.4,407.1,339,0.589,0.895,0.887,2
HET_3,1307,2319.8,2891.7,445,0.516,0.455,0.777,0
HET_3,1308,2311.0,1285.3,210,0.896,0.734,0.938,0
HET_3,1309,2319.1,305.3,348,0.749,0.815,0.918,1
HET_3,1310,2317.8,331.3,290,0.795,0.829,0.954,3
HET_3,1311,2323.7,974.9,399,0.605,0.914,0.838,1
HET_3,1312,2316.1,1444.9,148,0.900,0.707,0.931,1
HET_3,1313,2317.1,1222.1,255,0.634,0.919,0.895,0
HET_3,1314,2323.4,1283.0,133,0.946,0.446,0.930,1
HET_3,1315,2332.6,2765.7,284,0.562,0.921,0.828,1
HET_3,1316,2342.5,1575.8,491,0.441,0.614,0.695,1
HET_3,1317,2329.3,2200.5,241,0.623,0.900,0.873,1
HET_3,1318,2332.2,2902.8,126,0.943,0.376,0.933,0
HET_3,1319,2339.6,3053.1,564,0.496,0.719,0.749,1
HET_3,1320,2337.7,1270.8,191,0.522,0.954,0.806,0
HET_3,1321,2359.1,1963.6,518,0.272,0.850,0.526,2
HET_3,1322,2338.4,1799.1,269,0.561,0.933,0.843,0
HET_3,1323,2345.5,805.7,289,0.524,0.874,0.787,0
HET_3,1324,2340.9,1071.7,399,0.501,0.952,0.836,1
HET_3,1325,2349.6,2968.8,404,0.716,0.813,0.876,0
HET_3,1326,2349.9,1785.6,354,0.579,0.727,0.794,1
HET_3,1327,2352.0,1913.5,314,0.438,0.856,0.706,1
HET_3,1328,2351.4,3085.5,539,0.628,0.814,0.833,1
HET_3,1329,2350.8,738.3,267,0.881,0.699,0.934,0
HET_3,1330,2360.1,2364.5,518,0.340,0.892,0.662,0
HET_3,1331,2363.2,361.7,525,0.623,0.917,0.884,0
HET_3,1332,2364.5,688.9,382,0.421,0.909,0.755,2
HET_3,1333,2355.9,417.5,397,0.403,0.958,0.724,2
HET_3,1334,2359.4,547.4,344,0.701,0.859,0.854,0
HET_3,1335,2361.5,1717.6,221,0.883,0.489,0.944,0
HET_3,1336,2376.6,1996.9,680,0.474,0.896,0.758,0
HET_3,1337,2369.1,1081.1,211,0.407,0.968,0.657,0
HET_3,1338,2362.8,1735.2,259,0.739,0.771,0.906,0
HET_3,1339,2371.3,2300.0,475,0.372,0.852,0.626,1
HET_3,1340,2371.3,2802.2,548,0.405,0.801,0.673,1
HET_3,1341,2369.7,296.7,356,0.831,0.847,0.967,0
HET_3,1342,2375.2,3037.6,348,0.539,0.929,0.835,0
HET_3,1343,2379.4,1242.6,534,0.434,0.941,0.813,0
HET_3,1344,2368.4,2530.6,328,0.543,0.923,0.806,1
HET_3,1345,2394.9,1866.1,454,0.259,0.967,0.528,0
HET_3,1346,2382.7,664.4,606,0.703,0.719,0.848,0
HET_3,1347,2385.7,2180.4,664,0.517,0.739,0.796,0
HET_3,1348,2380.0,608.9,373,0.746,0.857,0.932,3
HET_3,1349,2377.8,586.7,63,0.445,0.932,0.612,2
HET_3,1350,2393.6,399.4,469,0.810,0.280,0.914,0
HET_3,1351,2403.6,2652.3,698,0.392,0.964,0.722,0
HET_3,1352,2392.6,2419.4,254,0.678,0.920,0.891,1
HET_3,1353,2390.4,3127.1,345,0.674,0.862,0.852,0
HET_3,1354,2392.4,899.3,305,0.787,0.740,0.916,1
HET_3,1355,2397.1,2216.6,455,0.548,0.928,0.852,2
HET_3,1356,2389.0,3081.1,209,0.723,0.861,0.901,0
HET_3,1357,2392.6,879.1,183,0.748,0.888,0.934,0
HET_3,1358,2400.9,850.0,440,0.565,0.494,0.773,2
HET_3,1359,2408.3,2909.5,627,0.292,0.951,0.648,0
HET_3,1360,2398.8,3098.9,409,0.816,0.777,0.930,1
HET_3,1361,2406.1,1991.8,367,0.474,0.905,0.703,2
HET_3,1362,2400.9,3033.2,296,0.826,0.818,0.943,1
HET_3,1363,2418.7,1849.0,553,0.317,0.944,0.596,2
HET_3,1364,2411.4,826.0,313,0.378,0.936,0.641,0
HET_3,1365,2410.7,1461.7,1133,0.691,0.628,0.862,0
HET_3,1366,2402.8,627.8,176,0.949,0.442,0.957,2
HET_3,1367,2401.3,2961.5,199,0.780,0.850,0.934,1
HET_3,1368,2418.7,761.9,470,0.674,0.882,0.923,0
HET_3,1369,2410.4,2187.8,317,0.627,0.898,0.890,1
HET_3,1370,2416.6,2980.3,502,0.365,0.725,0.661,0
HET_3,1371,2412.1,898.8,238,0.688,0.848,0.872,0
HET_3,1372,2414.1,1492.1,639,0.730,0.660,0.896,0
HET_3,1373,2413.1,1319.4,389,0.432,0.978,0.829,1
HET_3,1374,2413.8,401.8,237,0.745,0.849,0.915,1
HET_3,1375,2411.8,955.9,189,0.813,0.584,0.900,2
HET_3,1376,2412.8,1672.1,215,0.835,0.698,0.919,1
HET_3,1377,2431.1,3069.9,736,0.357,0.971,0.784,2
HET_3,1378,2431.6,2759.3,1437,0.466,0.526,0.734,0
HET_3,1379,2417.1,3113.0,425,0.689,0.847,0.908,0
HET_3,1380,2424.2,2211.8,412,0.478,0.795,0.749,1
HET_3,1381,2420.8,1693.8,196,0.464,0.970,0.781,0
HET_3,1382,2424.0,1287.2,241,0.791,0.828,0.945,0
HET_3,1383,2427.4,950.1,285,0.818,0.419,0.919,0
HET_3,1384,2438.7,2584.7,438,0.528,0.718,0.788,1
HET_3,1385,2444.6,2729.4,455,0.505,0.907,0.794,1
HET_3,1386,2443.9,3014.6,398,0.585,0.848,0.794,1
HET_3,1387,2455.1,1749.0,1540,0.467,0.670,0.773,0
HET_3,1388,2441.7,724.5,378,0.542,0.877,0.797,3
HET_3,1389,2451.6,2652.1,515,0.472,0.902,0.751,1
HET_3,1390,2450.8,974.4,606,0.278,0.976,0.610,0
HET_3,1391,2441.6,760.4,207,0.927,0.458,0.937,0
HET_3,1392,2442.8,2348.0,308,0.562,0.836,0.772,1
HET_3,1393,2446.8,1853.3,403,0.735,0.667,0.931,0
HET_3,1394,2443.7,2842.0,168,0.710,0.862,0.908,0
HET_3,1395,2448.1,2502.0,307,0.684,0.784,0.850,0
HET_3,1396,2448.6,457.2,348,0.916,0.637,0.953,0
HET_3,1397,2449.7,663.4,274,0.792,0.688,0.926,2
HET_3,1398,2451.1,2218.0,442,0.591,0.929,0.868,0
HET_3,1399,2451.1,2262.9,193,0.702,0.741,0.865,2
HET_3,1400,2448.6,2520.0,194,0.861,0.758,0.946,0
HET_3,1401,2468.5,1802.7,432,0.429,0.967,0.882,2
HET_3,1402,2471.1,2821.8,436,0.348,0.972,0.722,1
HET_3,1403,2467.2,704.2,289,0.695,0.917,0.938,1
HET_3,1404,2459.4,2343.1,235,0.466,0.936,0.758,0
HET_3,1405,2478.2,1038.6,584,0.305,0.901,0.559,3
HET_3,1406,2475.4,1449.4,460,0.454,0.958,0.849,2
HET_3,1407,2472.2,438.6,394,0.843,0.446,0.949,2
HET_3,1408,2472.7,729.5,345,0.914,0.679,0.964,0
HET_3,1409,2471.0,1911.8,462,0.335,0.955,0.590,0
HET_3,1410,2471.5,458.6,219,0.930,0.591,0.965,0
HET_3,1411,2472.8,2941.0,458,0.421,0.961,0.711,0
HET_3,1412,2476.7,2444.0,387,0.380,0.955,0.705,1
HET_3,1413,2487.0,2111.8,587,0.203,0.868,0.460,0
HET_3,1414,2486.4,595.4,677,0.769,0.691,0.943,0
HET_3,1415,2483.1,2282.4,385,0.718,0.406,0.854,0
HET_3,1416,2482.8,2259.4,212,0.717,0.771,0.880,2
HET_3,1417,2491.8,2687.4,377,0.511,0.914,0.773,2
HET_3,1418,2480.8,3079.2,185,0.796,0.892,0.939,1
HET_3,1419,2489.3,2518.0,277,0.705,0.895,0.908,0
HET_3,1420,2491.0,478.5,418,0.471,0.962,0.826,1
HET_3,1421,2489.5,2003.8,384,0.413,0.884,0.707,2
HET_3,1422,2500.4,544.9,495,0.606,0.875,0.859,1
HET_3,1423,2494.5,1668.0,334,0.785,0.856,0.941,1
HET_3,1424,2498.7,3001.2,397,0.728,0.892,0.947,1
HET_3,1425,2498.1,2593.1,310,0.741,0.800,0.886,1
HET_3,1426,2510.3,2747.2,511,0.571,0.886,0.796,1
HET_3,1427,2502.5,2921.9,151,0.580,0.950,0.868,1
HET_3,1428,2506.6,1270.9,448,0.538,0.938,0.839,2
HET_3,1429,2515.9,3057.6,405,0.383,0.926,0.650,0
HET_3,1430,2515.6,1589.0,388,0.747,0.825,0.930,0
HET_3,1431,2510.2,2517.0,180,0.691,0.835,0.849,1
HET_3,1432,2513.7,2128.7,365,0.576,0.912,0.815,1
HET_3,1433,2518.7,3032.7,333,0.882,0.579,0.941,1
HET_3,1434,2528.6,594.4,998,0.697,0.782,0.899,0
HET_3,1435,2524.0,1746.6,365,0.313,0.985,0.730,0
HET_3,1436,2530.3,623.5,512,0.563,0.903,0.786,2
HET_3,1437,2539.3,1109.9,529,0.432,0.962,0.799,0
HET_3,1438,2531.9,1843.6,539,0.429,0.892,0.723,0
HET_3,1439,2541.3,803.7,480,0.415,0.954,0.731,2
HET_3,1440,2529.9,1605.6,446,0.361,0.966,0.705,0
HET_3,1441,2531.0,2362.4,316,0.571,0.838,0.810,1
HET_3,1442,2541.5,576.5,729,0.734,0.811,0.960,0
HET_3,1443,2545.4,993.2,631,0.216,0.897,0.510,0
HET_3,1444,2539.7,2964.6,286,0.721,0.741,0.897,1
HET_3,1445,2545.0,2781.2,579,0.318,0.871,0.599,3
HET_3,1446,2541.7,2183.6,390,0.742,0.782,0.915,1
HET_3,1447,2539.0,1758.6,274,0.827,0.791,0.932,1
HET_3,1448,2547.3,1948.9,494,0.325,0.980,0.707,2
HET_3,1449,2539.4,2648.4,231,0.799,0.840,0.943,1
HET_3,1450,2554.1,2329.6,339,0.603,0.866,0.817,2
HET_3,1451,2556.2,547.4,452,0.717,0.889,0.938,2
HET_3,1452,2554.9,1610.2,452,0.638,0.849,0.846,2
HET_3,1453,2567.1,2832.1,363,0.499,0.942,0.848,3
HET_3,1454,2559.0,1545.6,232,0.858,0.758,0.932,0
HET_3,1455,2557.2,2278.2,223,0.739,0.809,0.888,1
HET_3,1456,2559.5,2393.0,158,0.937,0.645,0.940,1
HET_3,1457,2568.1,861.9,565,0.517,0.814,0.776,0
HET_3,1458,2569.9,651.5,540,0.685,0.572,0.874,0
HET_3,1459,2573.2,2397.0,485,0.567,0.666,0.866,0
HET_3,1460,2570.5,1614.4,369,0.751,0.559,0.885,0
HET_3,1461,2580.7,2879.2,732,0.356,0.896,0.693,0
HET_3,1462,2578.2,928.7,496,0.530,0.735,0.801,0
HET_3,1463,2587.3,1158.0,742,0.446,0.810,0.724,2
HET_3,1464,2589.1,1986.9,443,0.439,0.926,0.776,0
HET_3,1465,2583.9,2174.4,583,0.282,0.911,0.567,0
HET_3,1466,2580.7,1627.5,300,0.817,0.664,0.923,0
HET_3,1467,2582.4,2419.2,546,0.655,0.746,0.883,3
HET_3,1468,2581.4,2082.0,373,0.584,0.808,0.842,2
HET_3,1469,2587.6,609.8,461,0.599,0.782,0.831,0
HET_3,1470,2592.0,1484.7,625,0.863,0.574,0.959,0
HET_3,1471,2590.9,2457.9,571,0.731,0.857,0.938,0
HET_3,1472,2587.3,1845.5,128,0.714,0.928,0.941,0
HET_3,1473,2599.6,2858.8,270,0.821,0.656,0.915,0
HET_3,1474,2605.4,2935.2,616,0.629,0.531,0.829,0
HET_3,1475,2606.3,1656.2,457,0.816,0.615,0.927,0
HET_3,1476,2607.5,2579.2,296,0.661,0.877,0.876,1
HET_3,1477,2615.5,616.2,488,0.540,0.404,0.764,0
HET_3,1478,2619.0,866.4,430,0.448,0.949,0.783,1
HET_3,1479,2613.1,2409.0,285,0.789,0.751,0.928,2
HET_3,1480,2609.9,599.3,265,0.770,0.675,0.920,3
HET_3,1481,2608.7,1240.7,213,0.770,0.849,0.922,1
HET_3,1482,2615.6,2336.0,561,0.888,0.655,0.962,0
HET_3,1483,2615.1,817.5,248,0.555,0.899,0.835,0
HET_3,1484,2621.2,1330.4,354,0.642,0.921,0.912,1
HET_3,1485,2622.5,2448.0,367,0.693,0.872,0.886,2
HET_3,1486,2628.1,2821.6,598,0.440,0.765,0.715,0
HET_3,1487,2624.8,830.3,312,0.602,0.911,0.876,2
HET_3,1488,2619.3,1607.2,195,0.913,0.539,0.933,3
HET_3,1489,2621.7,2395.1,293,0.812,0.790,0.939,2
HET_3,1490,2623.6,1593.0,195,0.814,0.694,0.938,0
HET_3,1491,2627.1,1529.4,291,0.725,0.879,0.921,1
HET_3,1492,2641.0,2023.4,524,0.524,0.876,0.793,0
HET_3,1493,2633.6,3057.8,299,0.656,0.922,0.903,0
HET_3,1494,2634.3,911.4,646,0.365,0.923,0.655,2
HET_3,1495,2634.0,2207.4,396,0.604,0.822,0.805,2
HET_3,1496,2630.0,655.3,186,0.891,0.785,0.954,1
HET_3,1497,2636.4,2516.5,615,0.650,0.681,0.865,0
HET_3,1498,2646.0,1743.3,450,0.397,0.912,0.746,0
HET_3,1499,2643.9,2540.5,780,0.739,0.701,0.903,0
HET_3,1500,2637.9,1799.4,288,0.657,0.891,0.903,2
HET_3,1501,2640.9,2335.8,424,0.555,0.863,0.793,0
HET_3,1502,2644.4,744.4,398,0.559,0.937,0.841,2
HET_3,1503,2643.9,820.6,296,0.788,0.806,0.908,0
HET_3,1504,2641.1,2000.0,224,0.878,0.277,0.914,0
HET_3,1505,2651.1,582.9,395,0.589,0.935,0.878,2
HET_3,1506,2655.1,2358.2,437,0.769,0.757,0.934,2
HET_3,1507,2648.2,2427.7,185,0.886,0.706,0.939,2
HET_3,1508,2661.7,1089.1,296,0.415,0.976,0.829,1
HET_3,1509,2657.9,2882.3,595,0.886,0.641,0.967,1
HET_3,1510,2671.4,1130.8,598,0.403,0.952,0.751,1
HET_3,1511,2660.3,2640.2,525,0.508,0.827,0.755,0
HET_3,1512,2655.5,1360.1,268,0.830,0.744,0.937,0
HET_3,1513,2655.2,3055.1,254,0.664,0.803,0.867,1
HET_3,1514,2655.6,766.3,137,0.636,0.944,0.890,0
HET_3,1515,2664.8,2520.0,664,0.554,0.794,0.843,0
HET_3,1516,2664.5,2427.2,519,0.703,0.841,0.872,0
HET_3,1517,2663.4,2943.7,197,0.674,0.926,0.929,0
HET_3,1518,2661.0,1106.1,250,0.825,0.743,0.940,0
HET_3,1519,2661.8,1644.3,294,0.785,0.803,0.875,0
HET_3,1520,2663.2,1456.8,253,0.870,0.750,0.937,2
HET_3,1521,2677.0,1193.4,412,0.555,0.831,0.808,1
HET_3,1522,2668.4,1574.5,414,0.848,0.737,0.939,0
HET_3,1523,2672.6,1599.9,440,0.750,0.890,0.952,0
HET_3,1524,2669.2,960.5,224,0.444,0.909,0.707,0
HET_3,1525,2670.8,1755.3,403,0.547,0.933,0.882,2
HET_3,1526,2677.7,2476.9,807,0.800,0.674,0.932,0
HET_3,1527,2675.9,1487.8,438,0.626,0.792,0.802,1
HET_3,1528,2674.8,1618.3,293,0.807,0.638,0.907,0
HET_3,1529,2675.7,2319.3,312,0.637,0.871,0.857,0
HET_3,1530,2676.0,1967.1,229,0.726,0.913,0.946,1
HET_3,1531,2682.2,975.4,372,0.595,0.706,0.819,2
HET_3,1532,2681.9,2714.1,224,0.853,0.815,0.953,1
HET_3,1533,2695.1,1893.6,697,0.419,0.953,0.797,0
HET_3,1534,2681.1,2161.8,243,0.659,0.913,0.900,1
HET_3,1535,2692.3,2561.8,420,0.516,0.914,0.776,0
HET_3,1536,2686.4,2260.0,183,0.551,0.919,0.847,1
HET_3,1537,2687.8,1727.7,318,0.715,0.783,0.886,2
HET_3,1538,2689.4,1804.6,402,0.624,0.914,0.854,0
HET_3,1539,2684.9,752.3,167,0.741,0.847,0.913,2
HET_3,1540,2693.6,2392.1,393,0.418,0.966,0.802,1
HET_3,1541,2716.6,2619.1,760,0.224,0.967,0.584,0
HET_3,1542,2697.7,2073.2,355,0.449,0.959,0.820,0
HET_3,1543,2699.3,750.2,212,0.861,0.775,0.930,0
HET_3,1544,2701.9,2909.1,603,0.393,0.955,0.710,1
HET_3,1545,2697.4,1925.5,236,0.729,0.895,0.940,0
HET_3,1546,2712.4,1576.9,865,0.753,0.797,0.930,0
HET_3,1547,2713.9,2505.3,1143,0.404,0.449,0.831,0
HET_3,1548,2707.5,1701.6,325,0.749,0.845,0.900,1
HET_3,1549,2720.0,2800.9,569,0.352,0.949,0.607,0
HET_3,1550,2708.0,2280.3,263,0.752,0.865,0.923,1
HET_3,1551,2710.1,610.8,478,0.807,0.599,0.934,0
HET_3,1552,2709.8,854.3,272,0.786,0.815,0.919,2
HET_3,1553,2711.4,1480.1,358,0.920,0.605,0.957,2
HET_3,1554,2712.3,1736.0,255,0.715,0.858,0.876,1
HET_3,1555,2708.8,1385.9,284,0.812,0.841,0.940,2
HET_3,1556,2715.9,2375.7,357,0.795,0.800,0.922,0
HET_3,1557,2722.4,1657.9,382,0.587,0.927,0.862,0
HET_3,1558,2713.8,1056.5,424,0.373,0.943,0.664,1
HET_3,1559,2719.3,2289.6,283,0.475,0.931,0.811,0
HET_3,1560,2725.1,2424.4,425,0.475,0.923,0.813,3
HET_3,1561,2713.6,2850.9,124,0.984,0.302,0.939,1
HET_3,1562,2723.5,728.7,177,0.600,0.935,0.851,0
HET_3,1563,2724.7,2862.5,411,0.662,0.811,0.886,0
HET_3,1564,2723.4,2345.2,209,0.709,0.904,0.889,1
HET_3,1565,2730.8,2304.2,386,0.675,0.906,0.891,1
HET_3,1566,2725.7,1595.5,199,0.803,0.597,0.926,2
HET_3,1567,2730.9,617.6,288,0.740,0.814,0.906,2
HET_3,1568,2729.6,670.5,255,0.804,0.692,0.907,0
HET_3,1569,2741.0,1779.7,428,0.849,0.655,0.943,4
HET_3,1570,2742.6,1952.0,382,0.409,0.876,0.703,0
HET_3,1571,2737.2,2336.1,186,0.924,0.490,0.944,1
HET_3,1572,2742.3,2868.6,201,0.669,0.914,0.885,1
HET_3,1573,2755.2,2289.1,520,0.603,0.459,0.794,0
HET_3,1574,2748.2,2152.8,425,0.495,0.910,0.737,0
HET_3,1575,2752.9,1024.3,253,0.670,0.891,0.891,2
HET_3,1576,2744.8,1133.3,110,0.998,0.678,0.957,1
HET_3,1577,2748.9,1871.6,292,0.829,0.710,0.951,3
HET_3,1578,2752.0,2353.8,269,0.727,0.815,0.894,0
HET_3,1579,2750.2,2892.3,398,0.497,0.951,0.814,0
HET_3,1580,2756.9,2529.4,412,0.800,0.778,0.943,2
HET_3,1581,2756.7,1620.4,362,0.708,0.881,0.933,2
HET_3,1582,2764.0,1856.2,466,0.790,0.688,0.930,0
HET_3,1583,2761.2,2577.6,407,0.654,0.462,0.841,2
HET_3,1584,2763.6,2001.4,415,0.549,0.885,0.806,0
HET_3,1585,2757.6,2374.0,243,0.871,0.724,0.949,0
HET_3,1586,2774.9,2232.7,587,0.339,0.877,0.660,0
HET_3,1587,2758.0,2392.9,173,0.865,0.678,0.915,1
HET_3,1588,2769.5,2740.6,509,0.568,0.792,0.807,0
HET_3,1589,2771.4,1716.1,337,0.501,0.936,0.802,1
HET_3,1590,2774.8,930.6,475,0.666,0.866,0.881,1
HET_3,1591,2771.3,1896.4,276,0.726,0.846,0.917,2
HET_3,1592,2772.7,1777.4,277,0.786,0.814,0.930,2
HET_3,1593,2766.3,2873.2,281,0.671,0.898,0.862,0
HET_3,1594,2771.0,2689.4,496,0.433,0.943,0.758,0
HET_3,1595,2771.9,2508.3,241,0.833,0.830,0.938,0
HET_3,1596,2780.5,2886.8,285,0.599,0.806,0.826,3
HET_3,1597,2805.5,869.5,561,0.307,0.967,0.687,1
HET_3,1598,2778.2,2256.1,200,0.820,0.707,0.909,0
HET_3,1599,2778.2,733.0,156,0.755,0.856,0.902,1
HET_3,1600,2779.7,2381.9,243,0.739,0.832,0.880,1
HET_3,1601,2792.3,2131.0,503,0.527,0.911,0.826,0
HET_3,1602,2785.2,2636.6,389,0.549,0.846,0.792,1
HET_3,1603,2782.2,2868.4,160,0.792,0.878,0.936,0
HET_3,1604,2787.8,1767.8,286,0.870,0.765,0.963,0
HET_3,1605,2794.5,1937.2,291,0.752,0.794,0.912,3
HET_3,1606,2792.0,1481.3,223,0.765,0.887,0.941,2
HET_3,1607,2799.0,2833.4,597,0.664,0.864,0.894,0
HET_3,1608,2805.7,1824.4,444,0.699,0.764,0.869,0
HET_3,1609,2805.2,2514.7,355,0.631,0.870,0.868,1
HET_3,1610,2824.9,2039.9,580,0.330,0.901,0.647,0
HET_3,1611,2811.6,1090.0,596,0.480,0.941,0.722,0
HET_3,1612,2807.0,1171.6,546,0.405,0.950,0.772,1
HET_3,1613,2804.8,1751.5,240,0.808,0.813,0.930,2
HET_3,1614,2807.7,1878.1,564,0.480,0.934,0.786,0
HET_3,1615,2813.3,1433.8,421,0.449,0.862,0.726,0
HET_3,1616,2812.5,1302.9,338,0.686,0.575,0.854,2
HET_3,1617,2805.1,1618.8,136,0.643,0.941,0.907,0
HET_3,1618,2814.4,2282.7,334,0.701,0.525,0.850,0
HET_3,1619,2810.6,2595.0,239,0.820,0.839,0.937,0
HET_3,1620,2811.3,1489.5,161,0.965,0.476,0.947,3
HET_3,1621,2813.7,1724.0,483,0.633,0.904,0.908,0
HET_3,1622,2815.4,1762.6,274,0.897,0.634,0.948,1
HET_3,1623,2815.6,1642.4,251,0.885,0.707,0.947,1
HET_3,1624,2817.1,2187.4,241,0.760,0.858,0.913,0
HET_3,1625,2818.9,2790.6,461,0.567,0.832,0.809,3
HET_3,1626,2818.1,2266.1,274,0.868,0.705,0.942,2
HET_3,1627,2827.1,807.7,352,0.435,0.957,0.779,1
HET_3,1628,2821.0,1574.2,198,0.898,0.615,0.947,2
HET_3,1629,2820.3,1534.2,190,0.862,0.741,0.927,3
HET_3,1630,2827.3,2820.4,228,0.537,0.945,0.806,0
HET_3,1631,2827.5,2356.7,364,0.793,0.630,0.903,0
HET_3,1632,2832.2,2856.2,514,0.751,0.790,0.908,0
HET_3,1633,2836.2,968.5,424,0.529,0.889,0.775,1
HET_3,1634,2831.2,1232.0,311,0.690,0.793,0.896,2
HET_3,1635,2831.9,2567.5,295,0.874,0.757,0.952,1
HET_3,1636,2839.0,2095.1,768,0.570,0.893,0.834,0
HET_3,1637,2833.7,2313.5,145,0.911,0.802,0.967,1
HET_3,1638,2848.6,754.0,405,0.475,0.937,0.747,2
HET_3,1639,2838.9,693.3,238,0.780,0.857,0.878,0
HET_3,1640,2844.5,2700.2,304,0.717,0.867,0.905,2
HET_3,1641,2839.0,1326.4,185,0.856,0.808,0.944,0
HET_3,1642,2847.3,1792.0,399,0.833,0.709,0.941,1
HET_3,1643,2846.6,1726.8,478,0.627,0.735,0.857,0
HET_3,1644,2851.1,912.9,509,0.445,0.725,0.747,1
HET_3,1645,2847.2,2656.1,296,0.808,0.871,0.952,1
HET_3,1646,2852.1,1817.9,453,0.685,0.814,0.855,0
HET_3,1647,2849.6,2312.6,457,0.633,0.933,0.920,0
HET_3,1648,2853.1,1280.1,477,0.681,0.684,0.867,0
HET_3,1649,2848.9,1523.6,288,0.854,0.748,0.944,1
HET_3,1650,2850.4,2788.4,384,0.587,0.894,0.855,2
HET_3,1651,2850.7,1342.7,324,0.767,0.867,0.931,0
HET_3,1652,2855.7,1412.3,395,0.720,0.766,0.894,0
HET_3,1653,2861.8,2530.1,247,0.788,0.874,0.936,1
HET_3,1654,2864.5,1687.9,341,0.750,0.855,0.909,1
HET_3,1655,2870.6,1955.8,426,0.612,0.915,0.834,1
HET_3,1656,2864.7,1052.2,233,0.763,0.820,0.900,1
HET_3,1657,2861.7,2134.6,222,0.747,0.871,0.914,0
HET_3,1658,2867.7,2685.1,462,0.624,0.589,0.819,1
HET_3,1659,2868.7,629.7,612,0.699,0.851,0.909,0
HET_3,1660,2869.5,2748.7,82,0.997,0.510,0.932,0
HET_3,1661,2873.9,1268.0,162,0.927,0.789,0.959,0
HET_3,1662,2878.7,1517.9,360,0.542,0.876,0.784,1
HET_3,1663,2880.5,1484.1,378,0.581,0.948,0.887,1
HET_3,1664,2886.7,2245.0,367,0.687,0.875,0.904,2
HET_3,1665,2903.6,1989.0,604,0.335,0.881,0.586,0
HET_3,1666,2883.0,2752.4,306,0.799,0.839,0.930,1
HET_3,1667,2881.4,2224.3,187,0.797,0.863,0.940,3
HET_3,1668,2891.2,1307.0,426,0.653,0.682,0.824,3
HET_3,1669,2882.9,2781.2,321,0.546,0.945,0.863,2
HET_3,1670,2887.2,620.1,354,0.783,0.744,0.915,5
HET_3,1671,2890.5,1143.9,301,0.513,0.937,0.827,1
HET_3,1672,2893.1,2574.5,319,0.724,0.730,0.867,2
HET_3,1673,2889.7,2723.1,234,0.858,0.640,0.925,2
HET_3,1674,2889.3,1853.5,522,0.490,0.911,0.802,1
HET_3,1675,2891.3,644.2,383,0.817,0.654,0.936,0
HET_3,1676,2890.2,2075.8,360,0.604,0.862,0.841,3
HET_3,1677,2890.0,2112.0,248,0.760,0.822,0.919,1
HET_3,1678,2903.4,784.7,509,0.367,0.972,0.754,1
HET_3,1679,2897.0,2232.0,428,0.740,0.788,0.918,0
HET_3,1680,2892.8,2138.6,255,0.963,0.570,0.970,0
HET_3,1681,2894.3,2640.4,241,0.857,0.686,0.934,1
HET_3,1682,2900.8,2166.9,517,0.495,0.869,0.789,0
HET_3,1683,2894.0,2559.3,139,0.995,0.455,0.979,2
HET_3,1684,2896.8,2768.7,207,0.952,0.595,0.945,0
HET_3,1685,2898.2,2731.7,115,0.883,0.710,0.927,0
HET_3,1686,2904.4,2186.7,190,0.793,0.800,0.927,4
HET_3,1687,2905.6,2564.4,199,0.662,0.929,0.888,1
HET_3,1688,2916.9,1862.4,245,0.498,0.971,0.866,0
HET_3,1689,2909.8,2635.9,215,0.939,0.612,0.951,2
HET_3,1690,2911.9,2617.1,276,0.904,0.655,0.958,3
HET_3,1691,2911.7,685.3,319,0.717,0.912,0.944,2
HET_3,1692,2918.5,2574.7,274,0.833,0.214,0.913,1
HET_3,1693,2924.8,996.0,381,0.523,0.939,0.816,1
HET_3,1694,2927.2,635.7,376,0.585,0.897,0.825,3
HET_3,1695,2940.4,580.3,405,0.469,0.958,0.882,4
HET_3,1696,2933.7,2073.6,431,0.855,0.535,0.954,0
HET_3,1697,2930.3,2626.6,352,0.717,0.793,0.887,0
HET_3,1698,2938.2,1912.2,330,0.834,0.742,0.935,0
HET_3,1699,2936.4,1283.9,398,0.608,0.939,0.909,1
HET_3,1700,2935.8,1485.2,282,0.821,0.720,0.892,0
HET_3,1701,2933.6,1209.6,241,0.593,0.940,0.903,2
HET_3,1702,2938.2,1471.5,194,0.835,0.764,0.919,1
HET_3,1703,2942.3,874.0,373,0.778,0.748,0.910,1
HET_3,1704,2947.0,1229.7,220,0.935,0.720,0.969,1
HET_3,1705,2949.4,1106.3,240,0.747,0.751,0.886,2
HET_3,1706,2956.0,1425.0,311,0.673,0.884,0.850,2
HET_3,1707,2958.1,1341.1,281,0.776,0.685,0.912,2
HET_3,1708,2960.2,562.1,267,0.766,0.728,0.884,0
HET_3,1709,2965.9,1235.9,318,0.806,0.839,0.944,1
HET_3,1710,2967.0,2048.4,321,0.865,0.785,0.955,1
HET_3,1711,2969.6,1267.6,228,0.878,0.730,0.946,0
HET_3,1712,2977.4,738.3,385,0.401,0.971,0.772,1
HET_3,1713,2976.0,1872.5,284,0.633,0.844,0.811,2
HET_3,1714,2988.7,821.2,454,0.416,0.875,0.733,3
HET_3,1715,2979.6,1206.4,236,0.663,0.667,0.834,0
HET_3,1716,2984.9,1345.4,373,0.633,0.930,0.880,1
HET_3,1717,2989.7,1000.1,496,0.887,0.675,0.954,2
HET_3,1718,2999.5,1319.6,600,0.348,0.632,0.684,0
HET_3,1719,2988.8,1269.0,341,0.743,0.553,0.909,1
HET_3,1720,2991.9,1942.7,277,0.739,0.889,0.923,2
HET_3,1721,2995.0,558.9,421,0.352,0.850,0.603,2
HET_3,1722,2996.3,1180.7,264,0.584,0.884,0.783,0
HET_3,1723,2994.6,2122.2,252,0.951,0.594,0.958,1
HET_3,1724,3003.6,950.3,492,0.422,0.851,0.698,0
HET_3,1725,2998.4,2012.8,201,0.924,0.589,0.944,1
HET_3,1726,3005.2,1245.6,284,0.821,0.806,0.937,2
HET_3,1727,3007.9,2049.8,288,0.784,0.829,0.920,3
HET_3,1728,3012.1,2027.4,383,0.649,0.883,0.901,3
HET_3,1729,3015.4,1045.3,284,0.685,0.814,0.869,2
HET_3,1730,3022.4,1060.0,432,0.645,0.863,0.852,1
HET_3,1731,3018.2,1191.1,313,0.669,0.912,0.913,2
HET_3,1732,3015.9,1002.5,256,0.947,0.719,0.962,0
HET_3,1733,3024.2,1868.1,224,0.829,0.802,0.933,2
HET_3,1734,3028.1,1104.3,304,0.604,0.656,0.809,0
HET_3,1735,3029.5,1224.9,349,0.655,0.907,0.884,1
HET_3,1736,3027.8,1880.0,158,0.831,0.825,0.919,1
HET_3,1737,3035.3,652.1,308,0.427,0.940,0.667,0
HET_3,1738,3036.2,2216.7,315,0.678,0.744,0.882,1
HET_3,1739,3031.3,1924.3,228,0.776,0.833,0.934,1
HET_3,1740,3035.2,1131.9,460,0.593,0.790,0.847,0
HET_3,1741,3040.6,889.5,287,0.781,0.870,0.938,1
HET_3,1742,3044.3,1230.4,290,0.862,0.672,0.963,0
HET_3,1743,3048.2,1175.0,571,0.646,0.896,0.895,0
HET_3,1744,3049.0,1064.2,575,0.606,0.832,0.836,0
HET_3,1745,3052.7,1005.0,523,0.566,0.727,0.802,0
HET_3,1746,3062.0,563.6,384,0.587,0.788,0.837,0
HET_3,1747,3056.9,2160.4,128,0.910,0.521,0.928,1
HET_3,1748,3066.5,1893.9,231,0.721,0.499,0.882,2
HET_3,1749,3071.5,959.3,574,0.624,0.578,0.839,1
HET_3,1750,3067.5,2167.1,271,0.542,0.884,0.783,0
HET_3,1751,3075.1,808.4,363,0.457,0.820,0.703,2
HET_3,1752,3075.8,1012.1,504,0.453,0.876,0.699,1
HET_3,1753,3077.4,689.9,179,0.869,0.816,0.947,0
HET_3,1754,3080.7,2098.1,241,0.776,0.574,0.873,0
HET_3,1755,3085.5,745.0,267,0.606,0.581,0.824,2
HET_3,1756,3086.4,796.1,270,0.952,0.457,0.964,0
HET_3,1757,3101.3,1070.7,573,0.525,0.853,0.814,1
HET_3,1758,3097.1,867.0,538,0.378,0.906,0.659,0
HET_3,1759,3098.8,1942.7,268,0.878,0.800,0.961,1
HET_3,1760,3103.6,1905.3,563,0.903,0.535,0.959,0
HET_3,1761,3097.3,2010.2,386,0.565,0.917,0.811,0
HET_3,1762,3094.2,941.0,164,0.721,0.914,0.937,1
HET_3,1763,3102.0,1023.6,221,0.857,0.718,0.936,0
HET_3,1764,3111.5,1032.6,153,0.848,0.793,0.905,1
HET_3,1765,3120.8,2052.0,341,0.550,0.878,0.788,3
HET_3,1766,3125.9,1896.5,175,0.709,0.905,0.911,0
HET_3,1767,3127.9,1906.1,155,0.748,0.821,0.886,0
HET_3,1768,3129.3,2161.6,219,0.798,0.510,0.912,1
HET_3,1769,3140.1,1915.1,231,0.659,0.914,0.868,3
HET_3,1770,3142.4,2157.4,153,0.965,0.553,0.944,0
HET_3,1771,3147.9,2075.3,275,0.922,0.653,0.962,1
HET_3,1772,3151.8,1914.1,461,0.724,0.900,0.973,0
WT_2,1,193.3,1095.6,638,0.630,0.608,0.845,0
WT_2,2,201.9,1066.1,691,0.543,0.868,0.847,0
WT_2,3,212.5,1035.1,569,0.427,0.482,0.737,1
WT_2,4,210.8,994.9,208,0.459,0.969,0.770,1
WT_2,5,216.9,973.0,421,0.708,0.580,0.883,0
WT_2,6,227.2,1127.1,573,0.413,0.877,0.678,2
WT_2,7,219.1,1317.4,183,0.520,0.950,0.817,1
WT_2,8,221.9,822.0,435,0.381,0.978,0.759,0
WT_2,9,231.4,849.4,184,0.730,0.863,0.906,3
WT_2,10,248.5,1341.5,785,0.464,0.619,0.810,0
WT_2,11,247.5,1232.4,440,0.562,0.540,0.787,1
WT_2,12,246.0,797.6,407,0.485,0.922,0.741,1
WT_2,13,257.8,1452.5,182,0.811,0.830,0.933,2
WT_2,14,267.0,708.2,616,0.517,0.950,0.852,1
WT_2,15,269.0,1441.6,390,0.775,0.777,0.933,0
WT_2,16,280.2,1085.5,491,0.476,0.884,0.782,1
WT_2,17,283.8,1427.2,630,0.522,0.894,0.801,0
WT_2,18,289.8,706.0,282,0.755,0.780,0.890,1
WT_2,19,292.1,767.4,402,0.790,0.530,0.895,0
WT_2,20,294.4,742.4,757,0.503,0.622,0.803,0
WT_2,21,297.0,623.5,435,0.826,0.784,0.950,1
WT_2,22,298.0,874.6,476,0.880,0.698,0.954,0
WT_2,23,304.9,574.6,1016,0.528,0.772,0.843,0
WT_2,24,299.0,646.9,326,0.726,0.856,0.911,0
WT_2,25,303.7,1403.5,419,0.695,0.577,0.867,0
WT_2,26,301.9,991.0,236,0.917,0.731,0.955,1
WT_2,27,311.1,1227.6,389,0.564,0.936,0.861,0
WT_2,28,305.8,1424.6,306,0.805,0.682,0.905,3
WT_2,29,320.9,550.8,339,0.473,0.961,0.803,3
WT_2,30,318.1,661.0,464,0.649,0.841,0.841,1
WT_2,31,316.0,818.7,239,0.817,0.519,0.941,0
WT_2,32,317.9,1435.5,229,0.840,0.758,0.920,0
WT_2,33,319.8,639.8,331,0.754,0.871,0.943,1
WT_2,34,324.4,619.6,323,0.756,0.692,0.920,1
WT_2,35,323.5,958.6,307,0.563,0.948,0.882,2
WT_2,36,324.9,836.2,258,0.746,0.764,0.887,3
WT_2,37,334.5,1484.0,499,0.736,0.813,0.922,0
WT_2,38,329.2,693.0,372,0.632,0.893,0.894,2
WT_2,39,329.1,1465.8,284,0.685,0.893,0.904,1
WT_2,40,344.6,803.6,752,0.785,0.757,0.931,0
WT_2,41,340.3,1028.0,353,0.755,0.843,0.929,2
WT_2,42,338.7,955.7,295,0.893,0.560,0.958,0
WT_2,43,346.4,1263.6,298,0.714,0.896,0.937,1
WT_2,44,345.8,975.1,432,0.736,0.614,0.902,0
WT_2,45,350.2,1137.7,647,0.466,0.962,0.817,1
WT_2,46,347.8,1305.3,606,0.880,0.554,0.951,0
WT_2,47,341.7,1441.9,182,0.790,0.778,0.897,0
WT_2,48,352.0,1468.7,469,0.539,0.868,0.802,0
WT_2,49,348.9,1368.5,274,0.772,0.874,0.938,1
WT_2,50,347.2,546.4,174,0.834,0.748,0.935,0
WT_2,51,350.4,747.4,412,0.612,0.825,0.827,2
WT_2,52,352.7,624.8,729,0.432,0.934,0.745,0
WT_2,53,357.9,945.6,420,0.596,0.920,0.855,3
WT_2,54,356.1,1049.2,309,0.701,0.767,0.873,0
WT_2,55,366.5,1107.1,569,0.670,0.795,0.869,2
WT_2,56,357.6,1502.9,356,0.567,0.928,0.868,1
WT_2,57,362.0,981.5,413,0.647,0.888,0.888,2
WT_2,58,358.8,1398.0,198,0.958,0.575,0.952,1
WT_2,59,371.5,1581.5,536,0.449,0.876,0.718,1
WT_2,60,377.4,994.7,637,0.828,0.566,0.942,0
WT_2,61,369.9,1477.4,316,0.783,0.811,0.927,1
WT_2,62,370.3,1374.2,144,0.919,0.760,0.941,1
WT_2,63,386.7,1284.2,914,0.686,0.626,0.875,0
WT_2,64,388.9,1082.1,438,0.462,0.971,0.880,2
WT_2,65,393.1,1179.5,1042,0.665,0.617,0.894,0
WT_2,66,381.3,577.1,369,0.787,0.784,0.925,2
WT_2,67,399.3,698.6,678,0.288,0.963,0.645,1
WT_2,68,389.5,1058.7,567,0.666,0.805,0.896,1
WT_2,69,385.9,953.9,568,0.806,0.795,0.953,0
WT_2,70,395.9,903.2,562,0.778,0.792,0.929,0
WT_2,71,412.6,1242.6,1270,0.517,0.463,0.784,0
WT_2,72,398.5,1333.4,432,0.455,0.947,0.733,0
WT_2,73,397.6,1423.7,410,0.763,0.800,0.919,0
WT_2,74,412.3,575.9,398,0.542,0.944,0.877,0
WT_2,75,412.2,1015.1,365,0.737,0.841,0.934,0
WT_2,76,409.6,520.1,354,0.743,0.838,0.887,1
WT_2,77,433.8,1393.6,875,0.373,0.877,0.645,1
WT_2,78,416.8,1425.5,315,0.751,0.711,0.868,1
WT_2,79,431.8,1341.4,630,0.535,0.934,0.817,3
WT_2,80,417.9,1351.9,41,0.559,0.900,0.631,0
WT_2,81,422.9,1031.7,170,0.926,0.690,0.950,0
WT_2,82,446.2,823.7,553,0.377,0.975,0.750,1
WT_2,83,433.1,1120.9,649,0.748,0.855,0.943,0
WT_2,84,430.1,1703.1,224,0.615,0.817,0.794,2
WT_2,85,439.0,916.6,363,0.679,0.844,0.910,2
WT_2,86,445.5,678.0,490,0.411,0.951,0.757,0
WT_2,87,434.5,1524.5,173,0.744,0.887,0.920,1
WT_2,88,444.0,766.3,462,0.443,0.964,0.848,1
WT_2,89,437.6,901.9,179,0.743,0.722,0.904,0
WT_2,90,442.6,1294.7,221,0.647,0.895,0.847,1
WT_2,91,444.2,1010.9,285,0.834,0.746,0.911,2
WT_2,92,452.8,893.3,684,0.680,0.653,0.870,1
WT_2,93,449.7,1165.3,257,0.707,0.558,0.868,0
WT_2,94,464.9,1358.2,375,0.676,0.816,0.858,0
WT_2,95,464.4,752.8,295,0.511,0.966,0.902,0
WT_2,96,462.4,525.2,382,0.747,0.839,0.914,1
WT_2,97,474.2,1115.8,809,0.388,0.793,0.709,0
WT_2,98,465.7,1029.9,356,0.649,0.755,0.838,0
WT_2,99,475.7,1510.0,539,0.795,0.818,0.942,2
WT_2,100,469.0,958.0,218,0.677,0.894,0.893,0
WT_2,101,476.7,1450.9,718,0.661,0.840,0.892,0
WT_2,102,478.8,1917.4,478,0.390,0.933,0.791,3
WT_2,103,484.0,1559.1,330,0.552,0.925,0.857,2
WT_2,104,483.7,500.6,347,0.789,0.407,0.916,1
WT_2,105,486.4,625.0,24,0.736,0.969,0.112,0
WT_2,106,491.7,985.2,489,0.522,0.935,0.842,2
WT_2,107,493.0,1466.2,540,0.802,0.716,0.949,2
WT_2,108,505.3,619.0,595,0.402,0.973,0.750,2
WT_2,109,489.6,1615.1,192,0.755,0.848,0.901,0
WT_2,110,502.1,516.7,589,0.515,0.863,0.780,0
WT_2,111,492.3,1493.0,221,0.892,0.633,0.948,0
WT_2,112,490.3,1934.7,207,0.795,0.628,0.916,0
WT_2,113,506.0,1970.7,384,0.434,0.900,0.699,1
WT_2,114,499.6,1521.4,435,0.881,0.580,0.948,0
WT_2,115,509.6,903.6,691,0.328,0.780,0.635,0
WT_2,116,520.0,1011.8,994,0.597,0.657,0.836,0
WT_2,117,519.4,1269.6,431,0.512,0.958,0.878,2
WT_2,118,510.8,1848.3,507,0.544,0.705,0.779,1
WT_2,119,506.2,742.1,134,0.768,0.839,0.912,1
WT_2,120,510.3,1676.1,446,0.460,0.968,0.876,1
WT_2,121,520.1,1159.6,669,0.552,0.671,0.784,1
WT_2,122,514.1,1429.0,571,0.728,0.677,0.895,2
WT_2,123,529.7,1990.7,717,0.544,0.761,0.824,0
WT_2,124,522.0,768.3,429,0.604,0.726,0.858,2
WT_2,125,516.7,1242.8,271,0.349,0.959,0.635,0
WT_2,126,515.1,1879.5,197,0.558,0.954,0.838,0
WT_2,127,533.8,1471.9,866,0.715,0.630,0.927,0
WT_2,128,520.6,1700.6,239,0.714,0.869,0.888,1
WT_2,129,526.4,1538.1,364,0.917,0.605,0.973,0
WT_2,130,527.9,1445.7,364,0.864,0.758,0.950,0
WT_2,131,536.8,974.9,320,0.592,0.906,0.858,1
WT_2,132,548.7,672.9,938,0.503,0.905,0.871,0
WT_2,133,533.2,1361.8,421,0.460,0.941,0.764,0
WT_2,134,554.4,1628.2,947,0.629,0.837,0.881,0
WT_2,135,552.2,1830.1,366,0.376,0.981,0.803,1
WT_2,136,549.7,573.3,977,0.694,0.784,0.865,0
WT_2,137,538.0,1806.6,206,0.800,0.651,0.888,0
WT_2,138,542.3,595.8,331,0.947,0.552,0.962,0
WT_2,139,545.4,2008.9,292,0.893,0.591,0.936,0
WT_2,140,562.4,1098.9,773,0.333,0.787,0.574,1
WT_2,141,556.9,1796.2,394,0.663,0.887,0.870,1
WT_2,142,564.6,1491.8,905,0.406,0.831,0.752,0
WT_2,143,561.0,1561.9,576,0.735,0.538,0.916,0
WT_2,144,556.9,1704.8,389,0.800,0.806,0.940,0
WT_2,145,561.8,1870.8,573,0.480,0.684,0.723,1
WT_2,146,565.2,543.3,610,0.515,0.833,0.797,0
WT_2,147,564.0,590.2,392,0.875,0.755,0.958,0
WT_2,148,569.1,2006.7,455,0.807,0.755,0.942,0
WT_2,149,571.0,338.5,249,0.422,0.969,0.739,1
WT_2,150,576.6,1366.3,860,0.492,0.805,0.785,0
WT_2,151,576.9,1325.1,394,0.559,0.859,0.762,1
WT_2,152,577.7,786.6,168,0.592,0.912,0.884,0
WT_2,153,580.5,1728.6,642,0.714,0.667,0.826,3
WT_2,154,587.4,455.7,643,0.643,0.845,0.882,1
WT_2,155,594.4,1169.5,523,0.348,0.958,0.649,0
WT_2,156,578.3,1464.1,265,0.868,0.619,0.943,0
WT_2,157,608.4,496.7,1122,0.488,0.912,0.841,0
WT_2,158,596.0,657.5,899,0.385,0.740,0.737,0
WT_2,159,591.9,1438.7,502,0.624,0.926,0.893,1
WT_2,160,598.6,899.7,464,0.492,0.716,0.713,2
WT_2,161,599.9,1802.5,379,0.678,0.825,0.894,0
WT_2,162,598.3,2031.3,661,0.806,0.644,0.931,0
WT_2,163,604.0,1020.1,341,0.526,0.930,0.822,0
WT_2,164,596.5,477.6,305,0.875,0.641,0.936,0
WT_2,165,605.7,1307.8,558,0.444,0.971,0.818,1
WT_2,166,600.8,1626.7,403,0.518,0.906,0.784,0
WT_2,167,600.5,249.7,469,0.658,0.766,0.898,0
WT_2,168,605.2,1737.4,645,0.843,0.440,0.944,0
WT_2,169,605.6,739.7,280,0.815,0.793,0.921,2
WT_2,170,604.7,1598.7,427,0.879,0.624,0.949,0
WT_2,171,610.9,1839.7,375,0.549,0.889,0.786,0
WT_2,172,609.4,1096.8,517,0.675,0.877,0.932,1
WT_2,173,629.0,1204.7,704,0.406,0.943,0.674,2
WT_2,174,610.4,282.9,160,0.604,0.948,0.909,0
WT_2,175,627.1,607.7,1154,0.764,0.743,0.917,0
WT_2,176,613.2,825.2,263,0.680,0.897,0.883,1
WT_2,177,612.3,316.7,145,0.580,0.953,0.843,0
WT_2,178,624.5,1613.2,639,0.646,0.788,0.862,0
WT_2,179,623.7,2043.3,579,0.890,0.414,0.951,0
WT_2,180,625.5,233.7,316,0.840,0.801,0.943,0
WT_2,181,622.6,285.9,316,0.704,0.873,0.940,2
WT_2,182,632.2,586.8,334,0.858,0.762,0.971,0
WT_2,183,636.9,1733.8,498,0.400,0.835,0.641,0
WT_2,184,626.1,1751.5,293,0.661,0.918,0.939,2
WT_2,185,640.5,1964.1,728,0.576,0.778,0.840,0
WT_2,186,632.1,1991.9,171,0.701,0.926,0.934,0
WT_2,187,632.9,314.8,467,0.476,0.971,0.858,0
WT_2,188,645.7,491.4,708,0.834,0.725,0.958,0
WT_2,189,640.4,1370.3,225,0.669,0.902,0.893,0
WT_2,190,643.3,749.0,395,0.931,0.442,0.961,0
WT_2,191,654.7,1494.0,463,0.591,0.731,0.800,0
WT_2,192,646.3,1684.9,281,0.523,0.914,0.755,1
WT_2,193,651.4,1280.3,354,0.651,0.888,0.878,0
WT_2,194,650.8,412.4,312,0.636,0.700,0.867,2
WT_2,195,654.4,218.0,290,0.809,0.856,0.945,1
WT_2,196,660.1,2011.1,516,0.601,0.838,0.839,0
WT_2,197,659.5,597.9,637,0.857,0.477,0.952,0
WT_2,198,665.5,1388.6,571,0.515,0.635,0.761,2
WT_2,199,668.7,434.5,1019,0.644,0.881,0.920,0
WT_2,200,673.5,659.7,398,0.828,0.730,0.936,0
WT_2,201,667.2,1427.7,187,0.577,0.964,0.930,0
WT_2,202,675.3,211.0,239,0.691,0.877,0.905,0
WT_2,203,672.2,1969.8,177,0.964,0.729,0.962,0
WT_2,204,674.2,2016.1,200,0.872,0.688,0.930,2
WT_2,205,689.8,1116.8,604,0.340,0.844,0.632,5
WT_2,206,679.3,1309.4,265,0.643,0.850,0.849,1
WT_2,207,682.5,2035.4,424,0.762,0.810,0.924,0
WT_2,208,683.4,288.6,465,0.408,0.961,0.737,1
WT_2,209,684.8,403.7,283,0.854,0.609,0.931,2
WT_2,210,697.7,1849.1,462,0.501,0.953,0.843,3
WT_2,211,686.2,794.8,553,0.371,0.963,0.760,3
WT_2,212,691.3,519.7,255,0.770,0.878,0.944,2
WT_2,213,700.4,1890.3,526,0.535,0.938,0.828,2
WT_2,214,696.1,1234.9,377,0.402,0.971,0.750,2
WT_2,215,699.0,1931.2,289,0.888,0.631,0.954,2
WT_2,216,702.0,349.9,199,0.475,0.968,0.812,0
WT_2,217,708.4,1683.0,831,0.571,0.425,0.822,0
WT_2,218,709.0,135.5,333,0.704,0.850,0.879,0
WT_2,219,703.1,156.8,179,0.577,0.945,0.877,1
WT_2,220,712.7,489.2,358,0.842,0.310,0.923,0
WT_2,221,729.2,754.7,445,0.452,0.963,0.785,0
WT_2,222,716.2,1707.0,375,0.766,0.777,0.912,0
WT_2,223,717.8,571.0,240,0.906,0.733,0.960,0
WT_2,224,730.7,319.4,502,0.480,0.968,0.890,2
WT_2,225,728.3,1324.9,382,0.559,0.589,0.793,1
WT_2,226,737.5,1191.4,886,0.737,0.801,0.930,0
WT_2,227,725.2,472.1,208,0.861,0.548,0.916,1
WT_2,228,724.2,737.6,274,0.849,0.746,0.945,0
WT_2,229,726.1,1421.6,508,0.411,0.962,0.725,2
WT_2,230,738.0,2056.1,406,0.553,0.945,0.866,0
WT_2,231,729.9,501.8,268,0.892,0.729,0.947,0
WT_2,232,733.6,481.7,291,0.671,0.938,0.933,0
WT_2,233,731.9,644.6,268,0.786,0.773,0.915,1
WT_2,234,738.8,546.3,163,0.756,0.741,0.867,0
WT_2,235,750.2,1970.1,903,0.700,0.599,0.882,0
WT_2,236,746.9,1416.2,732,0.532,0.896,0.858,0
WT_2,237,744.8,521.2,370,0.845,0.480,0.941,3
WT_2,238,747.4,217.3,304,0.645,0.792,0.831,3
WT_2,239,757.7,1496.7,588,0.363,0.538,0.689,1
WT_2,240,761.0,646.4,665,0.390,0.876,0.667,2
WT_2,241,750.0,196.8,267,0.825,0.605,0.908,0
WT_2,242,752.2,1886.1,510,0.798,0.297,0.922,1
WT_2,243,751.4,118.3,341,0.409,0.931,0.655,0
WT_2,244,757.3,2084.7,597,0.788,0.545,0.945,2
WT_2,245,756.2,1329.5,66,0.416,0.965,0.357,0
WT_2,246,756.9,318.5,433,0.526,0.877,0.766,2
WT_2,247,757.3,932.6,307,0.425,0.930,0.729,0
WT_2,248,763.2,980.0,750,0.412,0.847,0.682,3
WT_2,249,764.7,2040.4,363,0.675,0.864,0.883,1
WT_2,250,773.2,502.2,618,0.574,0.911,0.866,0
WT_2,251,763.1,293.9,169,0.813,0.828,0.939,1
WT_2,252,761.1,1717.7,182,0.811,0.891,0.943,0
WT_2,253,770.9,1756.5,259,0.741,0.821,0.881,0
WT_2,254,794.0,55.4,614,0.338,0.961,0.702,2
WT_2,255,771.7,533.4,367,0.857,0.703,0.958,1
WT_2,256,772.8,336.7,82,0.962,0.787,0.932,0
WT_2,257,774.6,1071.8,381,0.565,0.923,0.830,0
WT_2,258,777.0,1741.7,161,0.808,0.761,0.910,0
WT_2,259,791.0,1207.4,537,0.397,0.963,0.785,2
WT_2,260,803.8,93.4,807,0.244,0.973,0.532,2
WT_2,261,791.2,269.0,420,0.577,0.930,0.875,2
WT_2,262,785.6,834.5,565,0.342,0.459,0.610,0
WT_2,263,793.4,2080.3,1095,0.563,0.615,0.817,0
WT_2,264,779.8,2016.8,124,0.882,0.861,0.954,0
WT_2,265,785.6,1493.7,145,0.783,0.877,0.918,0
WT_2,266,792.3,1642.5,295,0.705,0.886,0.902,2
WT_2,267,802.8,1097.7,556,0.355,0.822,0.632,2
WT_2,268,796.2,1733.2,185,0.789,0.844,0.916,0
WT_2,269,798.5,1822.6,335,0.765,0.711,0.903,0
WT_2,270,809.7,1404.5,881,0.431,0.948,0.814,0
WT_2,271,803.4,1328.1,487,0.684,0.865,0.921,0
WT_2,272,808.8,474.3,511,0.408,0.973,0.755,2
WT_2,273,805.1,1579.4,219,0.678,0.864,0.876,0
WT_2,274,814.6,1804.2,554,0.687,0.807,0.904,1
WT_2,275,819.5,712.9,351,0.360,0.921,0.627,0
WT_2,276,809.4,2048.6,341,0.685,0.903,0.897,0
WT_2,277,815.2,238.0,517,0.545,0.876,0.803,1
WT_2,278,819.7,366.5,618,0.639,0.889,0.902,1
WT_2,279,812.9,1609.9,253,0.492,0.961,0.781,1
WT_2,280,820.6,268.6,179,0.560,0.961,0.844,0
WT_2,281,822.3,506.6,537,0.832,0.705,0.939,0
WT_2,282,824.1,1875.5,311,0.738,0.625,0.881,0
WT_2,283,832.5,681.5,605,0.672,0.849,0.864,0
WT_2,284,837.9,108.5,371,0.356,0.875,0.592,0
WT_2,285,836.2,473.4,352,0.804,0.663,0.910,3
WT_2,286,848.5,756.3,506,0.469,0.961,0.866,1
WT_2,287,842.1,1258.9,982,0.700,0.694,0.896,0
WT_2,288,839.9,857.1,231,0.710,0.779,0.902,0
WT_2,289,840.8,1878.7,391,0.785,0.803,0.947,1
WT_2,290,841.2,453.0,212,0.559,0.947,0.841,0
WT_2,291,841.7,9.4,169,0.930,0.679,0.939,0
WT_2,292,849.5,1226.0,294,0.657,0.909,0.896,2
WT_2,293,858.0,2143.8,599,0.870,0.689,0.952,0
WT_2,294,853.2,1922.2,372,0.855,0.757,0.944,0
WT_2,295,852.3,8.9,141,0.718,0.883,0.922,0
WT_2,296,854.0,29.2,164,0.659,0.935,0.896,0
WT_2,297,864.0,501.3,407,0.702,0.829,0.891,1
WT_2,298,860.2,1901.3,231,0.819,0.782,0.822,2
WT_2,299,866.8,1115.8,440,0.729,0.737,0.907,0
WT_2,300,866.9,284.3,296,0.544,0.944,0.865,1
WT_2,301,874.9,1563.9,603,0.623,0.463,0.850,0
WT_2,302,888.6,683.2,751,0.400,0.963,0.814,0
WT_2,303,869.6,1158.7,158,0.971,0.504,0.946,0
WT_2,304,870.4,1881.3,289,0.612,0.495,0.821,1
WT_2,305,877.3,441.7,331,0.580,0.809,0.830,1
WT_2,306,882.0,1330.9,353,0.547,0.935,0.766,1
WT_2,307,886.7,1217.2,352,0.531,0.775,0.747,0
WT_2,308,896.1,2140.0,998,0.671,0.813,0.899,0
WT_2,309,898.7,1898.2,686,0.457,0.940,0.749,2
WT_2,310,885.8,1136.8,411,0.426,0.952,0.705,0
WT_2,311,895.8,2117.9,525,0.757,0.749,0.891,0
WT_2,312,886.4,247.1,286,0.876,0.804,0.963,0
WT_2,313,902.7,442.1,542,0.444,0.885,0.697,0
WT_2,314,899.7,2104.2,300,0.597,0.944,0.852,2
WT_2,315,898.1,328.1,333,0.783,0.741,0.910,3
WT_2,316,928.1,93.3,742,0.269,0.972,0.573,0
WT_2,317,910.6,454.1,392,0.577,0.925,0.854,2
WT_2,318,904.5,1644.9,471,0.791,0.753,0.946,3
WT_2,319,906.3,303.4,256,0.570,0.859,0.785,0
WT_2,320,920.4,644.9,278,0.486,0.952,0.830,0
WT_2,321,916.5,360.5,361,0.845,0.666,0.948,0
WT_2,322,922.8,876.4,1004,0.328,0.967,0.716,0
WT_2,323,918.9,1924.7,261,0.504,0.961,0.831,0
WT_2,324,916.3,338.8,230,0.858,0.601,0.931,0
WT_2,325,920.2,378.1,292,0.679,0.861,0.888,2
WT_2,326,920.4,2070.2,583,0.450,0.936,0.742,2
WT_2,327,919.7,474.4,350,0.616,0.908,0.873,0
WT_2,328,930.9,722.4,311,0.861,0.419,0.931,0
WT_2,329,931.3,339.2,292,0.723,0.518,0.882,0
WT_2,330,932.2,1987.9,365,0.571,0.941,0.873,1
WT_2,331,935.8,317.9,305,0.740,0.846,0.930,1
WT_2,332,942.6,829.7,383,0.596,0.883,0.857,1
WT_2,333,933.0,1233.8,382,0.538,0.908,0.849,1
WT_2,334,933.6,1199.5,181,0.789,0.891,0.953,0
WT_2,335,952.4,1384.4,1146,0.206,0.943,0.622,0
WT_2,336,940.7,376.2,605,0.417,0.949,0.708,0
WT_2,337,933.0,569.0,204,0.731,0.886,0.895,0
WT_2,338,936.8,601.7,320,0.552,0.950,0.840,1
WT_2,339,948.7,1965.0,336,0.490,0.965,0.880,0
WT_2,340,945.1,2119.1,356,0.845,0.786,0.952,0
WT_2,341,947.1,1111.2,449,0.511,0.923,0.773,1
WT_2,342,950.0,136.6,350,0.780,0.839,0.919,1
WT_2,343,952.4,54.5,167,0.682,0.924,0.918,1
WT_2,344,956.5,2015.4,297,0.937,0.430,0.955,0
WT_2,345,956.6,1505.4,218,0.847,0.687,0.932,1
WT_2,346,972.9,352.9,621,0.758,0.795,0.934,0
WT_2,347,959.0,711.0,259,0.572,0.957,0.875,1
WT_2,348,965.9,537.0,432,0.533,0.899,0.780,1
WT_2,349,967.8,806.8,566,0.898,0.561,0.961,0
WT_2,350,970.2,839.1,483,0.805,0.668,0.861,0
WT_2,351,971.7,764.2,414,0.811,0.589,0.941,0
WT_2,352,979.9,1313.3,478,0.353,0.561,0.622,1
WT_2,353,972.1,1595.0,308,0.715,0.859,0.917,0
WT_2,354,969.1,1065.0,145,0.915,0.494,0.935,1
WT_2,355,982.4,1622.3,901,0.828,0.671,0.946,0
WT_2,356,987.3,45.5,543,0.362,0.959,0.718,1
WT_2,357,987.6,674.7,883,0.493,0.612,0.740,0
WT_2,358,973.4,2107.6,302,0.690,0.892,0.901,2
WT_2,359,987.7,1987.2,488,0.718,0.810,0.881,0
WT_2,360,985.2,1850.8,294,0.795,0.813,0.936,0
WT_2,361,986.4,768.1,227,0.758,0.865,0.930,1
WT_2,362,985.7,271.7,313,0.823,0.839,0.954,1
WT_2,363,1004.5,2471.9,2086,0.493,0.716,0.850,0
WT_2,364,988.2,12.1,100,0.771,0.863,0.901,0
WT_2,365,995.9,951.0,434,0.523,0.920,0.836,1
WT_2,366,1004.3,1199.6,765,0.399,0.957,0.711,2
WT_2,367,1009.0,2103.7,942,0.632,0.834,0.875,0
WT_2,368,1021.2,1140.3,810,0.327,0.906,0.658,2
WT_2,369,1013.5,1469.0,778,0.378,0.613,0.677,2
WT_2,370,1000.9,2076.9,188,0.485,0.969,0.879,1
WT_2,371,1008.9,214.0,270,0.775,0.823,0.925,0
WT_2,372,1013.7,231.7,589,0.653,0.687,0.845,3
WT_2,373,1012.2,1438.4,398,0.701,0.776,0.884,0
WT_2,374,1016.4,778.9,685,0.505,0.944,0.827,1
WT_2,375,1040.7,840.3,1021,0.296,0.982,0.648,0
WT_2,376,1018.7,1786.4,202,0.775,0.891,0.967,1
WT_2,377,1028.5,270.2,431,0.441,0.972,0.842,3
WT_2,378,1037.6,1393.9,649,0.417,0.960,0.791,2
WT_2,379,1035.2,1693.3,726,0.350,0.887,0.641,0
WT_2,380,1027.8,257.0,234,0.873,0.426,0.932,0
WT_2,381,1038.6,1070.7,1100,0.537,0.862,0.812,0
WT_2,382,1031.2,1570.2,392,0.651,0.899,0.903,1
WT_2,383,1049.2,1313.8,657,0.470,0.893,0.729,2
WT_2,384,1030.1,1546.1,196,0.875,0.742,0.938,1
WT_2,385,1040.5,784.2,635,0.594,0.873,0.828,0
WT_2,386,1037.0,562.1,331,0.625,0.888,0.855,2
WT_2,387,1051.3,293.4,527,0.634,0.336,0.863,3
WT_2,388,1048.1,711.5,479,0.747,0.650,0.890,2
WT_2,389,1063.5,2037.8,1913,0.698,0.714,0.878,0
WT_2,390,1058.2,942.7,1650,0.757,0.652,0.926,0
WT_2,391,1049.3,623.6,525,0.807,0.690,0.931,1
WT_2,392,1045.4,1818.8,231,0.751,0.891,0.939,0
WT_2,393,1052.0,1258.2,192,0.746,0.876,0.928,1
WT_2,394,1056.6,1892.1,320,0.575,0.780,0.762,1
WT_2,395,1063.0,829.3,395,0.555,0.929,0.862,1
WT_2,396,1054.8,1470.7,177,0.871,0.745,0.957,0
WT_2,397,1059.1,1136.9,241,0.833,0.762,0.938,0
WT_2,398,1069.8,1007.4,779,0.581,0.678,0.812,0
WT_2,399,1070.3,1404.4,933,0.758,0.813,0.935,0
WT_2,400,1073.0,2424.7,836,0.833,0.314,0.958,0
WT_2,401,1076.7,1261.2,556,0.595,0.642,0.846,0
WT_2,402,1076.9,1904.5,792,0.647,0.671,0.880,0
WT_2,403,1074.3,1084.7,227,0.807,0.823,0.912,0
WT_2,404,1087.5,2454.1,959,0.666,0.735,0.893,0
WT_2,405,1084.8,58.5,403,0.559,0.937,0.906,1
WT_2,406,1083.2,1594.6,318,0.648,0.750,0.826,0
WT_2,407,1089.1,2062.0,613,0.820,0.725,0.949,0
WT_2,408,1101.5,2103.2,508,0.319,0.887,0.591,0
WT_2,409,1091.2,1223.7,600,0.416,0.972,0.765,1
WT_2,410,1098.8,101.5,710,0.662,0.329,0.860,0
WT_2,411,1093.9,7.3,227,0.908,0.663,0.978,0
WT_2,412,1098.0,126.0,442,0.705,0.775,0.893,0
WT_2,413,1109.1,1266.4,434,0.570,0.930,0.822,1
WT_2,414,1105.4,19.5,501,0.766,0.685,0.914,0
WT_2,415,1121.6,266.2,1040,0.544,0.810,0.832,0
WT_2,416,1119.2,793.5,499,0.352,0.984,0.834,0
WT_2,417,1104.0,1014.2,263,0.569,0.943,0.923,1
WT_2,418,1111.8,314.3,329,0.592,0.901,0.850,2
WT_2,419,1114.2,2052.7,542,0.831,0.688,0.838,0
WT_2,420,1122.5,1154.4,524,0.441,0.844,0.738,0
WT_2,421,1110.3,2069.1,218,0.721,0.904,0.932,2
WT_2,422,1118.3,352.1,238,0.507,0.943,0.826,0
WT_2,423,1120.2,1346.3,401,0.518,0.902,0.835,0
WT_2,424,1132.7,1550.6,828,0.289,0.956,0.592,0
WT_2,425,1127.0,95.7,552,0.746,0.829,0.928,0
WT_2,426,1134.6,1841.8,1416,0.674,0.465,0.892,0
WT_2,427,1121.9,1921.4,194,0.880,0.806,0.951,0
WT_2,428,1145.6,1798.3,612,0.435,0.967,0.776,1
WT_2,429,1135.5,68.9,568,0.796,0.411,0.927,0
WT_2,430,1128.6,2020.3,212,0.874,0.599,0.930,1
WT_2,431,1149.1,750.8,895,0.249,0.682,0.565,2
WT_2,432,1134.8,2372.5,404,0.867,0.592,0.948,3
WT_2,433,1143.4,1888.7,637,0.641,0.786,0.865,0
WT_2,434,1146.0,2392.8,534,0.548,0.922,0.834,0
WT_2,435,1143.1,1988.3,930,0.425,0.476,0.720,0
WT_2,436,1136.1,636.6,152,0.634,0.908,0.864,1
WT_2,437,1149.8,47.5,842,0.753,0.797,0.929,0
WT_2,438,1146.6,174.1,373,0.612,0.874,0.874,2
WT_2,439,1151.5,109.8,341,0.856,0.765,0.953,0
WT_2,440,1155.5,1340.0,697,0.250,0.954,0.535,1
WT_2,441,1152.4,1956.7,466,0.874,0.325,0.957,0
WT_2,442,1149.5,611.4,211,0.696,0.828,0.851,1
WT_2,443,1164.3,632.5,1007,0.766,0.705,0.931,0
WT_2,444,1163.9,2459.4,567,0.772,0.617,0.913,0
WT_2,445,1164.7,939.1,409,0.437,0.905,0.719,1
WT_2,446,1165.6,2054.7,424,0.477,0.694,0.800,0
WT_2,447,1166.7,2355.9,707,0.781,0.776,0.931,0
WT_2,448,1165.1,1881.9,288,0.879,0.723,0.957,0
WT_2,449,1169.8,1083.7,358,0.681,0.790,0.856,1
WT_2,450,1172.3,2021.3,431,0.811,0.693,0.933,1
WT_2,451,1176.7,1894.9,433,0.683,0.393,0.857,2
WT_2,452,1165.2,1777.6,161,0.751,0.906,0.964,0
WT_2,453,1172.6,1546.5,237,0.581,0.947,0.878,0
WT_2,454,1176.1,1937.0,365,0.598,0.907,0.831,2
WT_2,455,1188.7,2313.0,410,0.606,0.932,0.913,1
WT_2,456,1181.0,1425.2,254,0.775,0.876,0.920,1
WT_2,457,1186.0,627.7,319,0.642,0.702,0.851,0
WT_2,458,1186.9,242.6,315,0.804,0.844,0.952,0
WT_2,459,1193.1,1294.5,555,0.541,0.901,0.827,1
WT_2,460,1196.3,1951.2,518,0.780,0.819,0.950,0
WT_2,461,1195.7,196.3,556,0.557,0.905,0.883,1
WT_2,462,1212.7,1676.2,851,0.549,0.888,0.835,0
WT_2,463,1192.5,1746.0,193,0.884,0.718,0.932,2
WT_2,464,1193.9,1859.4,313,0.765,0.763,0.894,1
WT_2,465,1197.2,1198.3,439,0.535,0.958,0.864,2
WT_2,466,1205.1,31.1,755,0.779,0.724,0.929,1
WT_2,467,1205.9,716.4,606,0.514,0.885,0.777,2
WT_2,468,1203.4,1395.8,408,0.728,0.816,0.915,1
WT_2,469,1201.0,634.1,224,0.808,0.829,0.933,1
WT_2,470,1208.9,1528.6,499,0.773,0.734,0.919,1
WT_2,471,1209.6,2288.6,434,0.549,0.813,0.810,2
WT_2,472,1213.3,2325.7,505,0.782,0.754,0.939,0
WT_2,473,1213.8,293.5,343,0.852,0.377,0.940,0
WT_2,474,1218.6,1366.2,482,0.450,0.769,0.709,0
WT_2,475,1227.1,1088.8,363,0.749,0.806,0.896,0
WT_2,476,1232.1,564.8,618,0.449,0.839,0.700,1
WT_2,477,1228.7,1801.1,456,0.752,0.651,0.921,0
WT_2,478,1238.2,1555.4,817,0.638,0.853,0.898,0
WT_2,479,1239.3,1493.6,360,0.499,0.963,0.896,0
WT_2,480,1244.3,55.6,577,0.317,0.984,0.681,0
WT_2,481,1227.6,2015.2,145,0.939,0.739,0.948,0
WT_2,482,1233.9,129.1,299,0.721,0.861,0.926,1
WT_2,483,1233.9,818.3,215,0.799,0.856,0.935,1
WT_2,484,1246.6,2761.2,512,0.625,0.875,0.887,0
WT_2,485,1246.1,1376.1,668,0.558,0.826,0.821,0
WT_2,486,1241.9,158.4,495,0.622,0.912,0.905,0
WT_2,487,1239.2,1936.6,348,0.747,0.791,0.923,0
WT_2,488,1246.5,111.5,407,0.702,0.759,0.864,0
WT_2,489,1244.2,383.6,174,0.648,0.882,0.879,0
WT_2,490,1239.2,2662.2,201,0.846,0.825,0.931,0
WT_2,491,1246.6,2689.7,508,0.906,0.495,0.964,0
WT_2,492,1257.1,2399.8,1126,0.870,0.297,0.953,0
WT_2,493,1248.4,1095.8,252,0.827,0.608,0.920,1
WT_2,494,1252.1,459.0,369,0.381,0.905,0.617,2
WT_2,495,1245.0,1463.8,209,0.713,0.900,0.893,0
WT_2,496,1246.0,2029.8,226,0.889,0.760,0.954,2
WT_2,497,1254.5,1009.8,192,0.509,0.970,0.881,0
WT_2,498,1253.4,822.9,493,0.548,0.929,0.890,0
WT_2,499,1255.4,2307.3,318,0.772,0.857,0.919,2
WT_2,500,1262.2,301.1,543,0.502,0.898,0.733,1
WT_2,501,1259.2,2818.3,654,0.639,0.763,0.849,1
WT_2,502,1269.6,800.6,547,0.490,0.887,0.828,0
WT_2,503,1255.8,1480.3,177,0.865,0.717,0.922,1
WT_2,504,1259.3,50.4,303,0.901,0.498,0.950,0
WT_2,505,1268.2,1311.9,459,0.724,0.743,0.913,0
WT_2,506,1264.4,1465.0,224,0.863,0.812,0.961,0
WT_2,507,1272.5,2610.7,981,0.462,0.779,0.852,0
WT_2,508,1262.8,421.1,375,0.391,0.969,0.709,0
WT_2,509,1267.7,646.5,388,0.426,0.944,0.683,0
WT_2,510,1266.2,1337.8,269,0.839,0.509,0.947,0
WT_2,511,1263.0,1491.4,187,0.601,0.938,0.895,0
WT_2,512,1267.1,2008.1,411,0.792,0.533,0.930,1
WT_2,513,1278.7,2058.8,540,0.650,0.859,0.923,0
WT_2,514,1283.0,2116.6,1833,0.571,0.630,0.817,0
WT_2,515,1272.5,23.7,426,0.745,0.782,0.893,0
WT_2,516,1271.4,884.7,462,0.640,0.798,0.837,2
WT_2,517,1272.4,2700.9,885,0.773,0.745,0.932,0
WT_2,518,1267.8,2728.1,236,0.769,0.830,0.915,0
WT_2,519,1271.6,1650.9,314,0.636,0.883,0.860,0
WT_2,520,1291.1,1919.2,1588,0.447,0.692,0.797,0
WT_2,521,1283.8,469.7,680,0.759,0.721,0.902,0
WT_2,522,1275.0,554.0,427,0.406,0.963,0.703,0
WT_2,523,1288.2,962.6,688,0.445,0.924,0.737,0
WT_2,524,1280.7,1549.3,210,0.866,0.822,0.942,1
WT_2,525,1285.4,2679.8,368,0.862,0.652,0.968,1
WT_2,526,1282.0,2865.8,556,0.781,0.403,0.933,0
WT_2,527,1289.0,684.4,397,0.516,0.961,0.856,1
WT_2,528,1284.3,1009.2,375,0.487,0.829,0.744,1
WT_2,529,1291.0,576.2,774,0.827,0.382,0.945,0
WT_2,530,1287.6,2005.3,536,0.737,0.693,0.921,0
WT_2,531,1279.6,927.7,135,0.852,0.815,0.912,0
WT_2,532,1284.6,2225.8,418,0.668,0.914,0.946,1
WT_2,533,1293.0,532.4,172,0.598,0.933,0.839,0
WT_2,534,1299.9,1068.0,422,0.518,0.941,0.906,1
WT_2,535,1292.8,1194.8,308,0.647,0.908,0.883,1
WT_2,536,1302.3,95.1,558,0.483,0.910,0.749,2
WT_2,537,1305.6,2954.5,661,0.583,0.799,0.804,0
WT_2,538,1294.8,7.3,156,0.740,0.878,0.907,0
WT_2,539,1297.4,2624.9,496,0.849,0.603,0.945,1
WT_2,540,1301.4,1550.1,321,0.874,0.748,0.958,0
WT_2,541,1298.0,2592.5,236,0.883,0.732,0.940,1
WT_2,542,1295.2,74.0,164,0.637,0.919,0.854,0
WT_2,543,1317.6,2448.4,429,0.373,0.965,0.715,1
WT_2,544,1309.0,1751.3,375,0.465,0.968,0.815,1
WT_2,545,1304.5,2795.3,569,0.824,0.735,0.947,0
WT_2,546,1308.6,553.4,292,0.615,0.941,0.864,1
WT_2,547,1304.4,2871.1,157,0.872,0.759,0.940,1
WT_2,548,1311.6,864.6,317,0.737,0.741,0.898,0
WT_2,549,1309.5,1297.7,210,0.770,0.793,0.917,1
WT_2,550,1307.4,2573.6,282,0.897,0.488,0.949,0
WT_2,551,1307.6,2845.0,439,0.554,0.944,0.876,0
WT_2,552,1319.4,1466.4,234,0.523,0.944,0.799,0
WT_2,553,1322.0,884.2,913,0.768,0.628,0.928,0
WT_2,554,1322.6,1861.4,412,0.657,0.860,0.827,0
WT_2,555,1320.7,2367.3,479,0.701,0.845,0.909,0
WT_2,556,1319.4,1714.7,382,0.663,0.891,0.903,0
WT_2,557,1318.3,2164.3,447,0.580,0.880,0.817,0
WT_2,558,1322.5,2725.1,481,0.652,0.746,0.839,2
WT_2,559,1327.5,399.3,500,0.607,0.808,0.856,1
WT_2,560,1320.5,1813.0,419,0.885,0.562,0.952,1
WT_2,561,1324.8,2188.3,359,0.573,0.931,0.822,1
WT_2,562,1317.1,2331.8,232,0.912,0.428,0.947,0
WT_2,563,1331.2,104.5,684,0.542,0.707,0.782,0
WT_2,564,1322.1,1989.4,335,0.599,0.827,0.844,2
WT_2,565,1324.9,2874.7,605,0.831,0.531,0.938,0
WT_2,566,1320.4,19.7,472,0.698,0.856,0.874,0
WT_2,567,1320.8,452.0,324,0.724,0.407,0.862,1
WT_2,568,1321.2,824.6,233,0.801,0.700,0.932,0
WT_2,569,1320.7,2782.8,206,0.834,0.768,0.928,1
WT_2,570,1333.1,1260.0,828,0.753,0.547,0.911,0
WT_2,571,1333.8,513.2,395,0.402,0.978,0.793,0
WT_2,572,1324.4,1322.2,132,0.949,0.602,0.930,0
WT_2,573,1329.9,1778.7,295,0.573,0.870,0.791,0
WT_2,574,1333.6,2513.9,422,0.801,0.758,0.936,1
WT_2,575,1334.4,631.7,433,0.645,0.766,0.861,0
WT_2,576,1331.3,1974.1,258,0.811,0.808,0.935,0
WT_2,577,1338.5,283.4,658,0.551,0.623,0.803,0
WT_2,578,1345.2,466.6,457,0.457,0.951,0.722,0
WT_2,579,1336.4,2045.3,350,0.676,0.916,0.928,0
WT_2,580,1338.2,1331.1,380,0.812,0.395,0.934,0
WT_2,581,1336.3,2124.7,255,0.892,0.594,0.959,0
WT_2,582,1343.0,1707.3,358,0.574,0.934,0.897,1
WT_2,583,1337.1,311.9,264,0.885,0.768,0.960,1
WT_2,584,1352.7,809.5,740,0.295,0.947,0.631,3
WT_2,585,1342.6,2914.9,659,0.865,0.478,0.952,3
WT_2,586,1341.3,1797.2,225,0.686,0.875,0.915,1
WT_2,587,1348.4,2424.4,358,0.717,0.522,0.899,0
WT_2,588,1349.3,2977.8,347,0.865,0.758,0.948,0
WT_2,589,1354.6,929.7,371,0.593,0.861,0.810,2
WT_2,590,1347.0,1360.3,125,0.832,0.870,0.940,0
WT_2,591,1355.0,2592.4,544,0.719,0.764,0.925,0
WT_2,592,1353.1,2742.8,248,0.687,0.894,0.889,1
WT_2,593,1363.5,590.1,1003,0.389,0.607,0.741,0
WT_2,594,1354.3,2529.3,595,0.834,0.796,0.963,0
WT_2,595,1356.7,2693.0,257,0.792,0.857,0.941,1
WT_2,596,1366.2,1568.1,577,0.441,0.888,0.727,1
WT_2,597,1363.8,1136.3,290,0.520,0.936,0.866,1
WT_2,598,1360.1,2328.6,275,0.824,0.789,0.914,1
WT_2,599,1360.4,2891.7,353,0.666,0.897,0.882,0
WT_2,600,1370.7,1659.5,673,0.765,0.605,0.919,0
WT_2,601,1360.7,1440.3,159,0.681,0.946,0.946,0
WT_2,602,1373.0,2240.9,663,0.684,0.869,0.886,0
WT_2,603,1367.6,2374.3,364,0.788,0.577,0.922,2
WT_2,604,1376.4,2727.3,492,0.579,0.897,0.850,0
WT_2,605,1385.4,1315.9,1537,0.778,0.804,0.952,0
WT_2,606,1373.2,2495.1,380,0.868,0.680,0.950,0
WT_2,607,1368.9,2963.8,182,0.852,0.725,0.929,0
WT_2,608,1379.1,394.9,181,0.518,0.924,0.754,0
WT_2,609,1381.0,2141.9,313,0.576,0.918,0.844,0
WT_2,610,1377.1,875.6,404,0.747,0.669,0.888,1
WT_2,611,1383.5,1401.7,624,0.380,0.951,0.690,2
WT_2,612,1380.6,175.6,471,0.624,0.880,0.864,2
WT_2,613,1378.6,792.9,257,0.858,0.747,0.938,0
WT_2,614,1385.1,1771.0,699,0.652,0.863,0.901,1
WT_2,615,1381.0,2941.5,271,0.922,0.710,0.961,1
WT_2,616,1382.0,2975.9,303,0.784,0.717,0.904,3
WT_2,617,1387.4,692.0,848,0.228,0.933,0.512,1
WT_2,618,1390.2,621.5,393,0.630,0.874,0.856,1
WT_2,619,1396.3,2020.2,604,0.356,0.891,0.659,0
WT_2,620,1381.1,113.8,182,0.558,0.962,0.854,1
WT_2,621,1388.4,2318.6,300,0.873,0.590,0.952,1
WT_2,622,1400.6,1268.0,549,0.554,0.951,0.862,2
WT_2,623,1386.4,2341.0,271,0.667,0.919,0.903,0
WT_2,624,1392.5,2815.5,343,0.661,0.601,0.845,1
WT_2,625,1393.8,2382.4,331,0.892,0.675,0.954,0
WT_2,626,1395.0,2493.5,334,0.645,0.811,0.856,0
WT_2,627,1394.0,2781.1,458,0.530,0.944,0.808,0
WT_2,628,1401.5,170.0,350,0.624,0.429,0.818,0
WT_2,629,1408.4,2277.1,544,0.376,0.961,0.764,0
WT_2,630,1405.7,103.8,791,0.520,0.788,0.767,0
WT_2,631,1409.5,3048.2,517,0.705,0.809,0.945,0
WT_2,632,1416.2,2137.4,379,0.289,0.990,0.778,0
WT_2,633,1416.4,2445.1,1199,0.760,0.756,0.921,0
WT_2,634,1406.7,3000.1,263,0.885,0.601,0.939,0
WT_2,635,1407.7,1017.1,245,0.853,0.703,0.946,1
WT_2,636,1416.2,882.9,807,0.330,0.955,0.677,3
WT_2,637,1415.6,1495.6,583,0.441,0.960,0.746,1
WT_2,638,1419.4,1663.4,867,0.666,0.757,0.884,0
WT_2,639,1415.4,2342.8,614,0.822,0.743,0.948,0
WT_2,640,1421.8,417.2,683,0.765,0.671,0.937,0
WT_2,641,1426.4,351.7,490,0.519,0.902,0.784,1
WT_2,642,1422.8,1204.9,709,0.270,0.957,0.533,0
WT_2,643,1421.3,1808.4,507,0.509,0.856,0.758,2
WT_2,644,1433.8,778.6,509,0.352,0.777,0.602,2
WT_2,645,1419.1,2465.4,210,0.821,0.656,0.921,2
WT_2,646,1427.1,2887.7,494,0.433,0.925,0.735,3
WT_2,647,1417.5,2677.0,252,0.871,0.707,0.951,2
WT_2,648,1429.5,2026.7,306,0.777,0.763,0.927,0
WT_2,649,1436.4,2249.6,340,0.525,0.882,0.793,0
WT_2,650,1427.2,2852.2,479,0.684,0.787,0.882,0
WT_2,651,1431.7,1686.6,575,0.745,0.647,0.914,0
WT_2,652,1437.2,2513.0,405,0.574,0.949,0.853,1
WT_2,653,1432.2,693.6,519,0.358,0.962,0.730,2
WT_2,654,1431.6,1002.0,349,0.495,0.904,0.741,0
WT_2,655,1443.1,104.6,491,0.438,0.905,0.741,0
WT_2,656,1441.9,980.3,638,0.544,0.769,0.785,2
WT_2,657,1448.8,419.1,1196,0.709,0.591,0.900,0
WT_2,658,1453.3,631.7,927,0.381,0.862,0.729,0
WT_2,659,1436.9,2985.0,275,0.578,0.925,0.857,1
WT_2,660,1448.7,3054.4,591,0.581,0.755,0.848,0
WT_2,661,1442.5,2553.3,199,0.966,0.645,0.966,0
WT_2,662,1444.1,2839.8,251,0.815,0.474,0.909,0
WT_2,663,1455.7,876.5,1097,0.624,0.580,0.869,0
WT_2,664,1447.9,1166.1,302,0.705,0.851,0.883,1
WT_2,665,1443.8,2500.6,213,0.937,0.671,0.951,1
WT_2,666,1445.8,1054.9,119,0.801,0.858,0.908,0
WT_2,667,1445.8,1669.0,303,0.887,0.625,0.904,0
WT_2,668,1455.2,953.5,451,0.566,0.902,0.790,2
WT_2,669,1452.2,2787.6,187,0.639,0.937,0.874,0
WT_2,670,1455.1,2390.7,334,0.796,0.863,0.957,0
WT_2,671,1453.5,2428.6,357,0.702,0.556,0.879,0
WT_2,672,1455.7,333.2,567,0.424,0.917,0.734,0
WT_2,673,1456.6,1309.7,359,0.892,0.485,0.955,0
WT_2,674,1456.1,2241.9,177,0.931,0.626,0.941,0
WT_2,675,1454.8,1678.7,105,1.030,0.591,0.963,1
WT_2,676,1468.8,906.1,876,0.706,0.767,0.911,0
WT_2,677,1460.3,2489.0,418,0.747,0.881,0.948,0
WT_2,678,1467.8,2796.2,480,0.605,0.860,0.803,2
WT_2,679,1463.9,135.0,550,0.561,0.921,0.854,0
WT_2,680,1464.4,441.4,329,0.773,0.720,0.919,0
WT_2,681,1472.2,513.7,1074,0.665,0.805,0.891,2
WT_2,682,1462.0,1574.9,301,0.736,0.883,0.915,1
WT_2,683,1458.6,2110.8,131,0.728,0.931,0.956,0
WT_2,684,1467.2,1940.8,272,0.611,0.893,0.812,1
WT_2,685,1469.0,2269.4,300,0.740,0.672,0.890,0
WT_2,686,1470.0,1064.4,399,0.763,0.833,0.939,1
WT_2,687,1465.1,3074.6,198,0.919,0.482,0.947,1
WT_2,688,1468.2,197.7,476,0.801,0.817,0.960,0
WT_2,689,1474.0,1271.4,400,0.678,0.743,0.864,2
WT_2,690,1480.1,216.6,884,0.813,0.773,0.944,0
WT_2,691,1471.2,2913.5,102,0.938,0.798,0.944,0
WT_2,692,1479.1,1502.6,490,0.574,0.939,0.884,3
WT_2,693,1474.6,2959.9,194,0.921,0.455,0.951,1
WT_2,694,1482.2,2469.7,294,0.773,0.832,0.925,0
WT_2,695,1486.3,2413.3,949,0.703,0.729,0.917,0
WT_2,696,1482.6,2554.8,261,0.808,0.852,0.953,2
WT_2,697,1486.1,2811.2,503,0.812,0.621,0.926,0
WT_2,698,1486.9,2199.0,137,0.842,0.875,0.945,0
WT_2,699,1492.7,1022.9,357,0.564,0.953,0.918,1
WT_2,700,1489.7,1933.8,213,0.860,0.763,0.926,0
WT_2,701,1490.2,2355.4,471,0.692,0.707,0.880,3
WT_2,702,1504.6,1563.8,690,0.450,0.921,0.717,1
WT_2,703,1498.4,1054.2,534,0.870,0.787,0.966,0
WT_2,704,1494.6,38.4,357,0.539,0.910,0.864,0
WT_2,705,1490.4,2974.5,152,0.828,0.631,0.899,0
WT_2,706,1492.9,1291.6,211,0.928,0.492,0.938,1
WT_2,707,1497.0,3021.4,332,0.839,0.719,0.935,0
WT_2,708,1508.4,1163.9,747,0.561,0.929,0.860,0
WT_2,709,1494.3,2581.6,197,0.957,0.564,0.952,0
WT_2,710,1501.2,351.2,345,0.543,0.915,0.782,1
WT_2,711,1502.8,2311.4,474,0.766,0.628,0.886,1
WT_2,712,1502.5,2335.7,351,0.745,0.790,0.898,0
WT_2,713,1506.4,2159.4,600,0.861,0.684,0.960,0
WT_2,714,1502.4,2446.1,158,0.775,0.825,0.903,0
WT_2,715,1526.5,29.3,1318,0.491,0.884,0.859,1
WT_2,716,1510.3,2703.7,342,0.772,0.737,0.914,0
WT_2,717,1512.2,742.6,616,0.349,0.948,0.640,3
WT_2,718,1513.0,2380.5,510,0.794,0.716,0.936,0
WT_2,719,1513.7,2240.9,208,0.700,0.890,0.889,0
WT_2,720,1518.8,2537.6,333,0.587,0.627,0.797,0
WT_2,721,1523.8,550.7,513,0.355,0.958,0.680,0
WT_2,722,1523.0,1613.6,363,0.490,0.870,0.738,0
WT_2,723,1519.0,2258.5,394,0.790,0.333,0.906,3
WT_2,724,1520.1,508.8,457,0.363,0.928,0.665,0
WT_2,725,1518.3,1419.4,355,0.574,0.948,0.855,0
WT_2,726,1519.8,2334.9,385,0.850,0.573,0.941,1
WT_2,727,1524.3,2430.3,461,0.866,0.545,0.943,0
WT_2,728,1524.3,2963.1,568,0.787,0.809,0.956,0
WT_2,729,1529.1,2607.1,355,0.623,0.918,0.862,0
WT_2,730,1525.0,1666.1,479,0.615,0.858,0.905,1
WT_2,731,1522.1,1362.1,127,0.851,0.875,0.941,0
WT_2,732,1537.8,2354.1,606,0.681,0.851,0.928,0
WT_2,733,1530.4,2936.3,426,0.834,0.581,0.932,0
WT_2,734,1549.2,85.1,1109,0.473,0.924,0.803,0
WT_2,735,1534.1,1332.7,301,0.684,0.751,0.904,3
WT_2,736,1535.9,1208.7,489,0.823,0.564,0.951,0
WT_2,737,1551.2,2988.4,1573,0.654,0.608,0.886,0
WT_2,738,1555.0,1178.1,1540,0.476,0.817,0.828,0
WT_2,739,1544.2,1072.7,622,0.803,0.370,0.940,0
WT_2,740,1548.8,2669.8,560,0.474,0.965,0.866,3
WT_2,741,1551.9,669.7,847,0.242,0.966,0.549,2
WT_2,742,1551.1,939.4,527,0.791,0.653,0.920,1
WT_2,743,1547.0,2527.4,355,0.803,0.829,0.942,0
WT_2,744,1544.2,2562.0,375,0.483,0.973,0.912,1
WT_2,745,1565.9,1522.1,1163,0.538,0.607,0.814,0
WT_2,746,1549.5,2595.8,263,0.852,0.748,0.933,3
WT_2,747,1558.1,2732.5,531,0.526,0.773,0.790,2
WT_2,748,1548.9,12.8,179,0.596,0.875,0.806,0
WT_2,749,1561.2,901.9,416,0.893,0.707,0.956,0
WT_2,750,1562.3,2823.0,246,0.929,0.730,0.961,1
WT_2,751,1564.3,2777.1,449,0.481,0.942,0.831,2
WT_2,752,1563.1,2900.4,174,0.611,0.942,0.897,1
WT_2,753,1580.1,2391.4,342,0.553,0.889,0.822,1
WT_2,754,1577.6,2303.3,562,0.363,0.964,0.701,0
WT_2,755,1589.9,1245.2,945,0.685,0.817,0.889,0
WT_2,756,1573.2,1396.7,239,0.798,0.755,0.912,0
WT_2,757,1575.5,2222.0,364,0.660,0.892,0.917,1
WT_2,758,1585.2,980.8,659,0.618,0.887,0.856,2
WT_2,759,1578.6,862.3,275,0.690,0.902,0.896,1
WT_2,760,1571.0,2121.0,75,1.037,0.675,0.938,0
WT_2,761,1579.3,2686.0,325,0.889,0.507,0.950,0
WT_2,762,1581.2,892.3,371,0.866,0.728,0.954,2
WT_2,763,1583.2,439.1,372,0.454,0.770,0.731,0
WT_2,764,1588.1,2659.7,457,0.715,0.863,0.912,0
WT_2,765,1590.2,1219.3,358,0.539,0.929,0.852,1
WT_2,766,1582.5,279.3,283,0.489,0.962,0.786,1
WT_2,767,1580.5,2714.5,203,0.855,0.829,0.953,0
WT_2,768,1583.4,2520.3,341,0.647,0.859,0.870,1
WT_2,769,1592.0,590.5,303,0.639,0.817,0.835,1
WT_2,770,1594.1,531.0,578,0.590,0.793,0.830,0
WT_2,771,1587.2,2283.1,172,0.863,0.842,0.961,0
WT_2,772,1595.8,1159.2,547,0.329,0.935,0.667,1
WT_2,773,1606.6,60.1,668,0.449,0.854,0.692,1
WT_2,774,1600.8,1371.0,274,0.515,0.942,0.811,0
WT_2,775,1602.7,1629.2,414,0.647,0.930,0.908,0
WT_2,776,1596.5,2189.2,336,0.672,0.786,0.851,0
WT_2,777,1596.8,2909.7,473,0.478,0.888,0.727,0
WT_2,778,1599.6,2467.1,354,0.551,0.823,0.783,0
WT_2,779,1597.2,2236.8,258,0.858,0.517,0.942,0
WT_2,780,1600.2,2565.2,442,0.760,0.500,0.900,0
WT_2,781,1599.2,154.1,577,0.387,0.967,0.810,1
WT_2,782,1611.7,1398.1,529,0.404,0.913,0.673,0
WT_2,783,1608.1,2681.2,541,0.589,0.685,0.805,0
WT_2,784,1605.9,427.3,391,0.653,0.677,0.844,1
WT_2,785,1611.5,207.2,777,0.288,0.918,0.569,0
WT_2,786,1614.8,271.8,417,0.517,0.883,0.774,0
WT_2,787,1619.2,997.2,670,0.673,0.815,0.897,0
WT_2,788,1611.3,1983.3,189,0.927,0.722,0.955,0
WT_2,789,1614.1,1221.1,409,0.525,0.943,0.850,1
WT_2,790,1630.4,2281.2,436,0.526,0.871,0.821,0
WT_2,791,1635.8,632.2,864,0.255,0.956,0.544,0
WT_2,792,1628.0,1274.8,400,0.448,0.971,0.763,1
WT_2,793,1625.5,747.5,424,0.477,0.923,0.760,1
WT_2,794,1634.1,1616.7,325,0.656,0.688,0.853,0
WT_2,795,1650.6,1508.9,738,0.393,0.952,0.729,0
WT_2,796,1633.7,1640.2,449,0.539,0.945,0.865,0
WT_2,797,1631.8,2306.6,379,0.633,0.891,0.879,1
WT_2,798,1642.5,119.5,888,0.529,0.663,0.838,0
WT_2,799,1628.7,2185.9,123,0.851,0.882,0.953,0
WT_2,800,1637.4,2119.1,285,0.851,0.519,0.925,1
WT_2,801,1638.6,2137.3,352,0.847,0.643,0.929,0
WT_2,802,1659.0,233.1,544,0.318,0.969,0.612,0
WT_2,803,1648.5,2340.8,440,0.652,0.899,0.891,0
WT_2,804,1637.9,2401.8,242,0.592,0.945,0.840,0
WT_2,805,1651.4,743.8,712,0.388,0.957,0.688,1
WT_2,806,1644.6,912.9,208,0.785,0.841,0.908,0
WT_2,807,1645.8,1426.8,154,0.932,0.674,0.945,2
WT_2,808,1652.3,2433.2,280,0.588,0.847,0.821,1
WT_2,809,1653.6,417.5,284,0.711,0.876,0.922,0
WT_2,810,1656.1,64.6,534,0.681,0.801,0.878,2
WT_2,811,1654.0,2150.4,179,0.797,0.850,0.923,0
WT_2,812,1652.0,2163.7,158,0.904,0.731,0.935,0
WT_2,813,1665.0,2517.0,635,0.350,0.858,0.639,0
WT_2,814,1652.5,2884.4,378,0.829,0.814,0.955,1
WT_2,815,1662.0,1728.3,570,0.570,0.898,0.821,1
WT_2,816,1657.8,2553.6,185,0.656,0.631,0.833,0
WT_2,817,1659.9,316.0,191,0.851,0.766,0.932,0
WT_2,818,1665.4,37.1,373,0.767,0.850,0.940,0
WT_2,819,1676.0,1425.5,468,0.431,0.928,0.732,0
WT_2,820,1664.7,2863.7,360,0.889,0.745,0.952,0
WT_2,821,1662.4,2283.7,249,0.940,0.733,0.973,0
WT_2,822,1670.4,103.3,724,0.695,0.782,0.885,0
WT_2,823,1670.4,1971.4,228,0.767,0.684,0.927,0
WT_2,824,1671.6,2793.8,419,0.634,0.827,0.853,1
WT_2,825,1678.3,462.6,796,0.458,0.680,0.696,0
WT_2,826,1675.4,494.2,582,0.522,0.535,0.791,0
WT_2,827,1678.0,199.0,478,0.789,0.765,0.935,0
WT_2,828,1674.1,2142.8,250,0.717,0.900,0.933,0
WT_2,829,1681.9,2219.6,485,0.449,0.963,0.806,0
WT_2,830,1678.2,2393.5,762,0.775,0.789,0.929,0
WT_2,831,1672.6,2745.3,323,0.816,0.782,0.956,0
WT_2,832,1681.2,881.0,258,0.757,0.869,0.912,1
WT_2,833,1691.1,2835.3,896,0.809,0.747,0.945,0
WT_2,834,1686.8,2936.5,339,0.606,0.873,0.858,4
WT_2,835,1687.8,2317.8,519,0.841,0.440,0.945,0
WT_2,836,1696.3,1978.5,451,0.447,0.947,0.710,2
WT_2,837,1693.5,3002.1,559,0.641,0.593,0.876,1
WT_2,838,1687.0,2603.7,180,0.934,0.489,0.942,0
WT_2,839,1686.0,1366.9,223,0.643,0.940,0.907,0
WT_2,840,1695.4,2080.1,403,0.582,0.889,0.870,0
WT_2,841,1688.4,2517.5,172,0.872,0.790,0.935,0
WT_2,842,1704.4,1346.5,566,0.391,0.866,0.653,2
WT_2,843,1698.1,1780.6,305,0.591,0.948,0.884,1
WT_2,844,1696.7,1074.0,173,0.829,0.826,0.915,0
WT_2,845,1709.8,1441.8,803,0.472,0.867,0.803,0
WT_2,846,1704.8,2696.2,629,0.789,0.715,0.912,0
WT_2,847,1699.6,194.0,133,0.772,0.905,0.943,1
WT_2,848,1710.9,1130.3,368,0.567,0.957,0.918,1
WT_2,849,1705.0,2345.2,433,0.859,0.697,0.950,0
WT_2,850,1712.1,2979.7,390,0.582,0.865,0.826,1
WT_2,851,1717.0,314.5,524,0.481,0.897,0.739,1
WT_2,852,1708.3,991.8,228,0.827,0.849,0.950,1
WT_2,853,1719.2,2094.9,288,0.344,0.982,0.740,0
WT_2,854,1704.1,2924.3,271,0.594,0.931,0.894,0
WT_2,855,1716.0,2027.0,472,0.365,0.956,0.695,0
WT_2,856,1714.6,2491.0,326,0.652,0.752,0.832,0
WT_2,857,1710.1,2329.0,298,0.822,0.703,0.937,0
WT_2,858,1721.8,2367.5,857,0.632,0.718,0.852,3
WT_2,859,1709.5,26.6,450,0.513,0.965,0.904,1
WT_2,860,1712.5,60.4,232,0.738,0.880,0.921,0
WT_2,861,1717.0,2677.4,261,0.741,0.842,0.929,0
WT_2,862,1724.8,1186.4,371,0.393,0.984,0.861,1
WT_2,863,1724.9,916.7,255,0.628,0.921,0.882,0
WT_2,864,1734.4,154.8,1291,0.589,0.741,0.878,0
WT_2,865,1726.2,18.8,244,0.461,0.972,0.830,0
WT_2,866,1722.9,85.9,279,0.638,0.897,0.869,0
WT_2,867,1730.4,2548.0,302,0.812,0.862,0.956,0
WT_2,868,1736.2,1093.2,390,0.504,0.938,0.744,2
WT_2,869,1733.6,821.2,1079,0.258,0.919,0.542,1
WT_2,870,1730.5,714.7,375,0.611,0.869,0.850,2
WT_2,871,1732.0,1901.5,422,0.532,0.721,0.793,0
WT_2,872,1754.3,431.0,1684,0.506,0.853,0.867,0
WT_2,873,1738.7,2473.9,459,0.570,0.673,0.773,0
WT_2,874,1744.0,2680.7,511,0.806,0.712,0.922,0
WT_2,875,1745.4,508.9,737,0.764,0.669,0.942,0
WT_2,876,1753.2,2148.4,380,0.391,0.955,0.708,0
WT_2,877,1740.5,2530.6,173,0.576,0.641,0.776,0
WT_2,878,1754.6,2653.0,321,0.463,0.970,0.817,1
WT_2,879,1743.4,1961.6,118,0.994,0.772,0.992,0
WT_2,880,1767.0,2810.0,783,0.302,0.945,0.598,3
WT_2,881,1751.9,2994.8,368,0.613,0.769,0.846,4
WT_2,882,1755.3,295.3,207,0.603,0.940,0.873,2
WT_2,883,1760.8,1149.9,403,0.415,0.965,0.739,0
WT_2,884,1759.3,1173.1,885,0.419,0.794,0.671,0
WT_2,885,1754.9,2230.8,412,0.502,0.954,0.843,2
WT_2,886,1765.8,2881.3,581,0.423,0.921,0.692,0
WT_2,887,1757.2,2280.8,266,0.590,0.935,0.881,0
WT_2,888,1754.3,1212.9,244,0.563,0.920,0.830,0
WT_2,889,1771.7,1240.0,1022,0.695,0.636,0.904,0
WT_2,890,1760.2,80.9,256,0.562,0.946,0.823,1
WT_2,891,1760.4,1050.1,229,0.575,0.886,0.795,0
WT_2,892,1770.2,929.7,819,0.827,0.440,0.936,0
WT_2,893,1771.4,96.7,318,0.654,0.836,0.876,0
WT_2,894,1774.5,2191.0,406,0.464,0.961,0.849,0
WT_2,895,1762.8,2552.2,119,0.917,0.687,0.937,0
WT_2,896,1772.2,2581.5,456,0.548,0.930,0.801,0
WT_2,897,1771.4,1615.2,346,0.543,0.922,0.826,1
WT_2,898,1774.3,2971.9,496,0.739,0.692,0.889,1
WT_2,899,1776.8,1076.7,437,0.457,0.848,0.705,0
WT_2,900,1771.7,743.0,169,0.889,0.806,0.939,0
WT_2,901,1777.7,2262.1,363,0.735,0.795,0.921,0
WT_2,902,1777.0,1195.8,289,0.557,0.876,0.794,0
WT_2,903,1773.3,2721.0,290,0.618,0.919,0.836,0
WT_2,904,1779.2,2026.7,356,0.937,0.545,0.967,0
WT_2,905,1782.0,905.2,314,0.659,0.641,0.828,2
WT_2,906,1782.1,2736.4,271,0.862,0.795,0.964,1
WT_2,907,1782.3,642.8,259,0.569,0.931,0.835,0
WT_2,908,1781.7,1898.3,218,0.604,0.854,0.835,0
WT_2,909,1780.7,2645.4,159,1.014,0.362,0.964,0
WT_2,910,1782.9,1861.3,448,0.371,0.980,0.750,0
WT_2,911,1794.1,512.5,752,0.749,0.520,0.910,2
WT_2,912,1785.0,2853.0,260,0.820,0.848,0.932,1
WT_2,913,1792.6,155.3,619,0.799,0.630,0.938,0
WT_2,914,1795.6,102.1,430,0.631,0.826,0.858,0
WT_2,915,1800.4,2053.9,496,0.465,0.970,0.890,0
WT_2,916,1792.7,1064.4,202,0.712,0.857,0.922,1
WT_2,917,1794.8,791.9,186,0.793,0.851,0.925,0
WT_2,918,1803.8,119.5,386,0.724,0.713,0.921,0
WT_2,919,1797.7,1877.3,157,0.770,0.888,0.929,0
WT_2,920,1816.6,975.7,622,0.702,0.809,0.935,0
WT_2,921,1804.1,2237.3,205,0.882,0.542,0.936,1
WT_2,922,1802.1,2704.2,212,0.893,0.771,0.964,1
WT_2,923,1807.3,246.1,373,0.774,0.730,0.899,0
WT_2,924,1819.5,925.0,564,0.546,0.938,0.884,0
WT_2,925,1814.5,2511.0,275,0.514,0.968,0.876,0
WT_2,926,1815.5,2954.8,462,0.744,0.806,0.945,2
WT_2,927,1818.6,235.6,260,0.763,0.733,0.903,0
WT_2,928,1820.0,2768.3,514,0.413,0.975,0.848,2
WT_2,929,1823.3,1292.5,386,0.796,0.472,0.919,0
WT_2,930,1823.4,1680.7,388,0.432,0.843,0.733,1
WT_2,931,1827.1,2242.4,342,0.471,0.782,0.704,0
WT_2,932,1829.1,178.3,313,0.599,0.933,0.907,2
WT_2,933,1829.0,752.8,292,0.709,0.841,0.874,1
WT_2,934,1844.7,666.6,445,0.319,0.969,0.622,1
WT_2,935,1843.3,1221.5,456,0.638,0.928,0.905,0
WT_2,936,1837.0,1445.7,361,0.497,0.944,0.822,1
WT_2,937,1845.9,1843.6,576,0.417,0.937,0.702,0
WT_2,938,1850.0,2742.1,544,0.432,0.850,0.684,0
WT_2,939,1848.3,1409.6,338,0.454,0.956,0.799,0
WT_2,940,1849.4,439.1,550,0.777,0.770,0.935,0
WT_2,941,1853.6,589.6,752,0.267,0.958,0.567,0
WT_2,942,1856.3,1144.1,822,0.680,0.541,0.874,0
WT_2,943,1851.2,2461.9,259,0.695,0.783,0.866,2
WT_2,944,1846.3,2890.6,254,0.772,0.851,0.941,2
WT_2,945,1853.5,700.8,410,0.671,0.823,0.880,0
WT_2,946,1849.2,1254.8,222,0.582,0.939,0.847,0
WT_2,947,1845.6,1990.7,206,0.753,0.887,0.928,0
WT_2,948,1854.8,1010.1,547,0.410,0.960,0.696,2
WT_2,949,1869.4,2355.3,606,0.437,0.939,0.830,1
WT_2,950,1866.8,2240.6,495,0.550,0.875,0.817,0
WT_2,951,1861.0,1343.7,262,0.478,0.963,0.832,0
WT_2,952,1873.0,2780.8,578,0.507,0.866,0.771,1
WT_2,953,1876.6,2553.2,611,0.381,0.891,0.633,0
WT_2,954,1870.1,2138.0,433,0.724,0.838,0.896,0
WT_2,955,1870.3,1854.7,255,0.476,0.865,0.718,0
WT_2,956,1870.9,2934.0,580,0.527,0.715,0.844,0
WT_2,957,1872.7,1034.2,211,0.590,0.935,0.841,0
WT_2,958,1870.9,2908.1,386,0.816,0.791,0.932,2
WT_2,959,1872.3,2693.2,322,0.730,0.574,0.897,0
WT_2,960,1884.8,405.6,432,0.551,0.950,0.878,0
WT_2,961,1888.1,503.3,646,0.491,0.932,0.841,2
WT_2,962,1875.0,1831.7,128,1.046,0.459,0.977,0
WT_2,963,1890.1,155.5,497,0.379,0.427,0.622,1
WT_2,964,1891.2,2165.0,1150,0.638,0.736,0.847,0
WT_2,965,1881.4,2641.9,200,0.755,0.734,0.858,0
WT_2,966,1891.0,1138.1,747,0.722,0.651,0.907,2
WT_2,967,1898.4,2415.6,604,0.395,0.925,0.679,2
WT_2,968,1896.3,1719.9,479,0.539,0.753,0.774,1
WT_2,969,1892.9,1822.4,777,0.468,0.839,0.708,0
WT_2,970,1897.8,1901.3,483,0.418,0.705,0.654,0
WT_2,971,1888.9,2627.7,272,0.905,0.780,0.958,1
WT_2,972,1890.6,477.4,577,0.546,0.894,0.798,0
WT_2,973,1888.5,1870.4,228,0.744,0.830,0.867,0
WT_2,974,1890.3,1100.1,532,0.705,0.807,0.872,0
WT_2,975,1895.1,799.0,448,0.641,0.888,0.877,0
WT_2,976,1898.1,460.2,521,0.785,0.803,0.952,0
WT_2,977,1895.0,1069.6,413,0.678,0.905,0.924,1
WT_2,978,1896.9,1373.0,260,0.570,0.821,0.788,0
WT_2,979,1895.5,2131.0,165,0.817,0.879,0.954,0
WT_2,980,1904.9,281.7,777,0.825,0.573,0.951,0
WT_2,981,1910.1,2925.3,1045,0.824,0.617,0.951,1
WT_2,982,1914.3,2844.1,505,0.451,0.782,0.710,2
WT_2,983,1917.3,1118.6,1251,0.689,0.546,0.894,0
WT_2,984,1910.4,1450.6,264,0.597,0.947,0.860,0
WT_2,985,1926.2,922.6,1080,0.760,0.635,0.927,0
WT_2,986,1922.8,799.3,687,0.415,0.971,0.864,1
WT_2,987,1921.2,1037.3,881,0.693,0.870,0.904,0
WT_2,988,1924.4,2778.7,816,0.709,0.790,0.882,0
WT_2,989,1918.8,1734.7,558,0.661,0.761,0.872,0
WT_2,990,1921.0,712.5,633,0.700,0.804,0.887,0
WT_2,991,1923.8,256.8,764,0.765,0.716,0.926,0
WT_2,992,1923.9,1471.1,304,0.656,0.910,0.849,1
WT_2,993,1929.4,655.5,396,0.568,0.934,0.841,0
WT_2,994,1925.5,278.4,281,0.733,0.763,0.915,0
WT_2,995,1922.4,2548.3,94,0.788,0.920,0.940,1
WT_2,996,1934.4,2262.8,783,0.725,0.673,0.895,0
WT_2,997,1933.2,2024.9,399,0.575,0.938,0.862,1
WT_2,998,1937.1,2092.6,386,0.351,0.953,0.692,0
WT_2,999,1943.0,562.8,488,0.409,0.909,0.696,3
WT_2,1000,1937.9,2496.1,479,0.470,0.805,0.736,1
WT_2,1001,1941.0,1315.3,285,0.464,0.865,0.720,0
WT_2,1002,1950.3,2326.9,351,0.297,0.985,0.664,0
WT_2,1003,1940.6,1034.4,370,0.836,0.697,0.930,0
WT_2,1004,1965.0,1170.6,1248,0.485,0.888,0.805,0
WT_2,1005,1949.2,1686.2,650,0.747,0.797,0.939,0
WT_2,1006,1943.7,1394.6,158,0.997,0.375,0.958,0
WT_2,1007,1958.2,2916.9,448,0.491,0.899,0.755,0
WT_2,1008,1948.1,1101.5,313,0.823,0.735,0.937,1
WT_2,1009,1963.8,827.0,533,0.580,0.896,0.819,2
WT_2,1010,1955.3,764.2,389,0.886,0.402,0.953,0
WT_2,1011,1968.9,1985.3,451,0.433,0.951,0.719,0
WT_2,1012,1959.3,510.1,235,0.882,0.736,0.951,0
WT_2,1013,1956.0,1020.2,398,0.549,0.959,0.907,1
WT_2,1014,1975.2,1196.9,1087,0.775,0.598,0.936,0
WT_2,1015,1972.8,2491.0,400,0.463,0.960,0.798,0
WT_2,1016,1975.8,1658.6,659,0.812,0.656,0.943,0
WT_2,1017,1974.2,264.0,443,0.855,0.671,0.953,2
WT_2,1018,1977.7,1594.0,657,0.832,0.767,0.956,0
WT_2,1019,1983.6,2149.6,474,0.690,0.890,0.917,0
WT_2,1020,1989.0,2950.2,550,0.486,0.953,0.883,1
WT_2,1021,1983.9,860.8,330,0.563,0.900,0.823,0
WT_2,1022,2000.3,2087.5,1325,0.566,0.880,0.837,0
WT_2,1023,1987.3,642.1,518,0.685,0.806,0.875,1
WT_2,1024,1990.2,798.9,672,0.630,0.784,0.863,0
WT_2,1025,1987.9,2811.3,327,0.730,0.857,0.916,1
WT_2,1026,1992.1,754.8,664,0.751,0.790,0.931,0
WT_2,1027,1988.8,1981.8,206,0.860,0.761,0.932,0
WT_2,1028,1996.3,1314.3,402,0.441,0.972,0.793,0
WT_2,1029,1996.6,1553.9,634,0.884,0.452,0.951,0
WT_2,1030,1998.5,1079.4,373,0.596,0.812,0.840,3
WT_2,1031,1996.2,1627.3,628,0.792,0.560,0.918,0
WT_2,1032,1993.9,2675.0,295,0.817,0.790,0.955,1
WT_2,1033,2007.2,682.9,896,0.614,0.856,0.842,0
WT_2,1034,2002.7,1699.6,932,0.833,0.540,0.949,0
WT_2,1035,2001.1,1588.0,858,0.778,0.238,0.931,0
WT_2,1036,1999.4,1662.1,716,0.796,0.612,0.946,0
WT_2,1037,1997.2,2726.2,248,0.885,0.713,0.939,1
WT_2,1038,2003.8,310.1,632,0.798,0.343,0.929,0
WT_2,1039,2011.8,1182.0,589,0.710,0.707,0.892,0
WT_2,1040,2005.3,2772.2,242,0.624,0.926,0.883,2
WT_2,1041,2016.7,620.7,533,0.841,0.665,0.952,0
WT_2,1042,2023.7,2009.7,689,0.666,0.803,0.888,0
WT_2,1043,2010.3,2162.6,319,0.506,0.961,0.835,1
WT_2,1044,2012.4,570.2,312,0.561,0.945,0.860,0
WT_2,1045,2025.5,946.2,675,0.343,0.918,0.619,2
WT_2,1046,2010.1,2474.2,207,0.683,0.930,0.932,0
WT_2,1047,2030.1,369.1,1052,0.435,0.915,0.804,0
WT_2,1048,2015.6,1607.0,422,0.853,0.721,0.942,0
WT_2,1049,2035.8,1555.4,1684,0.462,0.732,0.829,0
WT_2,1050,2014.2,1634.0,271,0.830,0.765,0.938,0
WT_2,1051,2020.7,2859.6,425,0.855,0.734,0.955,1
WT_2,1052,2035.2,333.3,1382,0.712,0.846,0.949,0
WT_2,1053,2028.6,728.4,819,0.448,0.895,0.758,0
WT_2,1054,2034.3,854.8,747,0.268,0.922,0.514,0
WT_2,1055,2033.8,802.3,403,0.636,0.891,0.857,0
WT_2,1056,2033.7,1798.4,263,0.636,0.880,0.871,1
WT_2,1057,2037.4,630.4,625,0.786,0.529,0.918,0
WT_2,1058,2036.0,2146.7,307,0.475,0.959,0.802,0
WT_2,1059,2048.7,2716.9,647,0.454,0.911,0.761,1
WT_2,1060,2040.4,2988.2,262,0.718,0.842,0.923,0
WT_2,1061,2036.0,2371.6,284,0.982,0.514,0.983,0
WT_2,1062,2049.9,1158.2,707,0.650,0.860,0.889,2
WT_2,1063,2039.9,1001.0,363,0.492,0.963,0.818,1
WT_2,1064,2052.3,1181.1,902,0.440,0.600,0.710,0
WT_2,1065,2044.1,1439.4,497,0.646,0.823,0.847,1
WT_2,1066,2041.6,826.0,285,0.746,0.706,0.872,1
WT_2,1067,2064.2,2535.8,595,0.337,0.979,0.705,1
WT_2,1068,2047.0,1298.7,282,0.755,0.814,0.919,1
WT_2,1069,2054.6,1665.6,330,0.589,0.941,0.914,0
WT_2,1070,2042.2,1899.1,220,0.634,0.942,0.905,1
WT_2,1071,2049.4,1592.5,270,0.934,0.296,0.947,0
WT_2,1072,2051.2,610.7,320,0.777,0.718,0.891,0
WT_2,1073,2054.5,654.5,413,0.665,0.808,0.864,0
WT_2,1074,2054.5,1524.4,398,0.789,0.747,0.939,0
WT_2,1075,2050.9,2405.5,288,0.716,0.588,0.862,2
WT_2,1076,2054.6,2974.1,266,0.590,0.916,0.858,0
WT_2,1077,2060.6,1833.8,583,0.457,0.915,0.786,1
WT_2,1078,2056.7,954.9,156,0.911,0.592,0.951,0
WT_2,1079,2062.7,276.4,410,0.797,0.608,0.905,1
WT_2,1080,2064.2,2063.4,397,0.733,0.758,0.902,1
WT_2,1081,2059.6,1562.0,235,0.877,0.692,0.948,0
WT_2,1082,2063.6,1399.8,278,0.918,0.486,0.949,3
WT_2,1083,2068.6,2391.5,235,0.620,0.938,0.883,0
WT_2,1084,2079.1,345.8,505,0.391,0.940,0.673,1
WT_2,1085,2077.1,1511.4,812,0.694,0.735,0.890,0
WT_2,1086,2072.4,976.3,353,0.594,0.797,0.804,1
WT_2,1087,2078.0,2669.4,480,0.633,0.660,0.828,1
WT_2,1088,2074.6,1381.0,212,0.648,0.791,0.825,0
WT_2,1089,2080.6,200.0,360,0.740,0.882,0.940,3
WT_2,1090,2087.4,1477.1,1673,0.728,0.650,0.898,0
WT_2,1091,2094.9,766.5,802,0.428,0.905,0.712,0
WT_2,1092,2080.0,2837.6,339,0.588,0.871,0.815,0
WT_2,1093,2090.5,1818.3,706,0.771,0.588,0.916,0
WT_2,1094,2086.0,2078.4,221,0.716,0.599,0.863,0
WT_2,1095,2084.9,2884.4,334,0.643,0.901,0.837,0
WT_2,1096,2088.4,1579.5,367,0.863,0.500,0.915,1
WT_2,1097,2084.3,2816.6,165,0.989,0.459,0.971,2
WT_2,1098,2097.4,558.3,518,0.512,0.719,0.802,1
WT_2,1099,2088.6,950.1,240,0.321,0.954,0.617,0
WT_2,1100,2091.6,2172.6,328,0.544,0.824,0.804,1
WT_2,1101,2098.4,2970.7,610,0.594,0.891,0.868,1
WT_2,1102,2100.2,1659.1,936,0.797,0.399,0.942,0
WT_2,1103,2105.4,594.5,854,0.653,0.567,0.860,1
WT_2,1104,2098.4,2670.8,266,0.811,0.581,0.927,0
WT_2,1105,2101.8,432.1,452,0.590,0.883,0.792,1
WT_2,1106,2104.2,865.9,457,0.719,0.784,0.900,0
WT_2,1107,2102.1,1405.7,423,0.663,0.699,0.900,0
WT_2,1108,2112.3,2504.1,317,0.492,0.960,0.807,0
WT_2,1109,2100.9,2751.1,160,0.925,0.611,0.947,0
WT_2,1110,2103.9,2891.7,202,0.785,0.872,0.927,0
WT_2,1111,2109.7,322.6,367,0.647,0.887,0.868,1
WT_2,1112,2112.4,1508.0,277,0.717,0.893,0.896,1
WT_2,1113,2113.5,1614.1,728,0.866,0.593,0.958,3
WT_2,1114,2110.8,2906.5,237,0.728,0.814,0.875,0
WT_2,1115,2122.7,720.5,644,0.499,0.908,0.761,1
WT_2,1116,2123.0,826.2,837,0.269,0.965,0.567,1
WT_2,1117,2123.4,1904.4,355,0.495,0.947,0.851,3
WT_2,1118,2124.1,2136.0,336,0.437,0.804,0.727,2
WT_2,1119,2120.5,497.5,215,0.671,0.938,0.919,1
WT_2,1120,2134.9,300.5,605,0.410,0.966,0.744,0
WT_2,1121,2130.8,346.0,928,0.624,0.671,0.830,0
WT_2,1122,2127.1,1959.8,538,0.783,0.840,0.939,0
WT_2,1123,2134.8,2360.8,1600,0.623,0.746,0.858,0
WT_2,1124,2132.5,1025.3,668,0.720,0.789,0.906,0
WT_2,1125,2134.9,1362.0,525,0.440,0.940,0.700,5
WT_2,1126,2124.4,2001.1,222,0.852,0.761,0.921,0
WT_2,1127,2136.0,712.4,299,0.588,0.952,0.923,1
WT_2,1128,2135.8,2747.5,682,0.540,0.255,0.771,1
WT_2,1129,2141.5,1301.4,1007,0.652,0.648,0.858,0
WT_2,1130,2132.2,195.5,164,0.775,0.876,0.906,1
WT_2,1131,2139.9,2670.0,333,0.331,0.878,0.488,0
WT_2,1132,2133.2,275.3,278,0.880,0.488,0.936,0
WT_2,1133,2129.0,2821.4,142,0.665,0.935,0.922,0
WT_2,1134,2135.9,319.9,139,0.677,0.923,0.891,1
WT_2,1135,2136.8,2720.0,284,0.694,0.653,0.877,0
WT_2,1136,2136.5,2514.5,362,0.582,0.891,0.823,1
WT_2,1137,2144.6,415.9,483,0.504,0.928,0.772,1
WT_2,1138,2151.9,1734.7,1279,0.785,0.507,0.931,0
WT_2,1139,2141.3,449.6,217,0.573,0.933,0.841,0
WT_2,1140,2141.4,2111.8,221,0.884,0.422,0.940,0
WT_2,1141,2152.5,218.9,558,0.758,0.818,0.912,1
WT_2,1142,2155.2,2008.5,382,0.552,0.938,0.886,0
WT_2,1143,2148.1,631.6,303,0.545,0.959,0.866,1
WT_2,1144,2156.5,389.3,463,0.673,0.863,0.899,4
WT_2,1145,2166.8,2038.1,339,0.554,0.949,0.919,0
WT_2,1146,2160.2,595.2,871,0.683,0.694,0.880,0
WT_2,1147,2163.6,968.8,329,0.381,0.974,0.715,0
WT_2,1148,2171.4,2567.7,691,0.383,0.882,0.683,0
WT_2,1149,2165.1,1127.6,313,0.485,0.856,0.721,0
WT_2,1150,2162.0,1390.8,460,0.905,0.412,0.966,1
WT_2,1151,2163.2,1984.9,228,0.449,0.908,0.731,0
WT_2,1152,2165.1,2882.7,494,0.510,0.790,0.723,0
WT_2,1153,2166.7,354.6,536,0.666,0.868,0.918,0
WT_2,1154,2162.3,1864.1,335,0.495,0.910,0.821,0
WT_2,1155,2167.2,619.7,450,0.818,0.296,0.924,0
WT_2,1156,2176.3,1964.2,595,0.325,0.976,0.719,1
WT_2,1157,2164.3,2444.0,356,0.676,0.841,0.852,0
WT_2,1158,2178.0,1045.5,526,0.540,0.927,0.848,1
WT_2,1159,2185.2,338.9,609,0.506,0.938,0.799,2
WT_2,1160,2174.3,545.5,411,0.682,0.743,0.854,1
WT_2,1161,2174.3,2682.5,353,0.843,0.573,0.919,1
WT_2,1162,2178.7,650.2,350,0.665,0.870,0.886,0
WT_2,1163,2174.8,1078.7,203,0.881,0.805,0.949,0
WT_2,1164,2184.4,1833.0,728,0.545,0.822,0.821,0
WT_2,1165,2194.6,2513.3,762,0.398,0.930,0.699,0
WT_2,1166,2178.6,2248.3,223,0.717,0.885,0.910,1
WT_2,1167,2185.0,820.7,571,0.423,0.949,0.749,1
WT_2,1168,2177.2,1709.4,253,0.658,0.881,0.832,1
WT_2,1169,2186.7,2796.3,339,0.726,0.794,0.876,0
WT_2,1170,2194.1,1286.7,621,0.720,0.818,0.923,0
WT_2,1171,2192.4,2481.2,485,0.624,0.932,0.892,1
WT_2,1172,2198.4,1536.0,683,0.519,0.940,0.861,0
WT_2,1173,2183.6,2780.7,140,0.786,0.853,0.903,1
WT_2,1174,2192.7,505.3,355,0.517,0.911,0.807,0
WT_2,1175,2208.4,976.0,774,0.312,0.908,0.567,0
WT_2,1176,2194.6,2877.8,224,0.904,0.594,0.957,0
WT_2,1177,2194.2,462.2,238,0.637,0.916,0.881,1
WT_2,1178,2193.8,2807.8,126,1.012,0.387,0.962,1
WT_2,1179,2201.2,633.5,466,0.345,0.970,0.616,2
WT_2,1180,2209.9,1707.5,901,0.817,0.716,0.951,0
WT_2,1181,2219.5,317.9,809,0.701,0.772,0.908,0
WT_2,1182,2203.7,2454.0,203,0.757,0.884,0.927,0
WT_2,1183,2207.6,2557.5,252,0.812,0.702,0.916,0
WT_2,1184,2219.2,377.3,755,0.639,0.802,0.878,0
WT_2,1185,2207.4,490.9,267,0.657,0.859,0.845,2
WT_2,1186,2212.3,714.4,445,0.499,0.919,0.757,0
WT_2,1187,2232.6,1631.8,1062,0.546,0.928,0.854,1
WT_2,1188,2247.8,2712.3,845,0.226,0.973,0.513,1
WT_2,1189,2235.3,2070.9,649,0.347,0.966,0.750,1
WT_2,1190,2221.2,559.6,365,0.516,0.931,0.847,1
WT_2,1191,2230.1,745.0,570,0.408,0.980,0.812,1
WT_2,1192,2218.7,2449.9,239,0.921,0.624,0.960,1
WT_2,1193,2234.8,2172.5,447,0.462,0.907,0.732,0
WT_2,1194,2227.4,476.4,350,0.850,0.783,0.962,0
WT_2,1195,2224.9,498.5,570,0.585,0.836,0.851,0
WT_2,1196,2225.5,636.0,265,0.612,0.844,0.818,0
WT_2,1197,2230.3,2471.7,448,0.764,0.690,0.928,1
WT_2,1198,2232.9,1576.4,986,0.759,0.556,0.934,0
WT_2,1199,2229.0,2901.2,233,0.775,0.774,0.900,1
WT_2,1200,2241.7,1848.3,459,0.455,0.894,0.762,1
WT_2,1201,2236.1,2419.7,180,0.242,0.965,0.308,1
WT_2,1202,2243.3,299.1,988,0.704,0.752,0.880,0
WT_2,1203,2236.8,1273.9,170,0.789,0.843,0.919,0
WT_2,1204,2252.2,402.0,716,0.434,0.845,0.694,0
WT_2,1205,2240.2,2568.9,486,0.508,0.909,0.805,1
WT_2,1206,2245.6,1150.5,496,0.676,0.605,0.863,0
WT_2,1207,2241.2,2374.9,240,0.751,0.806,0.899,0
WT_2,1208,2252.2,439.5,327,0.799,0.813,0.942,0
WT_2,1209,2264.4,1349.2,834,0.577,0.901,0.839,0
WT_2,1210,2264.3,332.1,687,0.725,0.810,0.917,0
WT_2,1211,2259.1,1018.8,462,0.751,0.747,0.918,0
WT_2,1212,2265.3,1552.1,1105,0.503,0.637,0.867,0
WT_2,1213,2261.5,289.0,529,0.774,0.788,0.931,0
WT_2,1214,2261.5,1705.4,650,0.713,0.833,0.907,0
WT_2,1215,2255.0,258.9,167,0.860,0.776,0.923,1
WT_2,1216,2265.9,1094.7,596,0.341,0.973,0.618,2
WT_2,1217,2266.0,2165.3,241,0.599,0.946,0.906,1
WT_2,1218,2259.1,2292.7,244,0.729,0.773,0.871,0
WT_2,1219,2276.8,526.4,548,0.498,0.935,0.829,1
WT_2,1220,2265.1,1941.8,224,0.734,0.878,0.929,1
WT_2,1221,2262.7,2246.9,257,0.805,0.438,0.911,1
WT_2,1222,2274.0,2756.2,568,0.523,0.922,0.813,3
WT_2,1223,2262.2,1872.5,176,0.581,0.955,0.880,0
WT_2,1224,2262.5,2260.6,114,0.871,0.755,0.919,0
WT_2,1225,2273.3,1264.4,349,0.482,0.755,0.705,3
WT_2,1226,2273.1,687.2,351,0.847,0.758,0.951,0
WT_2,1227,2271.6,789.0,323,0.664,0.886,0.878,2
WT_2,1228,2274.2,665.8,306,0.582,0.912,0.869,1
WT_2,1229,2271.4,477.2,166,0.853,0.798,0.938,0
WT_2,1230,2282.6,826.2,522,0.427,0.915,0.694,0
WT_2,1231,2278.2,456.2,279,0.672,0.859,0.886,1
WT_2,1232,2274.0,442.5,91,0.864,0.687,0.892,0
WT_2,1233,2281.7,2295.4,400,0.840,0.365,0.930,2
WT_2,1234,2281.7,2363.4,672,0.645,0.901,0.892,1
WT_2,1235,2281.2,373.8,613,0.786,0.795,0.912,0
WT_2,1236,2291.8,1236.4,432,0.449,0.957,0.759,0
WT_2,1237,2303.4,902.6,1139,0.450,0.730,0.724,0
WT_2,1238,2296.9,2136.7,716,0.796,0.615,0.934,0
WT_2,1239,2290.3,2255.4,261,0.868,0.777,0.946,2
WT_2,1240,2293.0,787.6,286,0.694,0.782,0.864,0
WT_2,1241,2289.7,2274.7,210,0.645,0.870,0.894,0
WT_2,1242,2292.5,687.3,267,0.577,0.932,0.859,0
WT_2,1243,2305.6,935.6,1213,0.549,0.787,0.800,0
WT_2,1244,2296.6,1560.0,274,0.762,0.830,0.904,0
WT_2,1245,2296.5,660.4,196,0.486,0.951,0.769,0
WT_2,1246,2299.9,1043.8,380,0.661,0.765,0.874,0
WT_2,1247,2299.4,1157.1,314,0.619,0.837,0.811,1
WT_2,1248,2302.4,2530.9,354,0.723,0.849,0.932,0
WT_2,1249,2297.7,421.8,104,0.915,0.769,0.920,0
WT_2,1250,2306.6,1913.2,335,0.407,0.954,0.743,0
WT_2,1251,2306.4,1466.9,798,0.633,0.752,0.837,0
WT_2,1252,2310.9,518.2,705,0.831,0.443,0.940,0
WT_2,1253,2308.7,395.1,570,0.714,0.839,0.885,1
WT_2,1254,2309.4,2087.1,399,0.726,0.851,0.909,0
WT_2,1255,2304.9,2266.2,185,0.960,0.561,0.949,0
WT_2,1256,2310.2,712.1,210,0.523,0.951,0.854,0
WT_2,1257,2316.7,1279.7,563,0.419,0.906,0.695,1
WT_2,1258,2321.3,1743.5,284,0.581,0.906,0.809,1
WT_2,1259,2325.0,2833.0,963,0.655,0.730,0.885,0
WT_2,1260,2323.6,2005.3,498,0.644,0.836,0.857,0
WT_2,1261,2325.7,1451.4,456,0.667,0.789,0.851,1
WT_2,1262,2320.5,2511.1,351,0.495,0.965,0.882,1
WT_2,1263,2337.2,2324.8,679,0.300,0.938,0.564,1
WT_2,1264,2333.6,1088.9,735,0.526,0.832,0.781,0
WT_2,1265,2334.8,2030.2,598,0.419,0.833,0.692,1
WT_2,1266,2326.5,2164.0,291,0.953,0.563,0.964,0
WT_2,1267,2338.1,573.0,994,0.643,0.563,0.870,0
WT_2,1268,2334.7,1707.4,613,0.637,0.878,0.916,0
WT_2,1269,2332.5,918.6,531,0.886,0.561,0.947,0
WT_2,1270,2334.6,939.8,390,0.902,0.571,0.956,0
WT_2,1271,2336.7,1297.0,167,0.618,0.873,0.815,0
WT_2,1272,2343.7,2602.0,405,0.424,0.971,0.837,0
WT_2,1273,2337.5,499.5,563,0.870,0.441,0.961,0
WT_2,1274,2346.4,1224.4,489,0.420,0.963,0.776,0
WT_2,1275,2357.5,608.6,2015,0.542,0.762,0.827,0
WT_2,1276,2343.0,1625.7,541,0.632,0.512,0.825,1
WT_2,1277,2337.0,2057.7,183,0.897,0.765,0.948,0
WT_2,1278,2343.5,2781.2,485,0.421,0.971,0.836,2
WT_2,1279,2353.4,1735.8,483,0.448,0.879,0.741,0
WT_2,1280,2351.4,2092.2,707,0.619,0.850,0.883,0
WT_2,1281,2340.7,2110.2,127,0.979,0.631,0.948,2
WT_2,1282,2347.1,2684.0,388,0.744,0.473,0.876,1
WT_2,1283,2353.7,1350.3,486,0.462,0.890,0.743,0
WT_2,1284,2347.3,1529.4,300,0.760,0.888,0.940,0
WT_2,1285,2366.2,556.3,1244,0.710,0.693,0.909,0
WT_2,1286,2346.1,2124.5,159,0.953,0.710,0.958,0
WT_2,1287,2347.2,2894.6,310,0.674,0.920,0.893,1
WT_2,1288,2360.8,1891.9,585,0.490,0.443,0.713,1
WT_2,1289,2358.4,423.6,677,0.827,0.752,0.954,0
WT_2,1290,2367.2,842.6,807,0.413,0.648,0.670,0
WT_2,1291,2362.1,1589.7,471,0.624,0.915,0.908,0
WT_2,1292,2353.8,2193.9,361,0.658,0.775,0.830,1
WT_2,1293,2354.7,2107.9,239,0.884,0.706,0.937,0
WT_2,1294,2359.0,2171.8,303,0.627,0.923,0.881,0
WT_2,1295,2357.9,2749.4,271,0.557,0.855,0.742,0
WT_2,1296,2368.2,1706.8,603,0.317,0.979,0.675,1
WT_2,1297,2363.2,1867.5,290,0.479,0.914,0.803,0
WT_2,1298,2363.1,399.8,528,0.777,0.744,0.926,2
WT_2,1299,2364.3,1510.3,487,0.618,0.894,0.845,1
WT_2,1300,2378.2,687.0,1469,0.421,0.936,0.802,0
WT_2,1301,2364.3,1558.9,177,0.688,0.909,0.894,0
WT_2,1302,2369.2,1650.6,414,0.576,0.868,0.828,0
WT_2,1303,2371.4,2142.2,311,0.886,0.491,0.937,1
WT_2,1304,2380.9,1401.7,811,0.781,0.534,0.942,5
WT_2,1305,2384.6,799.9,298,0.426,0.920,0.754,0
WT_2,1306,2399.5,995.5,618,0.320,0.956,0.654,0
WT_2,1307,2385.2,2044.1,706,0.821,0.614,0.928,0
WT_2,1308,2381.7,394.6,277,0.833,0.798,0.945,3
WT_2,1309,2382.2,413.2,403,0.759,0.590,0.904,0
WT_2,1310,2402.9,564.9,1835,0.699,0.847,0.926,0
WT_2,1311,2379.9,2116.6,482,0.838,0.708,0.945,1
WT_2,1312,2379.3,1516.5,128,0.748,0.894,0.921,0
WT_2,1313,2380.5,2270.9,312,0.653,0.900,0.867,1
WT_2,1314,2387.4,2945.6,578,0.557,0.747,0.812,2
WT_2,1315,2381.1,2152.7,143,0.978,0.725,0.966,0
WT_2,1316,2401.1,521.7,1755,0.682,0.716,0.891,0
WT_2,1317,2383.0,1070.6,358,0.536,0.668,0.754,0
WT_2,1318,2386.4,2825.5,387,0.862,0.698,0.949,1
WT_2,1319,2392.0,1288.3,416,0.583,0.812,0.814,1
WT_2,1320,2393.3,2096.4,551,0.864,0.363,0.947,0
WT_2,1321,2390.3,2379.5,416,0.388,0.891,0.686,0
WT_2,1322,2401.2,1647.1,312,0.599,0.943,0.891,0
WT_2,1323,2397.3,1626.2,284,0.906,0.726,0.953,0
WT_2,1324,2400.6,2058.9,354,0.788,0.528,0.941,0
WT_2,1325,2403.8,480.4,468,0.755,0.803,0.927,0
WT_2,1326,2416.3,2332.0,417,0.423,0.969,0.775,0
WT_2,1327,2414.0,411.9,560,0.576,0.926,0.900,2
WT_2,1328,2410.9,2710.9,244,0.429,0.968,0.744,1
WT_2,1329,2411.8,1376.4,379,0.676,0.922,0.952,1
WT_2,1330,2409.4,2077.6,261,0.675,0.918,0.897,0
WT_2,1331,2408.5,1017.5,347,0.808,0.736,0.943,1
WT_2,1332,2411.3,2375.9,446,0.721,0.621,0.887,2
WT_2,1333,2413.5,2904.0,226,0.705,0.895,0.926,0
WT_2,1334,2419.3,755.2,821,0.279,0.838,0.553,0
WT_2,1335,2408.2,2004.3,132,0.988,0.496,0.943,0
WT_2,1336,2419.0,2214.7,643,0.628,0.646,0.837,1
WT_2,1337,2421.5,1483.3,663,0.440,0.797,0.673,0
WT_2,1338,2422.9,2107.5,434,0.868,0.311,0.952,0
WT_2,1339,2435.4,2996.5,1220,0.586,0.782,0.849,0
WT_2,1340,2431.2,1585.6,1010,0.672,0.721,0.871,0
WT_2,1341,2425.3,1206.3,685,0.490,0.805,0.720,1
WT_2,1342,2422.3,1554.1,260,0.713,0.732,0.864,0
WT_2,1343,2423.3,2090.6,139,0.868,0.850,0.946,0
WT_2,1344,2434.2,923.0,762,0.628,0.491,0.826,0
WT_2,1345,2428.9,2160.0,410,0.617,0.891,0.847,2
WT_2,1346,2437.7,2793.7,479,0.638,0.768,0.854,1
WT_2,1347,2436.7,453.9,307,0.652,0.897,0.853,2
WT_2,1348,2439.0,1127.9,880,0.771,0.779,0.933,0
WT_2,1349,2446.2,1752.7,352,0.427,0.961,0.744,0
WT_2,1350,2444.5,997.3,686,0.545,0.629,0.799,0
WT_2,1351,2434.3,1376.6,287,0.768,0.847,0.903,0
WT_2,1352,2439.2,527.2,287,0.851,0.808,0.950,0
WT_2,1353,2448.4,2367.9,446,0.569,0.939,0.878,3
WT_2,1354,2442.1,1983.9,428,0.844,0.803,0.957,0
WT_2,1355,2440.7,2524.2,297,0.710,0.642,0.861,1
WT_2,1356,2438.7,2190.6,309,0.665,0.853,0.878,0
WT_2,1357,2446.5,2878.1,495,0.414,0.808,0.665,0
WT_2,1358,2452.1,546.5,407,0.485,0.960,0.786,2
WT_2,1359,2441.8,2273.0,211,0.908,0.708,0.938,1
WT_2,1360,2446.1,1734.2,169,0.535,0.952,0.854,0
WT_2,1361,2452.3,2637.1,1085,0.432,0.885,0.815,0
WT_2,1362,2452.5,2339.6,377,0.762,0.641,0.883,3
WT_2,1363,2459.4,1097.0,452,0.521,0.907,0.779,1
WT_2,1364,2456.4,2153.5,441,0.474,0.897,0.766,0
WT_2,1365,2459.2,471.5,582,0.630,0.843,0.893,0
WT_2,1366,2460.1,1666.2,488,0.760,0.724,0.910,0
WT_2,1367,2470.6,492.6,813,0.626,0.916,0.925,0
WT_2,1368,2459.9,2538.7,210,0.665,0.932,0.925,0
WT_2,1369,2459.4,2078.7,213,0.855,0.811,0.938,0
WT_2,1370,2465.3,930.4,298,0.674,0.911,0.892,1
WT_2,1371,2465.4,1577.4,564,0.399,0.938,0.703,1
WT_2,1372,2466.6,694.4,534,0.412,0.940,0.696,2
WT_2,1373,2476.5,1946.7,771,0.606,0.736,0.823,0
WT_2,1374,2479.7,1300.5,1310,0.682,0.769,0.895,0
WT_2,1375,2479.6,1385.2,957,0.286,0.826,0.563,0
WT_2,1376,2468.7,1746.7,218,0.701,0.879,0.908,1
WT_2,1377,2480.0,2774.3,417,0.649,0.883,0.862,0
WT_2,1378,2479.0,1018.7,421,0.682,0.853,0.872,0
WT_2,1379,2475.7,1729.2,181,0.749,0.891,0.928,0
WT_2,1380,2481.1,2935.5,428,0.636,0.880,0.901,2
WT_2,1381,2486.6,1651.9,248,0.715,0.864,0.908,1
WT_2,1382,2486.7,2442.2,331,0.588,0.893,0.871,1
WT_2,1383,2480.0,653.6,205,0.423,0.977,0.844,0
WT_2,1384,2492.8,409.2,452,0.629,0.875,0.863,2
WT_2,1385,2486.9,2057.0,281,0.747,0.810,0.940,0
WT_2,1386,2490.7,2795.4,456,0.609,0.857,0.846,2
WT_2,1387,2488.1,1447.0,386,0.424,0.967,0.783,0
WT_2,1388,2501.3,2714.7,804,0.573,0.817,0.850,2
WT_2,1389,2494.7,1120.2,240,0.823,0.764,0.927,1
WT_2,1390,2499.4,1935.2,577,0.860,0.304,0.966,0
WT_2,1391,2500.0,1518.7,515,0.549,0.940,0.844,1
WT_2,1392,2500.1,1886.8,498,0.702,0.641,0.880,0
WT_2,1393,2504.2,689.1,383,0.448,0.966,0.768,1
WT_2,1394,2509.8,841.5,391,0.397,0.949,0.703,0
WT_2,1395,2500.7,1304.2,545,0.484,0.942,0.823,0
WT_2,1396,2495.4,1705.9,167,0.857,0.713,0.923,0
WT_2,1397,2510.8,1256.2,517,0.491,0.602,0.754,0
WT_2,1398,2526.9,1318.3,1738,0.413,0.664,0.836,0
WT_2,1399,2503.2,2077.0,116,0.848,0.849,0.935,1
WT_2,1400,2522.2,2769.3,611,0.411,0.981,0.819,0
WT_2,1401,2513.9,1181.4,584,0.486,0.218,0.745,2
WT_2,1402,2519.8,1430.0,534,0.343,0.974,0.642,0
WT_2,1403,2506.8,1784.5,344,0.791,0.696,0.925,0
WT_2,1404,2526.0,987.0,643,0.475,0.856,0.749,0
WT_2,1405,2520.0,1080.3,816,0.360,0.923,0.635,1
WT_2,1406,2514.7,496.1,248,0.780,0.778,0.861,0
WT_2,1407,2512.6,889.9,191,0.815,0.656,0.901,1
WT_2,1408,2521.9,1028.4,449,0.573,0.814,0.799,0
WT_2,1409,2525.2,2473.7,838,0.698,0.712,0.909,0
WT_2,1410,2520.9,1881.0,412,0.898,0.738,0.954,1
WT_2,1411,2529.7,2589.0,314,0.439,0.938,0.706,1
WT_2,1412,2522.0,2445.2,153,0.894,0.505,0.922,0
WT_2,1413,2534.3,1794.7,659,0.352,0.861,0.595,1
WT_2,1414,2543.2,2019.8,616,0.367,0.936,0.718,3
WT_2,1415,2540.7,2205.8,521,0.421,0.973,0.836,1
WT_2,1416,2526.4,2361.5,329,0.670,0.912,0.911,1
WT_2,1417,2547.4,547.4,680,0.432,0.932,0.783,0
WT_2,1418,2535.7,2532.3,339,0.716,0.805,0.876,2
WT_2,1419,2535.4,2653.8,318,0.796,0.577,0.922,0
WT_2,1420,2535.4,1440.4,181,0.867,0.841,0.938,0
WT_2,1421,2541.1,736.7,252,0.703,0.831,0.910,0
WT_2,1422,2541.7,1960.0,171,0.909,0.701,0.940,0
WT_2,1423,2546.7,2276.6,297,0.887,0.575,0.934,0
WT_2,1424,2543.3,2518.5,156,0.895,0.657,0.934,0
WT_2,1425,2548.5,2568.6,459,0.547,0.879,0.817,0
WT_2,1426,2559.0,1047.0,784,0.651,0.797,0.869,4
WT_2,1427,2544.2,2413.3,108,0.962,0.668,0.964,1
WT_2,1428,2556.1,714.1,333,0.660,0.861,0.867,1
WT_2,1429,2557.4,1945.9,268,0.772,0.830,0.934,3
WT_2,1430,2565.9,1292.4,642,0.391,0.943,0.694,3
WT_2,1431,2557.8,1509.2,459,0.516,0.777,0.743,1
WT_2,1432,2563.6,2646.9,526,0.646,0.712,0.836,1
WT_2,1433,2558.9,947.5,295,0.516,0.956,0.813,0
WT_2,1434,2563.2,2834.7,455,0.646,0.824,0.875,1
WT_2,1435,2557.9,2937.0,346,0.883,0.770,0.958,1
WT_2,1436,2575.3,2391.5,601,0.540,0.652,0.817,3
WT_2,1437,2575.0,585.0,576,0.618,0.822,0.869,0
WT_2,1438,2580.8,1687.8,1173,0.514,0.771,0.812,0
WT_2,1439,2573.7,505.8,539,0.646,0.802,0.858,0
WT_2,1440,2573.1,2861.5,522,0.444,0.760,0.751,0
WT_2,1441,2567.8,1765.0,184,0.662,0.938,0.915,0
WT_2,1442,2573.0,2257.7,310,0.796,0.522,0.896,1
WT_2,1443,2571.4,2598.4,44,0.463,0.983,0.543,1
WT_2,1444,2579.3,1944.6,332,0.849,0.709,0.954,0
WT_2,1445,2573.2,2126.7,166,0.970,0.666,0.954,0
WT_2,1446,2580.0,2826.3,235,0.862,0.777,0.948,0
WT_2,1447,2597.8,773.6,494,0.352,0.975,0.677,0
WT_2,1448,2605.2,2491.0,998,0.529,0.942,0.880,0
WT_2,1449,2607.8,1271.0,652,0.410,0.921,0.720,0
WT_2,1450,2596.5,1371.7,386,0.494,0.855,0.741,3
WT_2,1451,2593.8,997.3,455,0.798,0.654,0.930,2
WT_2,1452,2622.6,1429.8,560,0.224,0.994,0.729,0
WT_2,1453,2594.8,1475.5,213,0.562,0.955,0.887,1
WT_2,1454,2599.4,2651.8,340,0.561,0.921,0.798,0
WT_2,1455,2597.7,2745.8,433,0.779,0.733,0.929,0
WT_2,1456,2596.5,905.8,404,0.634,0.668,0.845,0
WT_2,1457,2603.7,1608.2,459,0.512,0.952,0.866,1
WT_2,1458,2605.9,1306.0,834,0.626,0.744,0.829,0
WT_2,1459,2605.2,526.2,671,0.536,0.898,0.822,0
WT_2,1460,2597.9,2711.1,434,0.499,0.953,0.822,1
WT_2,1461,2598.1,467.5,207,0.814,0.697,0.932,2
WT_2,1462,2600.4,2857.8,359,0.820,0.761,0.930,4
WT_2,1463,2611.7,1150.1,592,0.316,0.904,0.552,0
WT_2,1464,2606.4,1574.4,352,0.506,0.948,0.805,0
WT_2,1465,2613.8,1630.0,416,0.475,0.932,0.743,0
WT_2,1466,2620.5,478.1,755,0.595,0.852,0.825,0
WT_2,1467,2618.8,549.6,801,0.665,0.787,0.861,0
WT_2,1468,2620.5,1251.0,510,0.811,0.475,0.922,1
WT_2,1469,2617.2,2284.7,410,0.509,0.887,0.748,0
WT_2,1470,2612.1,2961.7,141,0.845,0.840,0.934,0
WT_2,1471,2629.4,1989.0,591,0.347,0.921,0.613,0
WT_2,1472,2622.2,2164.4,369,0.675,0.759,0.870,1
WT_2,1473,2625.4,772.8,331,0.670,0.871,0.876,1
WT_2,1474,2628.2,1872.7,930,0.658,0.537,0.879,0
WT_2,1475,2628.5,2095.6,435,0.652,0.845,0.846,2
WT_2,1476,2646.9,2228.8,1057,0.470,0.875,0.785,0
WT_2,1477,2624.4,1087.6,419,0.703,0.777,0.903,0
WT_2,1478,2631.3,2641.7,498,0.761,0.800,0.902,0
WT_2,1479,2625.4,1467.7,198,0.871,0.784,0.938,0
WT_2,1480,2629.1,1797.7,417,0.547,0.813,0.803,0
WT_2,1481,2631.7,2902.6,296,0.743,0.892,0.919,0
WT_2,1482,2638.2,1241.4,446,0.756,0.787,0.918,2
WT_2,1483,2644.9,2731.7,741,0.723,0.816,0.927,0
WT_2,1484,2643.4,2590.8,598,0.636,0.637,0.846,1
WT_2,1485,2645.8,885.6,819,0.761,0.731,0.912,0
WT_2,1486,2645.6,1836.7,450,0.655,0.892,0.884,0
WT_2,1487,2643.3,904.6,402,0.600,0.944,0.944,2
WT_2,1488,2635.8,2482.0,157,1.001,0.624,0.969,1
WT_2,1489,2654.5,1894.2,874,0.675,0.691,0.859,0
WT_2,1490,2643.6,2657.3,173,0.892,0.323,0.940,2
WT_2,1491,2652.2,1480.6,416,0.510,0.733,0.742,0
WT_2,1492,2649.2,1160.1,427,0.455,0.833,0.725,3
WT_2,1493,2655.9,1781.9,660,0.393,0.653,0.661,0
WT_2,1494,2658.1,2630.2,858,0.431,0.820,0.666,0
WT_2,1495,2653.3,2676.5,447,0.548,0.790,0.784,0
WT_2,1496,2660.1,1520.3,542,0.366,0.961,0.721,2
WT_2,1497,2652.2,591.6,208,0.694,0.856,0.916,0
WT_2,1498,2658.2,1856.1,377,0.804,0.686,0.908,2
WT_2,1499,2665.0,1112.9,304,0.533,0.922,0.796,0
WT_2,1500,2660.5,1236.5,388,0.906,0.537,0.946,0
WT_2,1501,2677.3,2139.7,450,0.511,0.818,0.734,0
WT_2,1502,2667.1,823.1,250,0.899,0.559,0.951,0
WT_2,1503,2678.4,1437.6,381,0.598,0.945,0.890,1
WT_2,1504,2676.9,1973.5,339,0.500,0.829,0.724,0
WT_2,1505,2668.9,1550.0,220,0.880,0.665,0.940,0
WT_2,1506,2673.4,2691.1,450,0.451,0.919,0.725,1
WT_2,1507,2676.6,1286.4,249,0.668,0.849,0.856,0
WT_2,1508,2679.6,1863.5,293,0.733,0.879,0.921,0
WT_2,1509,2681.3,2165.0,505,0.685,0.372,0.863,0
WT_2,1510,2683.5,514.5,691,0.573,0.437,0.795,0
WT_2,1511,2683.5,542.6,320,0.528,0.929,0.842,1
WT_2,1512,2683.1,1807.2,570,0.661,0.264,0.841,0
WT_2,1513,2682.7,821.0,376,0.630,0.890,0.851,2
WT_2,1514,2695.5,2182.3,619,0.573,0.787,0.829,0
WT_2,1515,2687.8,2707.2,374,0.481,0.960,0.813,2
WT_2,1516,2696.3,2788.7,539,0.514,0.927,0.822,0
WT_2,1517,2701.0,712.7,1042,0.676,0.783,0.905,0
WT_2,1518,2699.1,1367.7,476,0.282,0.983,0.636,0
WT_2,1519,2696.9,2842.1,686,0.338,0.936,0.632,1
WT_2,1520,2698.8,2079.4,336,0.518,0.644,0.765,0
WT_2,1521,2703.9,1887.1,319,0.590,0.775,0.896,0
WT_2,1522,2708.6,674.0,793,0.800,0.446,0.916,0
WT_2,1523,2710.6,1226.0,526,0.788,0.648,0.929,3
WT_2,1524,2706.3,1782.3,489,0.454,0.935,0.774,1
WT_2,1525,2716.6,2595.4,432,0.366,0.805,0.646,2
WT_2,1526,2709.4,1245.9,237,0.695,0.870,0.862,0
WT_2,1527,2725.7,1320.6,589,0.337,0.977,0.672,1
WT_2,1528,2711.4,1670.6,416,0.511,0.904,0.768,3
WT_2,1529,2714.3,629.6,326,0.589,0.914,0.801,1
WT_2,1530,2728.7,2095.1,529,0.323,0.933,0.583,0
WT_2,1531,2714.9,1748.0,94,1.087,0.295,0.969,0
WT_2,1532,2726.6,2681.4,369,0.493,0.952,0.806,2
WT_2,1533,2720.7,1107.1,492,0.724,0.792,0.898,1
WT_2,1534,2729.3,2490.5,729,0.276,0.973,0.631,4
WT_2,1535,2726.4,1826.2,258,0.635,0.926,0.884,0
WT_2,1536,2722.0,1985.9,252,0.761,0.752,0.884,0
WT_2,1537,2734.6,517.3,630,0.610,0.739,0.830,0
WT_2,1538,2731.6,794.9,412,0.700,0.882,0.922,1
WT_2,1539,2730.8,991.5,359,0.629,0.918,0.882,2
WT_2,1540,2751.0,1201.5,498,0.222,0.929,0.454,0
WT_2,1541,2740.5,671.0,1187,0.738,0.647,0.923,0
WT_2,1542,2747.3,1233.7,652,0.395,0.973,0.799,0
WT_2,1543,2737.6,552.7,474,0.575,0.926,0.837,1
WT_2,1544,2742.2,1384.2,310,0.420,0.960,0.675,1
WT_2,1545,2741.9,1731.8,999,0.547,0.769,0.842,1
WT_2,1546,2748.6,2324.3,646,0.381,0.737,0.683,2
WT_2,1547,2739.6,2732.1,826,0.665,0.808,0.906,0
WT_2,1548,2740.8,2601.4,183,0.915,0.332,0.948,1
WT_2,1549,2745.3,1822.3,445,0.485,0.914,0.826,2
WT_2,1550,2749.5,2781.2,705,0.607,0.926,0.899,0
WT_2,1551,2761.6,528.4,797,0.639,0.700,0.908,3
WT_2,1552,2754.3,1093.9,412,0.534,0.855,0.789,0
WT_2,1553,2762.5,2026.7,516,0.349,0.942,0.643,0
WT_2,1554,2751.0,2653.9,512,0.658,0.848,0.900,0
WT_2,1555,2750.9,827.1,139,0.901,0.646,0.933,1
WT_2,1556,2756.8,1864.6,668,0.697,0.650,0.879,0
WT_2,1557,2754.2,753.6,353,0.575,0.892,0.823,0
WT_2,1558,2761.9,1982.8,335,0.481,0.703,0.702,1
WT_2,1559,2754.9,1414.2,324,0.507,0.961,0.842,2
WT_2,1560,2780.1,2190.9,730,0.341,0.897,0.639,0
WT_2,1561,2765.4,1310.1,213,0.757,0.743,0.887,1
WT_2,1562,2769.3,1844.0,304,0.830,0.521,0.941,3
WT_2,1563,2778.9,2529.4,454,0.237,0.951,0.493,0
WT_2,1564,2764.6,2757.7,168,0.824,0.854,0.939,0
WT_2,1565,2779.1,652.8,644,0.317,0.785,0.596,3
WT_2,1566,2779.9,557.7,602,0.582,0.832,0.834,1
WT_2,1567,2786.0,1348.7,533,0.421,0.803,0.731,0
WT_2,1568,2781.4,2750.7,211,0.957,0.623,0.955,1
WT_2,1569,2795.1,2592.2,626,0.534,0.873,0.766,2
WT_2,1570,2794.1,1046.4,272,0.639,0.870,0.850,0
WT_2,1571,2789.8,1096.5,393,0.522,0.840,0.760,4
WT_2,1572,2800.8,2380.2,698,0.416,0.951,0.836,1
WT_2,1573,2798.1,1433.3,519,0.619,0.792,0.841,2
WT_2,1574,2786.1,1798.3,101,0.788,0.905,0.927,0
WT_2,1575,2791.9,1905.8,235,0.932,0.668,0.955,0
WT_2,1576,2810.8,2308.7,578,0.314,0.795,0.586,2
WT_2,1577,2793.8,1766.5,177,0.941,0.477,0.967,0
WT_2,1578,2807.1,2779.1,637,0.496,0.913,0.806,1
WT_2,1579,2809.2,1059.1,549,0.457,0.865,0.728,1
WT_2,1580,2803.3,2686.0,279,0.547,0.951,0.835,0
WT_2,1581,2803.9,759.1,451,0.735,0.889,0.919,1
WT_2,1582,2813.0,1364.4,419,0.451,0.955,0.825,1
WT_2,1583,2806.8,1533.1,354,0.682,0.880,0.872,0
WT_2,1584,2798.2,2757.0,127,1.020,0.697,0.992,0
WT_2,1585,2810.2,1997.7,417,0.780,0.819,0.931,0
WT_2,1586,2805.8,860.0,512,0.737,0.818,0.921,0
WT_2,1587,2809.0,931.4,515,0.646,0.813,0.846,0
WT_2,1588,2813.4,717.8,455,0.690,0.840,0.878,1
WT_2,1589,2810.7,2802.6,131,0.657,0.911,0.868,0
WT_2,1590,2812.7,2541.1,341,0.653,0.886,0.863,1
WT_2,1591,2818.7,1452.1,459,0.738,0.744,0.918,0
WT_2,1592,2814.4,1578.4,189,0.659,0.913,0.883,1
WT_2,1593,2834.7,2056.6,711,0.388,0.959,0.749,0
WT_2,1594,2821.6,1608.2,515,0.768,0.683,0.931,0
WT_2,1595,2827.6,1192.0,300,0.393,0.979,0.843,0
WT_2,1596,2824.3,2759.1,412,0.704,0.882,0.947,0
WT_2,1597,2833.2,706.8,682,0.480,0.674,0.749,0
WT_2,1598,2830.8,2717.1,577,0.556,0.919,0.845,0
WT_2,1599,2824.9,1543.7,400,0.608,0.923,0.887,1
WT_2,1600,2827.8,2204.4,244,0.573,0.763,0.782,1
WT_2,1601,2823.8,1514.8,118,0.849,0.818,0.922,0
WT_2,1602,2836.1,1018.0,621,0.756,0.564,0.917,2
WT_2,1603,2837.8,1653.2,1098,0.799,0.742,0.948,0
WT_2,1604,2851.6,1801.1,979,0.302,0.936,0.638,0
WT_2,1605,2836.6,2494.5,421,0.830,0.778,0.925,1
WT_2,1606,2834.0,2742.5,202,0.712,0.914,0.940,0
WT_2,1607,2850.5,644.5,869,0.423,0.894,0.691,0
WT_2,1608,2838.0,1600.0,389,0.689,0.812,0.900,0
WT_2,1609,2851.4,2001.3,702,0.397,0.937,0.690,1
WT_2,1610,2845.7,1228.2,382,0.589,0.924,0.872,3
WT_2,1611,2848.8,1618.6,646,0.769,0.722,0.940,0
WT_2,1612,2845.4,502.2,238,0.906,0.441,0.948,0
WT_2,1613,2848.4,818.7,310,0.765,0.837,0.909,0
WT_2,1614,2849.2,2452.0,235,0.822,0.823,0.933,2
WT_2,1615,2849.2,2203.4,271,0.522,0.945,0.797,2
WT_2,1616,2854.7,1172.4,464,0.498,0.871,0.720,1
WT_2,1617,2855.9,1871.4,249,0.702,0.930,0.940,0
WT_2,1618,2862.4,1637.4,440,0.684,0.531,0.841,0
WT_2,1619,2852.9,1933.2,136,0.723,0.923,0.901,0
WT_2,1620,2858.4,2695.3,261,0.713,0.760,0.867,0
WT_2,1621,2868.6,2627.8,603,0.388,0.974,0.776,1
WT_2,1622,2856.2,762.1,226,0.639,0.921,0.869,1
WT_2,1623,2866.0,2674.0,413,0.724,0.832,0.894,1
WT_2,1624,2864.3,897.7,367,0.810,0.678,0.929,2
WT_2,1625,2868.8,672.2,433,0.395,0.871,0.673,0
WT_2,1626,2867.8,1559.9,237,0.715,0.907,0.919,1
WT_2,1627,2873.9,817.5,362,0.585,0.894,0.870,1
WT_2,1628,2874.9,2279.7,403,0.550,0.957,0.869,2
WT_2,1629,2868.2,1314.5,363,0.849,0.376,0.926,1
WT_2,1630,2865.2,1401.2,233,0.822,0.738,0.917,2
WT_2,1631,2872.8,1652.3,276,0.709,0.785,0.863,0
WT_2,1632,2865.4,1659.6,103,0.947,0.604,0.936,1
WT_2,1633,2875.0,1286.4,562,0.573,0.863,0.878,0
WT_2,1634,2872.3,715.6,204,0.639,0.924,0.915,0
WT_2,1635,2884.2,1046.5,597,0.505,0.944,0.826,3
WT_2,1636,2874.0,1333.4,241,0.899,0.579,0.931,1
WT_2,1637,2888.0,2567.6,552,0.518,0.716,0.735,0
WT_2,1638,2875.7,838.9,233,0.645,0.908,0.844,0
WT_2,1639,2880.5,1630.7,383,0.496,0.690,0.774,4
WT_2,1640,2891.1,571.2,895,0.559,0.729,0.803,0
WT_2,1641,2883.5,948.8,687,0.336,0.972,0.703,0
WT_2,1642,2879.2,1958.8,310,0.619,0.859,0.868,1
WT_2,1643,2890.6,688.7,524,0.433,0.930,0.714,0
WT_2,1644,2889.4,2470.8,250,0.427,0.977,0.769,0
WT_2,1645,2893.7,2740.0,727,0.599,0.937,0.894,0
WT_2,1646,2893.7,1897.0,624,0.401,0.932,0.726,2
WT_2,1647,2884.6,513.2,346,0.788,0.515,0.892,0
WT_2,1648,2897.3,616.0,695,0.618,0.770,0.827,0
WT_2,1649,2890.1,2370.9,183,0.613,0.960,0.963,0
WT_2,1650,2905.1,1514.9,937,0.778,0.667,0.939,0
WT_2,1651,2901.3,2624.4,450,0.663,0.890,0.893,0
WT_2,1652,2895.7,1235.6,239,0.902,0.674,0.934,0
WT_2,1653,2907.2,877.9,458,0.512,0.953,0.874,2
WT_2,1654,2903.8,1537.8,391,0.660,0.839,0.893,0
WT_2,1655,2897.1,2542.1,174,0.802,0.867,0.926,0
WT_2,1656,2908.9,1482.9,406,0.764,0.801,0.935,1
WT_2,1657,2902.8,1762.3,177,0.941,0.594,0.937,1
WT_2,1658,2910.1,1006.4,565,0.780,0.826,0.948,0
WT_2,1659,2906.6,2706.4,242,0.810,0.833,0.927,0
WT_2,1660,2911.1,2510.5,432,0.890,0.397,0.960,2
WT_2,1661,2915.2,670.7,495,0.788,0.502,0.918,0
WT_2,1662,2913.3,2437.5,411,0.729,0.833,0.907,0
WT_2,1663,2916.5,2457.1,378,0.438,0.941,0.723,2
WT_2,1664,2906.9,2543.7,125,0.987,0.490,0.969,1
WT_2,1665,2918.1,703.4,500,0.424,0.957,0.725,0
WT_2,1666,2911.3,2389.7,249,0.807,0.776,0.926,1
WT_2,1667,2918.3,2730.2,686,0.596,0.635,0.826,0
WT_2,1668,2928.1,1176.7,477,0.623,0.753,0.821,0
WT_2,1669,2923.8,1152.8,319,0.704,0.590,0.846,0
WT_2,1670,2927.4,1265.1,600,0.435,0.882,0.727,2
WT_2,1671,2942.7,2570.4,808,0.455,0.805,0.720,2
WT_2,1672,2957.2,754.2,1253,0.301,0.825,0.554,2
WT_2,1673,2930.8,2110.2,304,0.733,0.855,0.927,1
WT_2,1674,2925.4,1031.5,219,0.617,0.937,0.905,2
WT_2,1675,2929.2,1498.9,249,0.794,0.849,0.943,2
WT_2,1676,2923.7,1632.2,90,0.957,0.804,0.947,1
WT_2,1677,2939.6,2689.3,392,0.695,0.838,0.910,0
WT_2,1678,2934.4,2216.6,289,0.742,0.758,0.887,1
WT_2,1679,2954.0,787.0,546,0.389,0.975,0.786,0
WT_2,1680,2935.4,576.3,150,0.972,0.596,0.974,0
WT_2,1681,2941.0,2188.0,212,0.596,0.942,0.880,0
WT_2,1682,2941.4,1612.5,672,0.734,0.785,0.923,0
WT_2,1683,2941.6,616.2,553,0.668,0.697,0.865,0
WT_2,1684,2942.1,1030.2,291,0.771,0.817,0.901,1
WT_2,1685,2948.2,716.8,472,0.825,0.734,0.950,0
WT_2,1686,2941.0,1043.4,178,0.802,0.641,0.881,0
WT_2,1687,2963.4,985.9,952,0.401,0.761,0.689,0
WT_2,1688,2947.1,1102.0,325,0.404,0.970,0.767,0
WT_2,1689,2952.0,2072.1,415,0.593,0.931,0.856,1
WT_2,1690,2951.3,526.9,423,0.570,0.731,0.798,1
WT_2,1691,2952.8,931.5,841,0.667,0.729,0.894,0
WT_2,1692,2949.0,1724.0,519,0.731,0.689,0.912,0
WT_2,1693,2948.8,844.6,221,0.639,0.674,0.828,1
WT_2,1694,2968.4,2359.6,989,0.355,0.891,0.679,1
WT_2,1695,2951.5,2745.3,177,0.918,0.516,0.937,0
WT_2,1696,2958.4,1567.1,553,0.809,0.700,0.942,0
WT_2,1697,2971.3,627.3,709,0.589,0.735,0.873,0
WT_2,1698,2957.9,2651.0,378,0.502,0.964,0.853,0
WT_2,1699,2963.4,844.2,254,0.578,0.906,0.844,0
WT_2,1700,2975.0,2017.9,463,0.724,0.900,0.945,0
WT_2,1701,2971.0,1384.3,26,0.753,0.981,0.634,0
WT_2,1702,2973.1,854.5,398,0.568,0.930,0.816,2
WT_2,1703,2984.2,2661.3,594,0.447,0.960,0.817,1
WT_2,1704,2979.8,1089.7,214,0.746,0.906,0.934,0
WT_2,1705,2980.3,2100.8,223,0.422,0.980,0.832,0
WT_2,1706,2976.4,670.4,172,1.020,0.530,0.972,0
WT_2,1707,2982.7,2440.8,379,0.518,0.920,0.785,1
WT_2,1708,2982.6,828.9,170,0.591,0.939,0.854,0
WT_2,1709,2988.2,1426.6,210,0.688,0.907,0.882,1
WT_2,1710,2996.6,1895.1,600,0.784,0.279,0.915,0
WT_2,1711,2996.7,2424.3,423,0.731,0.530,0.908,0
WT_2,1712,2988.9,934.7,212,0.559,0.942,0.828,0
WT_2,1713,2992.5,2060.0,156,0.902,0.383,0.929,0
WT_2,1714,2994.6,2587.3,390,0.362,0.972,0.768,0
WT_2,1715,2999.8,823.6,298,0.771,0.732,0.898,1
WT_2,1716,3003.9,1631.0,417,0.760,0.818,0.905,0
WT_2,1717,2997.5,684.8,253,0.699,0.889,0.904,0
WT_2,1718,3011.1,2617.9,627,0.739,0.553,0.891,1
WT_2,1719,3014.6,1085.3,596,0.466,0.885,0.770,0
WT_2,1720,3005.0,585.0,821,0.340,0.980,0.713,0
WT_2,1721,3009.8,1648.2,477,0.718,0.781,0.907,0
WT_2,1722,3016.1,1713.1,379,0.423,0.971,0.766,0
WT_2,1723,3011.5,728.8,544,0.410,0.903,0.713,1
WT_2,1724,3007.9,2082.9,127,0.709,0.917,0.882,0
WT_2,1725,3021.5,867.2,389,0.543,0.913,0.837,0
WT_2,1726,3015.3,1246.8,338,0.646,0.652,0.864,3
WT_2,1727,3014.1,967.1,196,0.952,0.450,0.951,1
WT_2,1728,3021.0,1426.7,590,0.863,0.686,0.950,0
WT_2,1729,3021.3,2582.0,628,0.541,0.734,0.788,0
WT_2,1730,3025.0,1974.6,428,0.770,0.826,0.916,2
WT_2,1731,3032.6,2285.2,494,0.421,0.963,0.812,3
WT_2,1732,3034.0,1889.5,607,0.370,0.845,0.629,0
WT_2,1733,3032.4,2511.9,765,0.617,0.870,0.861,0
WT_2,1734,3033.0,1211.1,436,0.511,0.798,0.774,0
WT_2,1735,3032.4,2453.6,209,0.862,0.656,0.929,2
WT_2,1736,3037.6,1251.6,404,0.590,0.619,0.797,0
WT_2,1737,3032.5,2433.6,297,0.729,0.892,0.940,0
WT_2,1738,3050.9,1285.5,829,0.518,0.933,0.846,0
WT_2,1739,3057.1,1145.1,526,0.377,0.981,0.728,0
WT_2,1740,3044.8,2477.2,372,0.413,0.972,0.782,2
WT_2,1741,3059.4,623.3,952,0.433,0.944,0.770,0
WT_2,1742,3043.4,779.9,272,0.443,0.867,0.670,0
WT_2,1743,3054.4,1494.2,992,0.567,0.602,0.849,2
WT_2,1744,3051.9,2153.5,343,0.566,0.933,0.896,1
WT_2,1745,3064.1,2052.2,725,0.466,0.864,0.790,0
WT_2,1746,3051.4,666.3,173,0.898,0.725,0.951,0
WT_2,1747,3052.9,1826.4,203,0.665,0.921,0.902,1
WT_2,1748,3062.6,944.8,520,0.536,0.867,0.793,1
WT_2,1749,3055.2,1915.5,150,0.889,0.785,0.938,0
WT_2,1750,3075.3,2358.2,664,0.438,0.969,0.795,2
WT_2,1751,3067.9,2388.3,765,0.577,0.828,0.816,0
WT_2,1752,3064.7,1224.8,342,0.736,0.713,0.910,0
WT_2,1753,3077.0,1479.2,688,0.661,0.449,0.833,0
WT_2,1754,3074.8,1796.0,413,0.473,0.941,0.805,1
WT_2,1755,3079.4,1323.1,754,0.503,0.932,0.777,0
WT_2,1756,3074.9,2194.7,227,0.654,0.928,0.880,0
WT_2,1757,3076.5,1366.6,348,0.731,0.761,0.895,1
WT_2,1758,3080.3,2564.3,531,0.637,0.648,0.879,0
WT_2,1759,3083.4,1451.6,1092,0.765,0.333,0.923,0
WT_2,1760,3081.6,2520.0,606,0.704,0.732,0.889,0
WT_2,1761,3082.8,666.2,482,0.714,0.852,0.876,3
WT_2,1762,3079.3,692.6,177,0.694,0.866,0.863,0
WT_2,1763,3088.5,1930.7,387,0.580,0.943,0.858,2
WT_2,1764,3092.5,831.6,736,0.417,0.917,0.682,1
WT_2,1765,3088.7,763.9,423,0.832,0.630,0.928,1
WT_2,1766,3088.6,1116.5,357,0.808,0.777,0.925,0
WT_2,1767,3096.4,1157.8,303,0.898,0.645,0.953,0
WT_2,1768,3094.2,744.5,161,0.835,0.828,0.925,1
WT_2,1769,3104.9,1262.4,466,0.416,0.979,0.818,0
WT_2,1770,3092.4,2034.2,146,0.507,0.971,0.869,1
WT_2,1771,3093.4,670.2,130,0.852,0.841,0.949,0
WT_2,1772,3108.4,1131.9,788,0.669,0.868,0.926,0
WT_2,1773,3102.8,2157.2,262,0.684,0.911,0.916,1
WT_2,1774,3114.3,1077.9,1769,0.540,0.637,0.809,0
WT_2,1775,3108.4,1724.1,529,0.749,0.647,0.914,0
WT_2,1776,3109.9,770.1,559,0.647,0.836,0.879,4
WT_2,1777,3107.8,2077.0,429,0.699,0.513,0.870,1
WT_2,1778,3107.5,2584.2,354,0.685,0.716,0.903,0
WT_2,1779,3111.1,2252.0,499,0.442,0.884,0.709,1
WT_2,1780,3111.9,2367.3,207,0.730,0.855,0.881,0
WT_2,1781,3121.0,2216.4,187,0.808,0.852,0.954,0
WT_2,1782,3120.9,668.8,267,0.712,0.920,0.947,0
WT_2,1783,3135.9,635.6,720,0.450,0.816,0.721,0
WT_2,1784,3133.7,1216.2,464,0.586,0.892,0.832,1
WT_2,1785,3125.7,1130.2,26,0.481,0.998,0.481,0
WT_2,1786,3136.1,2414.4,478,0.542,0.864,0.753,0
WT_2,1787,3136.7,743.6,231,0.518,0.960,0.843,0
WT_2,1788,3138.3,1889.9,414,0.529,0.923,0.755,1
WT_2,1789,3137.4,2573.6,240,0.518,0.863,0.779,0
WT_2,1790,3146.8,570.3,384,0.450,0.950,0.810,4
WT_2,1791,3139.8,937.4,297,0.629,0.885,0.851,0
WT_2,1792,3141.2,2531.5,183,0.798,0.602,0.920,0
WT_2,1793,3150.5,671.2,364,0.720,0.882,0.929,0
WT_2,1794,3147.5,842.0,275,0.734,0.891,0.896,0
WT_2,1795,3145.7,971.4,460,0.518,0.950,0.816,0
WT_2,1796,3145.4,821.7,144,0.933,0.817,0.973,0
WT_2,1797,3152.6,714.1,165,0.974,0.599,0.982,0
WT_2,1798,3152.8,1086.2,215,0.678,0.906,0.927,0
WT_2,1799,3156.5,556.4,239,0.655,0.921,0.919,0
WT_2,1800,3152.2,1850.1,90,1.019,0.668,0.957,0
