image,condition,comp_id,length_um,span_um,n_branches,n_endpoints,thickness_um,branches_per_100um,endpoint_branch_ratio,is_stub,cluster
F_WT_2,WT,1,60.44,25.27,1,10,1.858,1.654,10.0,0,2
F_WT_2,WT,2,14.9,12.52,1,3,2.036,6.71,3.0,0,1
F_WT_2,WT,3,19.46,14.03,1,4,1.809,5.139,4.0,0,1
F_WT_2,WT,4,161.05,56.11,6,19,1.976,3.726,3.167,0,3
F_WT_2,WT,5,49.06,26.16,3,9,2.145,6.115,3.0,0,3
F_WT_2,WT,6,37.26,17.0,1,7,1.841,2.684,7.0,0,2
F_WT_2,WT,7,43.06,19.75,1,6,2.204,2.323,6.0,0,2
F_WT_2,WT,8,13.25,10.45,1,3,1.881,7.548,3.0,0,1
F_WT_2,WT,9,20.7,13.09,0,4,1.819,0.0,4.0,1,0
F_WT_2,WT,10,256.47,59.87,13,29,1.895,5.069,2.231,0,3
F_WT_2,WT,11,250.06,69.76,8,30,1.908,3.199,3.75,0,3
F_WT_2,WT,12,30.22,16.2,1,7,1.726,3.309,7.0,0,2
F_WT_2,WT,13,153.59,58.61,6,18,2.063,3.906,3.0,0,3
F_WT_2,WT,14,25.05,16.44,1,4,1.606,3.992,4.0,0,1
F_WT_2,WT,15,84.87,34.03,3,14,2.199,3.535,4.667,0,3
F_WT_2,WT,16,45.54,22.95,3,6,1.752,6.588,2.0,0,3
F_WT_2,WT,17,50.92,24.14,1,5,2.248,1.964,5.0,0,2
F_WT_2,WT,18,24.01,12.45,1,7,1.744,4.165,7.0,0,2
F_WT_2,WT,19,20.08,16.03,1,5,1.703,4.98,5.0,0,2
F_WT_2,WT,20,37.67,23.89,1,9,1.874,2.654,9.0,0,2
F_WT_2,WT,21,545.44,112.73,30,74,1.967,5.5,2.467,0,3
F_WT_2,WT,22,13.04,10.85,0,4,1.907,0.0,4.0,1,0
F_WT_2,WT,23,78.45,32.13,1,9,1.699,1.275,9.0,0,2
F_WT_2,WT,24,45.75,25.28,2,5,1.739,4.372,2.5,0,3
F_WT_2,WT,25,13.04,9.54,1,4,2.187,7.668,4.0,0,1
F_WT_2,WT,26,11.18,9.76,0,3,1.99,0.0,3.0,1,0
F_WT_2,WT,27,32.71,19.73,0,7,1.476,0.0,7.0,1,2
F_WT_2,WT,28,31.67,21.66,0,4,1.395,0.0,4.0,1,2
F_WT_2,WT,29,7.66,7.62,0,2,1.809,0.0,2.0,1,0
F_WT_2,WT,30,23.6,18.17,1,4,1.447,4.238,4.0,0,1
F_WT_2,WT,31,16.56,12.74,0,3,1.76,0.0,3.0,1,0
F_WT_2,WT,32,18.84,14.98,2,5,1.717,10.617,2.5,0,1
F_WT_2,WT,33,116.13,43.51,6,14,1.865,5.167,2.333,0,3
F_WT_2,WT,34,14.08,11.35,1,3,1.72,7.104,3.0,0,1
F_WT_2,WT,35,54.03,32.89,3,8,1.484,5.553,2.667,0,3
F_WT_2,WT,36,22.36,13.33,1,6,1.613,4.473,6.0,0,2
F_WT_2,WT,37,22.15,13.05,1,5,2.866,4.515,5.0,0,2
F_WT_2,WT,38,27.12,20.15,1,5,1.404,3.688,5.0,0,2
F_WT_2,WT,39,85.9,34.4,5,14,1.686,5.82,2.8,0,3
F_WT_2,WT,40,18.63,15.23,1,4,1.846,5.368,4.0,0,1
F_WT_2,WT,41,50.72,27.03,3,9,1.556,5.915,3.0,0,3
F_WT_2,WT,42,14.28,9.81,1,3,1.637,7.001,3.0,0,1
F_WT_2,WT,43,16.77,12.45,1,5,1.75,5.964,5.0,0,1
F_WT_2,WT,44,10.97,8.93,1,3,2.157,9.115,3.0,0,1
F_WT_2,WT,45,27.53,19.09,1,6,1.459,3.632,6.0,0,2
F_WT_2,WT,46,51.75,23.33,4,10,1.525,7.729,2.5,0,3
F_WT_2,WT,47,19.87,15.68,0,4,1.591,0.0,4.0,1,0
F_WT_2,WT,48,51.34,27.71,3,8,1.945,5.844,2.667,0,3
F_WT_2,WT,49,12.83,8.83,2,4,1.692,15.584,2.0,0,1
F_WT_2,WT,50,70.17,30.65,6,13,1.953,8.55,2.167,0,3
F_WT_2,WT,51,418.55,91.56,19,44,2.01,4.539,2.316,0,3
F_WT_2,WT,52,36.85,25.58,1,7,2.011,2.714,7.0,0,2
F_WT_2,WT,53,22.77,15.76,0,4,1.408,0.0,4.0,1,0
F_WT_2,WT,54,16.56,14.53,0,3,1.458,0.0,3.0,1,0
F_WT_2,WT,55,37.88,20.79,2,7,1.653,5.28,3.5,0,1
F_WT_2,WT,56,28.36,19.64,0,7,1.63,0.0,7.0,1,2
F_WT_2,WT,57,23.8,16.21,1,4,1.557,4.201,4.0,0,1
F_WT_2,WT,58,24.63,18.51,2,4,1.762,8.119,2.0,0,1
F_WT_2,WT,59,67.69,30.2,4,7,1.402,5.909,1.75,0,3
F_WT_2,WT,60,24.43,20.23,1,3,1.538,4.094,3.0,0,1
F_WT_2,WT,61,18.63,16.25,1,3,1.332,5.368,3.0,0,1
F_WT_2,WT,62,15.52,11.94,2,5,1.732,12.882,2.5,0,1
F_WT_2,WT,63,17.18,12.65,0,3,1.675,0.0,3.0,1,0
F_WT_2,WT,64,11.18,11.94,0,2,1.782,0.0,2.0,1,0
F_WT_2,WT,65,44.71,18.55,1,7,2.005,2.237,7.0,0,2
F_WT_2,WT,66,19.46,14.46,0,3,1.627,0.0,3.0,1,0
F_WT_2,WT,67,24.22,16.65,3,6,1.627,12.387,2.0,0,1
F_WT_2,WT,68,19.25,16.65,0,2,1.552,0.0,2.0,1,0
F_WT_2,WT,69,102.05,44.55,3,11,1.435,2.94,3.667,0,3
F_WT_2,WT,70,15.73,11.96,1,4,1.64,6.356,4.0,0,1
F_WT_2,WT,71,29.19,14.05,0,5,1.794,0.0,5.0,1,2
F_WT_2,WT,72,20.49,11.14,0,4,1.605,0.0,4.0,1,0
F_WT_2,WT,73,18.84,15.98,1,3,1.614,5.309,3.0,0,1
F_WT_2,WT,74,78.66,36.76,3,9,1.562,3.814,3.0,0,3
F_WT_2,WT,75,30.84,17.11,3,8,1.7,9.727,2.667,0,1
F_WT_2,WT,76,33.33,28.16,1,4,1.526,3.001,4.0,0,2
F_WT_2,WT,77,22.98,13.34,2,5,2.063,8.704,2.5,0,1
F_WT_2,WT,78,8.49,8.81,0,2,1.94,0.0,2.0,1,0
F_WT_2,WT,79,27.94,17.58,2,5,1.531,7.157,2.5,0,1
F_WT_2,WT,80,28.15,16.6,0,5,1.522,0.0,5.0,1,2
F_WT_2,WT,81,26.5,15.49,2,6,1.577,7.548,3.0,0,1
F_WT_2,WT,82,34.98,20.21,2,7,1.314,5.717,3.5,0,1
F_WT_2,WT,83,14.08,14.02,0,2,1.765,0.0,2.0,1,0
F_WT_2,WT,84,52.58,25.39,2,7,1.735,3.804,3.5,0,3
F_WT_2,WT,85,67.27,28.84,3,11,1.987,4.459,3.667,0,3
F_WT_2,WT,86,37.05,20.46,3,4,1.394,8.097,1.333,0,1
F_WT_2,WT,87,28.98,19.46,1,5,1.538,3.451,5.0,0,2
F_WT_2,WT,88,24.01,21.79,0,3,1.472,0.0,3.0,1,0
F_WT_2,WT,89,26.29,13.26,2,5,1.683,7.608,2.5,0,1
F_WT_2,WT,90,15.73,11.11,1,3,1.582,6.356,3.0,0,1
F_WT_2,WT,91,30.01,18.8,1,7,1.437,3.332,7.0,0,2
F_WT_2,WT,92,34.98,24.89,1,5,1.349,2.859,5.0,0,2
F_WT_2,WT,93,34.98,21.93,2,8,1.615,5.717,4.0,0,2
F_WT_2,WT,94,11.8,12.31,0,2,1.784,0.0,2.0,1,0
F_WT_2,WT,95,45.54,26.35,1,6,1.577,2.196,6.0,0,2
F_WT_2,WT,96,23.39,15.45,1,5,1.69,4.275,5.0,0,2
F_WT_2,WT,97,50.92,27.91,1,7,1.529,1.964,7.0,0,2
F_WT_2,WT,98,40.57,22.32,2,6,1.413,4.93,3.0,0,1
F_WT_2,WT,99,15.73,10.99,0,4,1.626,0.0,4.0,1,0
F_WT_2,WT,100,271.79,59.65,16,36,1.819,5.887,2.25,0,3
F_WT_2,WT,101,27.53,19.0,1,5,1.394,3.632,5.0,0,2
F_WT_2,WT,102,43.68,23.45,2,6,1.789,4.579,3.0,0,3
F_WT_2,WT,103,72.66,41.81,1,11,1.549,1.376,11.0,0,2
F_WT_2,WT,104,7.87,6.79,0,2,1.449,0.0,2.0,1,0
F_WT_2,WT,105,20.08,12.0,1,5,1.822,4.98,5.0,0,2
F_WT_2,WT,106,16.77,12.97,0,4,1.627,0.0,4.0,1,0
F_WT_2,WT,107,27.74,20.23,0,3,1.316,0.0,3.0,1,0
F_WT_2,WT,108,30.84,23.23,0,4,1.49,0.0,4.0,1,2
F_WT_2,WT,109,89.63,35.12,6,13,1.881,6.694,2.167,0,3
F_WT_2,WT,110,32.5,17.76,2,8,1.496,6.154,4.0,0,1
F_WT_2,WT,111,14.9,12.88,0,3,2.089,0.0,3.0,1,0
F_WT_2,WT,112,59.62,24.59,2,12,1.491,3.355,6.0,0,2
F_WT_2,WT,113,10.56,8.99,0,2,1.236,0.0,2.0,1,0
F_WT_2,WT,114,24.22,19.53,1,5,1.561,4.129,5.0,0,2
F_WT_2,WT,115,65.41,33.36,2,10,1.732,3.058,5.0,0,2
F_WT_2,WT,116,17.6,14.13,1,4,1.942,5.683,4.0,0,1
F_WT_2,WT,117,29.6,23.2,0,3,1.515,0.0,3.0,1,0
F_WT_2,WT,118,24.22,18.32,1,5,1.628,4.129,5.0,0,2
F_WT_2,WT,119,6.42,5.77,0,1,2.338,0.0,1.0,1,0
F_WT_2,WT,120,24.22,18.67,1,4,1.691,4.129,4.0,0,1
F_WT_2,WT,121,16.35,16.04,0,2,1.708,0.0,2.0,1,0
F_WT_2,WT,122,73.28,38.52,3,10,1.503,4.094,3.333,0,3
F_WT_2,WT,123,26.7,17.94,1,6,1.513,3.745,6.0,0,2
F_WT_2,WT,124,8.49,7.41,0,2,1.536,0.0,2.0,1,0
F_WT_2,WT,125,135.79,61.78,7,15,1.468,5.155,2.143,0,3
F_WT_2,WT,126,26.7,18.48,0,5,1.923,0.0,5.0,1,2
F_WT_2,WT,127,46.16,23.0,3,7,1.732,6.499,2.333,0,3
F_WT_2,WT,128,52.16,23.96,0,8,1.395,0.0,8.0,1,2
F_WT_2,WT,129,21.53,12.61,1,6,1.571,4.645,6.0,0,2
F_WT_2,WT,130,13.04,12.97,0,3,1.749,0.0,3.0,1,0
F_WT_2,WT,131,25.88,16.7,1,4,1.357,3.865,4.0,0,1
F_WT_2,WT,132,251.71,61.58,13,32,1.843,5.165,2.462,0,3
F_WT_2,WT,133,33.74,21.13,0,8,1.424,0.0,8.0,1,2
F_WT_2,WT,134,286.49,67.22,12,30,1.775,4.189,2.5,0,3
F_WT_2,WT,135,17.39,15.32,1,3,1.664,5.751,3.0,0,1
F_WT_2,WT,136,29.6,19.38,1,6,1.419,3.378,6.0,0,2
F_WT_2,WT,137,155.46,49.15,7,25,1.565,4.503,3.571,0,3
F_WT_2,WT,138,52.78,26.07,1,8,1.716,1.894,8.0,0,2
F_WT_2,WT,139,24.43,16.2,1,4,1.436,4.094,4.0,0,1
F_WT_2,WT,140,138.9,46.29,9,19,2.032,6.48,2.111,0,3
F_WT_2,WT,141,26.7,15.3,2,6,1.621,7.49,3.0,0,1
F_WT_2,WT,142,23.8,16.67,0,5,1.456,0.0,5.0,1,2
F_WT_2,WT,143,23.39,17.11,1,4,1.528,4.275,4.0,0,1
F_WT_2,WT,144,414.21,85.74,19,49,1.664,4.587,2.579,0,3
F_WT_2,WT,145,8.69,7.35,0,2,1.979,0.0,2.0,1,0
F_WT_2,WT,146,15.73,10.13,0,5,2.012,0.0,5.0,1,2
F_WT_2,WT,147,50.92,26.0,1,8,1.577,1.964,8.0,0,2
F_WT_2,WT,148,25.88,21.9,1,3,1.602,3.865,3.0,0,1
F_WT_2,WT,149,6.21,4.72,1,3,1.237,16.103,3.0,0,1
F_WT_2,WT,150,21.74,13.97,0,5,1.769,0.0,5.0,1,2
F_WT_2,WT,151,59.82,40.31,3,8,1.327,5.015,2.667,0,3
F_WT_2,WT,152,26.7,18.54,1,5,1.432,3.745,5.0,0,2
F_WT_2,WT,153,38.92,22.79,1,7,1.603,2.57,7.0,0,2
F_WT_2,WT,154,31.88,18.59,3,7,1.52,9.411,2.333,0,1
F_WT_2,WT,155,55.27,24.75,2,8,1.675,3.619,4.0,0,2
F_WT_2,WT,156,45.54,18.96,2,5,1.764,4.392,2.5,0,1
F_WT_2,WT,157,37.47,20.82,4,8,1.922,10.676,2.0,0,1
F_WT_2,WT,158,35.81,21.89,1,7,1.406,2.792,7.0,0,2
F_WT_2,WT,159,19.66,17.52,1,4,1.543,5.085,4.0,0,1
F_WT_2,WT,160,24.01,15.45,1,5,1.575,4.165,5.0,0,2
F_WT_2,WT,161,20.49,13.71,0,5,1.678,0.0,5.0,1,2
F_WT_2,WT,162,42.02,28.03,0,5,1.371,0.0,5.0,1,2
F_WT_2,WT,163,25.46,16.44,1,6,1.829,3.928,6.0,0,2
F_WT_2,WT,164,24.43,13.96,1,5,2.163,4.094,5.0,0,2
F_WT_2,WT,165,58.37,26.51,3,10,1.712,5.139,3.333,0,3
F_WT_2,WT,166,24.22,12.74,0,5,1.442,0.0,5.0,1,2
F_WT_2,WT,167,38.92,22.53,1,6,1.269,2.57,6.0,0,2
F_WT_2,WT,168,9.11,8.99,0,3,1.536,0.0,3.0,1,0
F_WT_2,WT,169,7.45,7.63,0,2,0.993,0.0,2.0,1,0
F_WT_2,WT,170,26.29,15.23,0,6,1.638,0.0,6.0,1,2
F_WT_2,WT,171,46.37,25.04,2,7,1.627,4.313,3.5,0,3
F_WT_2,WT,172,225.22,50.5,13,21,1.975,5.772,1.615,0,3
F_WT_2,WT,173,8.69,6.26,1,3,1.157,11.502,3.0,0,1
F_WT_2,WT,174,30.64,20.64,1,5,1.514,3.264,5.0,0,2
F_WT_2,WT,175,6.0,5.89,0,2,1.426,0.0,2.0,1,0
F_WT_2,WT,176,31.46,20.31,2,5,1.596,6.356,2.5,0,1
F_WT_2,WT,177,32.91,22.41,2,5,1.549,6.077,2.5,0,1
F_WT_2,WT,178,7.66,5.86,0,2,1.13,0.0,2.0,1,0
F_WT_2,WT,179,40.36,22.12,1,7,1.38,2.477,7.0,0,2
F_WT_2,WT,180,34.16,27.15,0,4,1.404,0.0,4.0,1,2
F_WT_2,WT,181,83.63,37.16,5,12,1.58,5.979,2.4,0,3
F_WT_2,WT,182,45.54,22.1,2,8,1.215,4.392,4.0,0,2
F_WT_2,WT,183,47.82,24.67,2,9,2.26,4.183,4.5,0,2
F_WT_2,WT,184,137.24,52.41,6,22,1.547,4.372,3.667,0,3
F_WT_2,WT,185,27.32,14.55,0,4,1.519,0.0,4.0,1,2
F_WT_2,WT,186,29.19,19.18,2,6,1.41,6.852,3.0,0,1
F_WT_2,WT,187,32.08,19.49,1,6,1.299,3.117,6.0,0,2
F_WT_2,WT,188,33.74,23.11,0,6,1.354,0.0,6.0,1,2
F_WT_2,WT,189,317.12,68.3,16,35,1.779,5.045,2.188,0,3
F_WT_2,WT,190,38.71,22.41,2,6,1.485,5.167,3.0,0,1
F_WT_2,WT,191,341.96,85.66,10,36,1.595,2.924,3.6,0,3
F_WT_2,WT,192,30.01,20.89,2,6,1.44,6.663,3.0,0,1
F_WT_2,WT,193,31.05,15.81,2,8,1.971,6.441,4.0,0,1
F_WT_2,WT,194,21.94,16.54,0,3,1.645,0.0,3.0,1,0
F_WT_2,WT,195,26.7,15.78,2,6,1.425,7.49,3.0,0,1
F_WT_2,WT,196,48.85,27.24,1,6,1.351,2.047,6.0,0,2
F_WT_2,WT,197,104.95,46.91,5,15,1.774,4.764,3.0,0,3
F_WT_2,WT,198,18.42,11.28,0,3,1.622,0.0,3.0,1,0
F_WT_2,WT,199,25.46,15.97,3,5,2.11,11.783,1.667,0,1
F_WT_2,WT,200,20.29,13.89,1,6,1.693,4.93,6.0,0,2
F_WT_2,WT,201,20.29,14.77,2,4,1.727,9.859,2.0,0,1
F_WT_2,WT,202,38.92,22.25,1,7,1.493,2.57,7.0,0,2
F_WT_2,WT,203,22.98,14.7,2,5,1.495,8.704,2.5,0,1
F_WT_2,WT,204,20.08,15.52,1,5,2.112,4.98,5.0,0,2
F_WT_2,WT,205,17.18,16.86,0,2,1.496,0.0,2.0,1,0
F_WT_2,WT,206,21.53,18.95,1,4,1.38,4.645,4.0,0,1
F_WT_2,WT,207,29.81,20.21,1,5,1.732,3.355,5.0,0,2
F_WT_2,WT,208,29.6,20.04,1,4,1.416,3.378,4.0,0,2
F_WT_2,WT,209,28.98,20.29,0,5,1.579,0.0,5.0,1,2
F_WT_2,WT,210,14.28,10.28,0,3,1.304,0.0,3.0,1,0
F_WT_2,WT,211,14.08,11.42,0,3,1.759,0.0,3.0,1,0
F_WT_2,WT,212,21.53,13.19,1,4,1.492,4.645,4.0,0,1
F_WT_2,WT,213,389.78,73.07,26,54,2.145,6.67,2.077,0,3
F_WT_2,WT,214,61.48,30.09,2,9,1.506,3.253,4.5,0,2
F_WT_2,WT,215,399.92,75.17,17,37,1.88,4.251,2.176,0,3
F_WT_2,WT,216,9.73,9.82,0,2,1.776,0.0,2.0,1,0
F_WT_2,WT,217,41.19,25.1,1,6,1.68,2.428,6.0,0,2
F_WT_2,WT,218,111.78,30.61,6,18,1.978,5.368,3.0,0,3
F_WT_2,WT,219,30.01,19.64,0,5,1.5,0.0,5.0,1,2
F_WT_2,WT,220,9.94,8.56,1,3,1.474,10.064,3.0,0,1
F_WT_2,WT,221,20.7,16.77,1,5,1.456,4.831,5.0,0,2
F_WT_2,WT,222,8.69,6.05,1,3,1.377,11.502,3.0,0,1
F_WT_2,WT,223,15.11,12.63,1,3,1.613,6.618,3.0,0,1
F_WT_2,WT,224,32.08,17.0,1,6,1.454,3.117,6.0,0,2
F_WT_2,WT,225,15.32,11.16,0,4,1.386,0.0,4.0,1,0
F_WT_2,WT,226,20.7,17.15,0,2,1.386,0.0,2.0,1,0
F_WT_2,WT,227,18.63,14.55,0,4,1.499,0.0,4.0,1,0
F_WT_2,WT,228,77.0,32.54,5,12,1.626,6.493,2.4,0,3
F_WT_2,WT,229,14.28,12.88,0,2,1.134,0.0,2.0,1,0
F_WT_2,WT,230,597.61,92.06,32,76,2.398,5.355,2.375,0,3
F_WT_2,WT,231,27.53,15.52,1,4,1.421,3.632,4.0,0,1
F_WT_2,WT,232,25.05,15.4,2,5,1.803,7.985,2.5,0,1
F_WT_2,WT,233,90.87,34.33,6,11,1.396,6.603,1.833,0,3
F_WT_2,WT,234,22.98,17.91,0,4,1.577,0.0,4.0,1,2
F_WT_2,WT,235,13.25,11.54,0,2,1.754,0.0,2.0,1,0
F_WT_2,WT,236,73.28,46.19,2,10,1.719,2.729,5.0,0,3
F_WT_2,WT,237,7.04,6.02,1,3,1.798,14.209,3.0,0,1
F_WT_2,WT,238,36.43,22.0,0,6,1.447,0.0,6.0,1,2
F_WT_2,WT,239,20.49,16.42,0,3,1.611,0.0,3.0,1,0
F_WT_2,WT,240,12.42,10.6,0,4,1.317,0.0,4.0,1,0
F_WT_2,WT,241,173.47,50.14,10,25,2.0,5.765,2.5,0,3
F_WT_2,WT,242,8.07,9.09,0,2,1.286,0.0,2.0,1,0
F_WT_2,WT,243,57.55,28.32,0,6,1.446,0.0,6.0,1,2
F_WT_2,WT,244,255.23,71.88,11,28,1.53,4.31,2.545,0,3
F_WT_2,WT,245,116.33,36.17,4,15,1.606,3.438,3.75,0,3
F_WT_2,WT,246,16.15,14.68,0,2,1.648,0.0,2.0,1,0
F_WT_2,WT,247,12.83,12.35,0,2,1.596,0.0,2.0,1,0
F_WT_2,WT,248,28.36,23.6,0,3,1.481,0.0,3.0,1,0
F_WT_2,WT,249,24.01,14.36,0,5,1.566,0.0,5.0,1,2
F_WT_2,WT,250,19.87,13.15,1,5,1.643,5.032,5.0,0,2
F_WT_2,WT,251,12.21,8.35,1,3,1.87,8.188,3.0,0,1
F_WT_2,WT,252,9.11,7.34,1,3,2.163,10.979,3.0,0,1
F_WT_2,WT,253,20.49,15.39,0,3,1.401,0.0,3.0,1,0
F_WT_2,WT,254,17.6,18.06,0,2,1.284,0.0,2.0,1,0
F_WT_2,WT,255,28.57,13.81,2,3,1.664,7.001,1.5,0,1
F_WT_2,WT,256,15.11,10.8,0,4,1.561,0.0,4.0,1,0
F_WT_2,WT,257,27.32,15.73,2,3,1.463,7.32,1.5,0,1
F_WT_2,WT,258,6.62,6.0,0,2,1.611,0.0,2.0,1,0
F_WT_2,WT,259,16.77,12.31,2,4,1.655,11.928,2.0,0,1
F_WT_2,WT,260,48.23,29.65,2,8,1.403,4.147,4.0,0,2
F_WT_2,WT,261,15.11,14.02,0,3,1.566,0.0,3.0,1,0
F_WT_2,WT,262,25.88,16.69,1,4,1.746,3.865,4.0,0,1
F_WT_2,WT,263,20.91,19.32,1,4,1.634,4.783,4.0,0,1
F_WT_2,WT,264,22.36,16.67,0,3,1.328,0.0,3.0,1,0
F_WT_2,WT,265,23.8,19.35,0,5,1.59,0.0,5.0,1,2
F_WT_2,WT,266,21.94,17.05,2,4,1.591,9.115,2.0,0,1
F_WT_2,WT,267,72.04,26.03,4,11,1.433,5.553,2.75,0,3
F_WT_2,WT,268,103.09,45.31,4,12,1.455,3.88,3.0,0,3
F_WT_2,WT,269,43.26,28.45,1,7,1.882,2.311,7.0,0,2
F_WT_2,WT,270,29.6,20.24,0,6,1.617,0.0,6.0,1,2
F_WT_2,WT,271,19.25,16.98,0,4,1.806,0.0,4.0,1,2
F_WT_2,WT,272,16.35,14.47,1,3,1.738,6.115,3.0,0,1
F_WT_2,WT,273,86.94,36.9,7,16,1.638,8.052,2.286,0,3
F_WT_2,WT,274,20.49,12.92,1,5,1.748,4.88,5.0,0,2
F_WT_2,WT,275,67.69,30.2,4,10,1.391,5.909,2.5,0,3
F_WT_2,WT,276,34.78,19.98,2,5,1.25,5.751,2.5,0,1
F_WT_2,WT,277,354.59,78.45,14,43,1.79,3.948,3.071,0,3
F_WT_2,WT,278,44.09,21.7,1,9,1.962,2.268,9.0,0,2
F_WT_2,WT,279,12.42,9.77,0,3,1.36,0.0,3.0,1,0
F_WT_2,WT,280,51.54,26.93,5,7,1.646,9.701,1.4,0,3
F_WT_2,WT,281,186.09,60.48,7,23,1.598,3.762,3.286,0,3
F_WT_2,WT,282,26.91,15.81,0,5,1.7,0.0,5.0,1,2
F_WT_2,WT,283,22.36,16.4,0,5,1.476,0.0,5.0,1,2
F_WT_2,WT,284,6.0,5.4,0,2,1.658,0.0,2.0,1,0
F_WT_2,WT,285,57.96,26.48,3,12,1.68,5.176,4.0,0,3
F_WT_2,WT,286,18.84,14.49,0,4,1.219,0.0,4.0,1,0
F_WT_2,WT,287,65.2,30.68,6,11,1.563,9.202,1.833,0,3
F_WT_2,WT,288,109.71,32.26,7,16,1.946,6.38,2.286,0,3
F_WT_2,WT,289,21.32,13.38,1,5,1.602,4.69,5.0,0,2
F_WT_2,WT,290,30.43,17.76,1,6,1.68,3.286,6.0,0,2
F_WT_2,WT,291,27.74,21.18,0,3,1.511,0.0,3.0,1,0
F_WT_2,WT,292,8.07,6.0,0,2,1.385,0.0,2.0,1,0
F_WT_2,WT,293,7.87,7.53,0,2,0.957,0.0,2.0,1,0
F_WT_2,WT,294,103.91,48.51,3,14,1.003,2.887,4.667,0,3
F_WT_2,WT,295,24.43,18.27,0,5,1.389,0.0,5.0,1,2
F_WT_2,WT,296,7.45,7.68,0,2,1.707,0.0,2.0,1,0
F_WT_2,WT,297,55.06,26.02,3,6,1.685,5.448,2.0,0,3
F_WT_2,WT,298,149.66,44.94,9,16,1.58,6.014,1.778,0,3
F_WT_2,WT,299,25.88,19.63,0,4,1.529,0.0,4.0,1,2
F_WT_2,WT,300,26.91,26.27,0,2,1.191,0.0,2.0,1,0
F_WT_2,WT,301,23.8,15.91,1,6,1.269,4.201,6.0,0,2
F_WT_2,WT,302,57.55,27.03,4,12,1.762,6.951,3.0,0,3
F_WT_2,WT,303,22.56,18.55,1,4,1.435,4.432,4.0,0,1
F_WT_2,WT,304,16.56,13.38,0,3,1.168,0.0,3.0,1,0
F_WT_2,WT,305,21.53,11.56,1,5,1.774,4.645,5.0,0,2
F_WT_2,WT,306,26.29,18.21,1,5,1.362,3.804,5.0,0,2
F_WT_2,WT,307,16.77,12.91,2,5,1.91,11.928,2.5,0,1
F_WT_2,WT,308,12.01,9.48,2,4,1.581,16.658,2.0,0,1
F_WT_2,WT,309,19.66,16.57,0,3,1.429,0.0,3.0,1,0
F_WT_2,WT,310,10.35,10.88,0,2,1.482,0.0,2.0,1,0
F_WT_2,WT,311,23.18,16.54,1,5,1.479,4.313,5.0,0,2
F_WT_2,WT,312,47.61,28.36,1,8,1.638,2.1,8.0,0,2
F_WT_2,WT,313,66.24,30.43,4,9,1.467,6.039,2.25,0,3
F_WT_2,WT,314,6.42,6.5,0,2,1.16,0.0,2.0,1,0
F_WT_2,WT,315,24.01,16.98,0,3,1.589,0.0,3.0,1,0
F_WT_2,WT,316,32.29,20.12,1,4,1.305,3.097,4.0,0,2
F_WT_2,WT,317,89.84,37.25,4,14,2.128,4.452,3.5,0,3
F_WT_2,WT,318,87.77,47.45,2,10,1.429,2.279,5.0,0,3
F_WT_2,WT,319,129.58,39.54,9,18,1.969,6.945,2.0,0,3
F_WT_2,WT,320,12.63,12.06,0,3,1.487,0.0,3.0,1,0
F_WT_2,WT,321,50.92,20.84,0,8,1.653,0.0,8.0,1,2
F_WT_2,WT,322,19.04,15.28,0,3,1.482,0.0,3.0,1,0
F_WT_2,WT,323,71.83,38.53,6,9,1.33,8.353,1.5,0,3
F_WT_2,WT,324,12.01,9.02,0,2,1.049,0.0,2.0,1,0
F_WT_2,WT,325,25.05,16.31,1,5,1.659,3.992,5.0,0,2
F_WT_2,WT,326,18.84,14.07,0,4,1.535,0.0,4.0,1,0
F_WT_2,WT,327,20.91,14.95,2,4,1.501,9.566,2.0,0,1
F_WT_2,WT,328,14.28,10.95,0,3,1.126,0.0,3.0,1,0
F_WT_2,WT,329,134.96,43.49,5,11,1.691,3.705,2.2,0,3
F_WT_2,WT,330,89.01,37.35,2,11,1.558,2.247,5.5,0,2
F_WT_2,WT,331,34.36,14.71,3,5,1.5,8.731,1.667,0,1
F_WT_2,WT,332,22.98,15.62,0,3,1.473,0.0,3.0,1,0
F_WT_2,WT,333,7.24,4.4,1,4,0.908,13.803,4.0,0,1
F_WT_2,WT,334,30.01,16.1,1,5,1.522,3.332,5.0,0,2
F_WT_2,WT,335,20.7,17.63,1,3,1.772,4.831,3.0,0,1
F_WT_2,WT,336,17.39,12.59,1,4,1.473,5.751,4.0,0,1
F_WT_2,WT,337,9.52,7.95,0,3,1.856,0.0,3.0,1,0
F_WT_2,WT,338,81.97,41.73,1,11,1.259,1.22,11.0,0,2
F_WT_2,WT,339,22.15,13.96,1,7,1.343,4.515,7.0,0,2
F_WT_2,WT,340,505.91,97.82,21,60,1.543,4.151,2.857,0,3
F_WT_2,WT,341,17.8,11.48,0,4,1.543,0.0,4.0,1,0
F_WT_2,WT,342,61.69,29.91,3,9,1.733,4.863,3.0,0,3
F_WT_2,WT,343,26.5,16.52,0,4,1.409,0.0,4.0,1,2
F_WT_2,WT,344,45.33,20.33,3,5,1.535,6.618,1.667,0,1
F_WT_2,WT,345,24.84,16.3,1,5,1.459,4.026,5.0,0,2
F_WT_2,WT,346,34.16,19.63,1,6,1.466,2.928,6.0,0,2
F_WT_2,WT,347,104.95,34.9,6,11,1.8,5.717,1.833,0,3
F_WT_2,WT,348,15.52,13.85,0,3,1.33,0.0,3.0,1,0
F_WT_2,WT,349,15.94,11.88,0,4,1.41,0.0,4.0,1,0
F_WT_2,WT,350,43.26,25.15,3,9,1.291,6.934,3.0,0,1
F_WT_2,WT,351,69.14,29.52,2,7,1.684,2.893,3.5,0,3
F_WT_2,WT,352,18.84,14.93,0,3,1.101,0.0,3.0,1,0
F_WT_2,WT,353,22.56,22.8,0,2,1.23,0.0,2.0,1,0
F_WT_2,WT,354,29.81,18.38,1,5,1.527,3.355,5.0,0,2
F_WT_2,WT,355,10.14,9.82,0,3,1.156,0.0,3.0,1,0
F_WT_2,WT,356,24.22,14.96,1,5,1.496,4.129,5.0,0,2
F_WT_2,WT,357,21.11,13.79,2,4,1.502,9.472,2.0,0,1
F_WT_2,WT,358,28.15,19.05,0,4,1.354,0.0,4.0,1,2
F_WT_2,WT,359,268.48,60.89,11,26,2.159,4.097,2.364,0,3
F_WT_2,WT,360,51.34,26.5,1,5,1.749,1.948,5.0,0,2
F_WT_2,WT,361,12.63,8.57,0,2,1.386,0.0,2.0,1,0
F_WT_2,WT,362,28.98,21.76,1,3,1.142,3.451,3.0,0,1
F_WT_2,WT,363,98.53,34.0,4,11,1.575,4.06,2.75,0,3
F_WT_2,WT,364,7.87,6.32,1,3,1.4,12.713,3.0,0,1
F_WT_2,WT,365,16.15,9.6,0,4,1.51,0.0,4.0,1,0
F_WT_2,WT,366,29.39,20.04,1,5,1.587,3.402,5.0,0,2
F_WT_2,WT,367,25.25,16.79,1,6,1.755,3.96,6.0,0,2
F_WT_2,WT,368,13.66,12.45,0,2,1.184,0.0,2.0,1,0
F_WT_2,WT,369,8.49,8.58,0,2,1.212,0.0,2.0,1,0
F_WT_2,WT,370,28.98,16.85,0,4,1.241,0.0,4.0,1,2
F_WT_2,WT,371,21.74,12.74,1,5,1.727,4.601,5.0,0,2
F_WT_2,WT,372,22.15,13.17,2,6,1.167,9.03,3.0,0,1
F_WT_2,WT,373,5.59,4.72,0,2,1.13,0.0,2.0,1,0
F_WT_2,WT,374,29.81,17.79,2,6,1.342,6.71,3.0,0,1
F_WT_2,WT,375,18.63,13.34,0,3,1.439,0.0,3.0,1,0
F_WT_2,WT,376,8.9,8.83,1,3,1.186,11.235,3.0,0,1
F_WT_2,WT,377,12.63,11.15,0,3,1.509,0.0,3.0,1,0
F_WT_2,WT,378,29.81,25.18,2,5,1.162,6.71,2.5,0,1
F_WT_2,WT,379,21.32,15.41,0,5,1.24,0.0,5.0,1,2
F_WT_2,WT,380,15.73,12.72,0,3,1.361,0.0,3.0,1,0
F_WT_2,WT,381,33.74,20.74,1,5,1.472,2.964,5.0,0,2
F_WT_2,WT,382,28.98,20.59,2,4,1.624,6.901,2.0,0,1
F_WT_2,WT,383,29.6,21.74,2,4,1.284,6.757,2.0,0,1
F_WT_2,WT,384,76.8,31.87,4,9,1.582,5.209,2.25,0,3
F_WT_2,WT,385,46.37,34.04,1,6,1.118,2.157,6.0,0,2
F_WT_2,WT,386,71.0,27.51,6,15,1.389,8.451,2.5,0,3
F_WT_2,WT,387,25.05,18.43,1,5,2.127,3.992,5.0,0,2
F_WT_2,WT,388,18.01,14.36,1,3,1.265,5.553,3.0,0,1
F_WT_2,WT,389,18.42,15.13,0,4,1.242,0.0,4.0,1,0
F_WT_2,WT,390,18.42,11.86,0,4,1.216,0.0,4.0,1,0
F_WT_2,WT,391,21.94,16.04,1,6,1.492,4.557,6.0,0,2
F_WT_2,WT,392,80.32,31.33,6,10,1.821,7.47,1.667,0,3
F_WT_2,WT,393,151.52,46.3,10,22,1.424,6.6,2.2,0,3
F_WT_2,WT,394,411.93,116.18,19,42,1.633,4.612,2.211,0,3
F_WT_2,WT,395,6.83,6.58,0,1,1.882,0.0,1.0,1,0
F_WT_2,WT,396,10.76,10.93,0,2,1.001,0.0,2.0,1,0
F_WT_2,WT,397,16.97,17.89,0,2,1.44,0.0,2.0,1,0
F_WT_2,WT,398,28.36,16.84,1,6,1.781,3.526,6.0,0,2
F_WT_2,WT,399,13.66,10.25,1,4,1.522,7.32,4.0,0,1
F_WT_2,WT,400,9.73,9.34,0,2,1.026,0.0,2.0,1,0
F_WT_2,WT,401,19.87,14.13,1,4,1.481,5.032,4.0,0,1
F_WT_2,WT,402,16.97,13.17,0,4,2.095,0.0,4.0,1,0
F_WT_2,WT,403,40.99,19.01,1,7,2.008,2.44,7.0,0,2
F_WT_2,WT,404,48.64,30.97,1,6,1.424,2.056,6.0,0,2
F_WT_2,WT,405,21.11,11.95,2,7,1.039,9.472,3.5,0,1
F_WT_2,WT,406,117.16,42.49,5,10,2.063,4.268,2.0,0,3
F_WT_2,WT,407,26.91,14.16,1,6,1.718,3.716,6.0,0,2
F_WT_2,WT,408,25.25,16.27,1,5,1.667,3.96,5.0,0,2
F_WT_2,WT,409,769.42,114.13,37,77,1.969,4.809,2.081,0,3
F_WT_2,WT,410,10.35,8.04,0,4,1.629,0.0,4.0,1,0
F_WT_2,WT,411,6.0,5.13,0,2,1.277,0.0,2.0,1,0
F_WT_2,WT,412,16.56,9.82,1,3,1.96,6.039,3.0,0,1
F_WT_2,WT,413,18.42,16.85,0,2,1.377,0.0,2.0,1,0
F_WT_2,WT,414,136.41,50.37,7,18,1.493,5.131,2.571,0,3
F_WT_2,WT,415,86.32,25.58,3,8,1.685,3.475,2.667,0,3
F_WT_2,WT,416,28.15,20.21,0,4,1.39,0.0,4.0,1,2
F_WT_2,WT,417,13.87,10.25,0,3,1.516,0.0,3.0,1,0
F_WT_2,WT,418,44.5,26.79,2,8,1.838,4.494,4.0,0,2
F_WT_2,WT,419,13.66,9.57,0,4,2.64,0.0,4.0,1,0
F_WT_2,WT,420,240.53,77.99,12,26,1.694,4.989,2.167,0,3
F_WT_2,WT,421,27.53,15.4,2,7,1.895,7.265,3.5,0,1
F_WT_2,WT,422,50.72,23.73,3,7,1.562,5.915,2.333,0,3
F_WT_2,WT,423,45.75,23.57,2,6,1.484,4.372,3.0,0,3
F_WT_2,WT,424,33.95,22.22,1,4,1.308,2.946,4.0,0,2
F_WT_2,WT,425,24.22,18.05,0,4,1.547,0.0,4.0,1,2
F_WT_2,WT,426,18.84,14.08,0,3,1.489,0.0,3.0,1,0
F_WT_2,WT,427,34.78,18.56,1,7,1.988,2.876,7.0,0,2
F_WT_2,WT,428,29.81,16.04,0,7,2.18,0.0,7.0,1,2
F_WT_2,WT,429,23.8,13.81,0,5,1.535,0.0,5.0,1,2
F_WT_2,WT,430,15.52,12.3,0,3,1.507,0.0,3.0,1,0
F_WT_2,WT,431,106.81,36.15,5,14,1.538,4.681,2.8,0,3
F_WT_2,WT,432,100.19,37.06,3,10,1.339,2.994,3.333,0,3
F_WT_2,WT,433,21.94,15.25,1,5,1.757,4.557,5.0,0,2
F_WT_2,WT,434,17.39,10.71,1,5,1.901,5.751,5.0,0,1
F_WT_2,WT,435,170.77,47.43,9,26,1.706,5.27,2.889,0,3
F_WT_2,WT,436,14.9,15.94,0,2,1.299,0.0,2.0,1,0
F_WT_2,WT,437,76.59,43.26,4,14,1.587,5.223,3.5,0,3
F_WT_2,WT,438,25.46,17.42,1,5,1.581,3.928,5.0,0,2
F_WT_2,WT,439,8.9,7.8,0,3,2.304,0.0,3.0,1,0
F_WT_2,WT,440,100.81,41.88,1,10,1.693,0.992,10.0,0,2
F_WT_2,WT,441,30.43,16.71,1,5,1.745,3.286,5.0,0,2
F_WT_2,WT,442,30.01,23.54,1,4,1.401,3.332,4.0,0,2
F_WT_2,WT,443,28.36,16.71,1,5,1.994,3.526,5.0,0,2
F_WT_2,WT,444,29.81,21.37,1,4,1.418,3.355,4.0,0,2
F_WT_2,WT,445,25.67,14.3,1,7,1.671,3.896,7.0,0,2
F_WT_2,WT,446,19.66,17.18,0,3,1.483,0.0,3.0,1,0
F_WT_2,WT,447,24.01,13.79,1,6,2.114,4.165,6.0,0,2
F_WT_2,WT,448,19.66,15.91,1,3,1.569,5.085,3.0,0,1
F_WT_2,WT,449,7.87,7.35,0,3,1.653,0.0,3.0,1,0
F_WT_2,WT,450,21.53,15.65,0,4,1.63,0.0,4.0,1,0
F_WT_2,WT,451,7.04,7.17,0,2,1.05,0.0,2.0,1,0
F_WT_2,WT,452,109.71,52.19,4,17,1.45,3.646,4.25,0,3
F_WT_2,WT,453,23.39,20.53,0,4,1.338,0.0,4.0,1,2
F_WT_2,WT,454,16.77,15.96,1,3,1.653,5.964,3.0,0,1
F_WT_2,WT,455,18.63,17.41,1,3,1.7,5.368,3.0,0,1
F_WT_2,WT,456,24.84,15.09,1,8,1.685,4.026,8.0,0,2
F_WT_2,WT,457,17.8,15.47,0,3,1.977,0.0,3.0,1,0
F_WT_2,WT,458,28.15,16.04,0,5,1.463,0.0,5.0,1,2
F_WT_2,WT,459,174.5,61.81,9,28,1.579,5.158,3.111,0,3
F_WT_2,WT,460,34.78,23.44,1,5,1.371,2.876,5.0,0,2
F_WT_2,WT,461,56.1,28.92,3,9,1.73,5.348,3.0,0,3
F_WT_2,WT,462,21.94,15.38,1,6,1.887,4.557,6.0,0,2
F_WT_2,WT,463,7.66,7.46,0,2,1.548,0.0,2.0,1,0
F_WT_2,WT,464,24.43,13.49,0,3,1.492,0.0,3.0,1,0
F_WT_2,WT,465,909.14,149.3,41,100,1.78,4.51,2.439,0,3
F_WT_2,WT,466,14.7,12.14,0,3,1.646,0.0,3.0,1,0
F_WT_2,WT,467,20.49,14.64,0,4,1.328,0.0,4.0,1,0
F_WT_2,WT,468,15.11,11.06,1,4,2.226,6.618,4.0,0,1
F_WT_2,WT,469,32.91,22.34,2,6,1.811,6.077,3.0,0,1
F_WT_2,WT,470,13.66,11.74,0,2,1.727,0.0,2.0,1,0
F_WT_2,WT,471,65.2,30.3,3,8,1.377,4.601,2.667,0,3
F_WT_2,WT,472,28.98,19.77,1,6,1.583,3.451,6.0,0,2
F_WT_2,WT,473,17.8,11.48,0,4,1.745,0.0,4.0,1,0
F_WT_2,WT,474,174.71,54.53,10,21,1.57,5.724,2.1,0,3
F_WT_2,WT,475,20.49,17.41,1,3,1.591,4.88,3.0,0,1
F_WT_2,WT,476,20.29,14.27,0,4,1.596,0.0,4.0,1,0
F_WT_2,WT,477,29.19,19.91,1,3,1.296,3.426,3.0,0,1
F_WT_2,WT,478,20.49,13.81,0,5,1.56,0.0,5.0,1,2
F_WT_2,WT,479,10.35,10.69,0,2,1.355,0.0,2.0,1,0
F_WT_2,WT,480,28.98,20.74,0,5,1.67,0.0,5.0,1,2
F_WT_2,WT,481,8.07,6.94,0,2,1.614,0.0,2.0,1,0
F_WT_2,WT,482,25.25,15.36,0,5,1.585,0.0,5.0,1,2
F_WT_2,WT,483,39.74,22.06,2,5,1.271,5.032,2.5,0,1
F_WT_2,WT,484,28.36,19.22,0,6,1.178,0.0,6.0,1,2
F_WT_2,WT,485,46.99,24.57,2,8,1.837,4.256,4.0,0,2
F_WT_2,WT,486,17.8,14.39,0,3,1.352,0.0,3.0,1,0
F_WT_2,WT,487,51.96,35.31,3,6,1.542,5.774,2.0,0,3
F_WT_2,WT,488,7.45,8.2,0,2,1.0,0.0,2.0,1,0
F_WT_2,WT,489,32.29,20.75,1,5,1.742,3.097,5.0,0,2
F_WT_2,WT,490,9.52,8.67,0,2,1.153,0.0,2.0,1,0
F_WT_2,WT,491,54.03,29.82,1,10,1.598,1.851,10.0,0,2
F_WT_2,WT,492,25.05,15.56,1,3,1.72,3.992,3.0,0,1
F_WT_2,WT,493,28.98,24.46,1,4,1.384,3.451,4.0,0,2
F_WT_2,WT,494,33.95,15.23,2,8,1.745,5.891,4.0,0,1
F_WT_2,WT,495,15.11,9.89,0,3,1.558,0.0,3.0,1,0
F_WT_2,WT,496,11.18,11.2,0,2,1.004,0.0,2.0,1,0
F_WT_2,WT,497,61.89,23.19,5,13,1.745,8.078,2.6,0,3
F_WT_2,WT,498,26.5,21.24,0,4,1.487,0.0,4.0,1,2
F_WT_2,WT,499,13.46,12.04,0,3,1.266,0.0,3.0,1,0
F_WT_2,WT,500,32.71,21.21,0,5,2.045,0.0,5.0,1,2
F_WT_2,WT,501,24.63,20.66,1,5,1.535,4.06,5.0,0,2
F_WT_2,WT,502,18.63,13.33,1,3,1.45,5.368,3.0,0,1
F_WT_2,WT,503,76.59,38.35,2,10,1.411,2.611,5.0,0,2
F_WT_2,WT,504,19.87,13.05,1,3,1.391,5.032,3.0,0,1
F_WT_2,WT,505,30.64,21.57,0,5,1.29,0.0,5.0,1,2
F_WT_2,WT,506,25.67,14.84,2,6,1.388,7.792,3.0,0,1
F_WT_2,WT,507,33.53,23.47,2,6,1.571,5.964,3.0,0,1
F_WT_2,WT,508,30.01,15.94,0,5,1.388,0.0,5.0,1,2
F_WT_2,WT,509,13.46,11.6,0,2,1.779,0.0,2.0,1,0
F_WT_2,WT,510,142.62,52.0,5,16,1.743,3.506,3.2,0,3
F_WT_2,WT,511,24.43,17.31,1,5,1.71,4.094,5.0,0,2
F_WT_2,WT,512,97.29,36.94,6,17,1.758,6.167,2.833,0,3
F_WT_2,WT,513,20.49,15.76,1,3,1.72,4.88,3.0,0,1
F_WT_2,WT,514,24.84,17.4,1,5,1.392,4.026,5.0,0,2
F_WT_2,WT,515,101.84,53.45,6,13,1.338,5.891,2.167,0,3
F_WT_2,WT,516,26.91,16.41,2,6,1.52,7.432,3.0,0,1
F_WT_2,WT,517,29.19,17.81,1,4,1.36,3.426,4.0,0,2
F_WT_2,WT,518,20.29,12.88,0,5,1.411,0.0,5.0,1,2
F_WT_2,WT,519,25.05,18.88,0,5,1.541,0.0,5.0,1,2
F_WT_2,WT,520,115.3,38.8,7,13,1.386,6.071,1.857,0,3
F_WT_2,WT,521,13.25,7.64,1,2,2.022,7.548,2.0,0,1
F_WT_2,WT,522,479.83,98.02,25,54,1.663,5.21,2.16,0,3
F_WT_2,WT,523,27.74,19.07,1,2,1.488,3.605,2.0,0,1
F_WT_2,WT,524,13.25,10.96,1,3,1.355,7.548,3.0,0,1
F_WT_2,WT,525,25.25,17.97,1,5,1.877,3.96,5.0,0,2
F_WT_2,WT,526,24.01,15.94,2,5,1.376,8.329,2.5,0,1
F_WT_2,WT,527,195.61,58.7,7,21,1.851,3.578,3.0,0,3
F_WT_2,WT,528,8.07,8.38,0,1,1.537,0.0,1.0,1,0
F_WT_2,WT,529,24.63,14.1,2,6,1.578,8.119,3.0,0,1
F_WT_2,WT,530,11.38,10.03,0,3,1.597,0.0,3.0,1,0
F_WT_2,WT,531,116.13,42.32,5,19,1.533,4.306,3.8,0,3
F_WT_2,WT,532,21.74,18.22,1,3,1.405,4.601,3.0,0,1
F_WT_2,WT,533,14.49,11.04,1,4,1.695,6.901,4.0,0,1
F_WT_2,WT,534,16.56,12.6,0,4,1.879,0.0,4.0,1,0
F_WT_2,WT,535,20.49,12.09,1,5,1.567,4.88,5.0,0,1
F_WT_2,WT,536,80.94,29.54,3,11,1.758,3.707,3.667,0,3
F_WT_2,WT,537,6.21,6.34,0,2,1.411,0.0,2.0,1,0
F_WT_2,WT,538,111.37,33.82,3,17,1.912,2.694,5.667,0,3
F_WT_2,WT,539,5.59,5.14,1,2,2.479,17.892,2.0,0,1
F_WT_2,WT,540,37.67,21.66,1,7,1.523,2.654,7.0,0,2
F_WT_2,WT,541,6.62,6.94,0,2,1.368,0.0,2.0,1,0
F_WT_2,WT,542,13.66,8.41,1,5,2.136,7.32,5.0,0,1
F_WT_2,WT,543,25.67,19.17,0,4,1.738,0.0,4.0,1,2
F_WT_2,WT,544,15.94,10.77,1,3,0.998,6.274,3.0,0,1
F_WT_2,WT,545,11.38,11.86,0,2,1.078,0.0,2.0,1,0
F_WT_2,WT,546,142.83,48.24,7,19,1.556,4.901,2.714,0,3
F_WT_2,WT,547,6.42,6.15,0,2,1.249,0.0,2.0,1,0
F_WT_2,WT,548,40.57,23.33,3,9,1.526,7.394,3.0,0,1
F_WT_2,WT,549,13.66,10.06,1,4,2.104,7.32,4.0,0,1
F_WT_2,WT,550,19.46,14.62,1,5,1.674,5.139,5.0,0,2
F_WT_2,WT,551,29.39,15.04,1,7,1.763,3.402,7.0,0,2
F_WT_2,WT,552,18.22,13.09,1,4,1.536,5.49,4.0,0,1
F_WT_2,WT,553,6.42,5.37,0,3,1.26,0.0,3.0,1,0
F_WT_2,WT,554,10.14,8.31,0,3,1.815,0.0,3.0,1,0
F_WT_2,WT,555,11.38,10.58,0,3,1.481,0.0,3.0,1,0
F_WT_2,WT,556,16.35,13.71,0,3,1.941,0.0,3.0,1,0
F_WT_2,WT,557,18.84,13.25,0,3,1.565,0.0,3.0,1,0
F_WT_2,WT,558,7.24,6.68,0,2,2.458,0.0,2.0,1,0
F_WT_2,WT,559,15.73,11.55,1,3,1.504,6.356,3.0,0,1
F_WT_2,WT,560,26.29,16.94,2,6,1.713,7.608,3.0,0,1
F_WT_2,WT,561,14.7,12.64,0,2,1.329,0.0,2.0,1,0
F_WT_2,WT,562,20.08,13.46,1,5,2.339,4.98,5.0,0,2
F_WT_2,WT,563,26.91,16.03,1,5,1.462,3.716,5.0,0,2
F_WT_2,WT,564,11.38,10.69,1,3,1.897,8.783,3.0,0,1
F_WT_2,WT,565,84.46,36.24,2,12,1.403,2.368,6.0,0,2
F_WT_2,WT,566,21.32,14.51,1,4,1.558,4.69,4.0,0,1
F_WT_2,WT,567,33.74,18.74,1,6,1.439,2.964,6.0,0,2
F_WT_2,WT,568,15.52,13.34,0,4,1.624,0.0,4.0,1,0
F_WT_2,WT,569,8.28,5.3,1,5,1.419,12.077,5.0,0,1
F_WT_2,WT,570,7.24,6.02,0,3,1.218,0.0,3.0,1,0
F_WT_2,WT,571,49.27,22.16,5,7,1.652,10.149,1.4,0,3
F_WT_2,WT,572,21.94,15.74,0,2,1.499,0.0,2.0,1,0
F_WT_2,WT,573,23.18,16.33,1,5,1.755,4.313,5.0,0,2
F_WT_2,WT,574,39.33,22.99,2,6,1.535,5.085,3.0,0,1
F_WT_2,WT,575,33.74,20.39,3,5,1.299,8.891,1.667,0,1
F_WT_2,WT,576,18.42,13.24,1,5,1.904,5.428,5.0,0,2
F_WT_2,WT,577,35.4,18.38,0,7,2.143,0.0,7.0,1,2
F_WT_2,WT,578,8.07,8.2,0,2,1.293,0.0,2.0,1,0
F_WT_2,WT,579,23.8,19.33,1,5,1.773,4.201,5.0,0,2
F_WT_2,WT,580,14.7,10.13,1,4,2.268,6.804,4.0,0,1
F_WT_2,WT,581,10.97,11.94,0,2,1.792,0.0,2.0,1,0
F_WT_2,WT,582,28.57,16.87,3,7,1.526,10.502,2.333,0,1
F_WT_2,WT,583,75.35,30.81,4,13,2.302,5.309,3.25,0,3
F_WT_2,WT,584,22.77,13.67,1,4,1.552,4.392,4.0,0,1
F_WT_2,WT,585,19.66,12.59,0,4,1.78,0.0,4.0,1,0
F_WT_2,WT,586,157.53,40.8,9,20,1.889,5.713,2.222,0,3
F_WT_2,WT,587,20.49,13.03,1,4,1.581,4.88,4.0,0,1
F_WT_2,WT,588,10.35,8.49,0,3,1.474,0.0,3.0,1,0
F_WT_2,WT,589,21.94,17.03,1,3,1.594,4.557,3.0,0,1
F_WT_2,WT,590,27.94,18.95,2,7,1.693,7.157,3.5,0,1
F_WT_2,WT,591,12.83,11.07,0,4,1.722,0.0,4.0,1,0
F_WT_2,WT,592,20.29,12.71,0,2,1.786,0.0,2.0,1,0
F_WT_2,WT,593,24.84,14.49,1,6,2.01,4.026,6.0,0,2
F_WT_2,WT,594,39.33,22.53,2,3,1.301,5.085,1.5,0,1
F_WT_2,WT,595,29.39,14.99,1,8,1.903,3.402,8.0,0,2
F_WT_2,WT,596,37.67,18.72,2,6,1.487,5.309,3.0,0,1
F_WT_2,WT,597,30.64,20.41,1,5,1.38,3.264,5.0,0,2
F_WT_2,WT,598,19.25,13.89,1,4,1.602,5.195,4.0,0,1
F_WT_2,WT,599,13.87,10.11,0,3,2.043,0.0,3.0,1,0
F_WT_2,WT,600,24.22,13.79,0,6,1.76,0.0,6.0,1,2
F_WT_2,WT,601,19.46,12.69,1,4,1.86,5.139,4.0,0,1
F_WT_2,WT,602,116.33,42.49,6,19,1.493,5.158,3.167,0,3
F_WT_2,WT,603,26.91,16.83,2,4,1.419,7.432,2.0,0,1
F_WT_2,WT,604,15.73,9.68,0,5,1.577,0.0,5.0,1,0
F_WT_2,WT,605,68.1,28.84,4,8,1.42,5.873,2.0,0,3
F_WT_2,WT,606,40.16,25.3,2,8,1.859,4.98,4.0,0,2
F_WT_2,WT,607,341.34,78.86,19,37,1.687,5.566,1.947,0,3
F_WT_2,WT,608,26.29,14.58,2,7,1.731,7.608,3.5,0,1
F_WT_2,WT,609,35.19,25.39,1,3,1.339,2.842,3.0,0,1
F_WT_2,WT,610,13.87,13.55,0,3,1.714,0.0,3.0,1,0
F_WT_2,WT,611,6.0,4.56,1,3,2.143,16.658,3.0,0,1
F_WT_2,WT,612,11.8,11.72,0,2,1.613,0.0,2.0,1,0
F_WT_2,WT,613,12.21,8.89,0,2,1.324,0.0,2.0,1,0
F_WT_2,WT,614,11.59,10.76,0,3,1.189,0.0,3.0,1,0
F_WT_2,WT,615,19.87,13.71,0,5,1.741,0.0,5.0,1,2
F_WT_2,WT,616,52.78,23.71,3,8,1.64,5.683,2.667,0,3
F_WT_2,WT,617,7.45,8.35,0,2,1.493,0.0,2.0,1,0
F_WT_2,WT,618,36.85,21.47,1,5,1.527,2.714,5.0,0,2
F_WT_2,WT,619,7.87,7.48,0,3,1.358,0.0,3.0,1,0
F_WT_2,WT,620,27.94,15.1,2,6,1.781,7.157,3.0,0,1
F_WT_2,WT,621,16.15,11.89,1,4,1.766,6.193,4.0,0,1
F_WT_2,WT,622,21.32,17.97,0,3,1.475,0.0,3.0,1,0
F_WT_2,WT,623,23.39,13.97,1,4,1.706,4.275,4.0,0,1
F_WT_2,WT,624,27.53,18.9,0,5,1.634,0.0,5.0,1,2
F_WT_2,WT,625,57.75,24.54,4,8,1.882,6.926,2.0,0,3
F_WT_2,WT,626,50.92,23.1,0,10,1.679,0.0,10.0,1,2
F_WT_2,WT,627,175.95,42.97,11,22,1.902,6.252,2.0,0,3
F_WT_2,WT,628,53.41,20.1,1,7,1.843,1.872,7.0,0,2
F_WT_2,WT,629,26.91,18.15,0,5,1.515,0.0,5.0,1,2
F_WT_2,WT,630,21.11,14.38,1,5,1.844,4.736,5.0,0,2
F_WT_2,WT,631,33.33,18.0,2,7,1.61,6.001,3.5,0,1
F_WT_2,WT,632,29.6,21.76,0,4,1.406,0.0,4.0,1,2
F_WT_2,WT,633,21.74,12.3,0,4,1.68,0.0,4.0,1,0
F_WT_2,WT,634,61.89,34.35,2,8,1.476,3.231,4.0,0,3
F_WT_2,WT,635,89.22,31.49,5,14,1.738,5.604,2.8,0,3
F_WT_2,WT,636,11.38,12.6,0,2,1.085,0.0,2.0,1,0
F_WT_2,WT,637,9.73,8.52,0,3,2.01,0.0,3.0,1,0
F_WT_2,WT,638,18.22,13.71,1,4,1.807,5.49,4.0,0,1
F_WT_2,WT,639,19.66,17.23,0,2,1.437,0.0,2.0,1,0
F_WT_2,WT,640,19.25,16.28,0,3,1.484,0.0,3.0,1,0
F_WT_2,WT,641,37.05,24.76,2,6,1.4,5.398,3.0,0,1
F_WT_2,WT,642,28.98,20.38,1,5,1.399,3.451,5.0,0,2
F_WT_2,WT,643,22.15,19.38,0,4,1.344,0.0,4.0,1,2
F_WT_2,WT,644,50.51,26.88,2,6,2.054,3.96,3.0,0,3
F_WT_2,WT,645,30.84,17.42,3,5,2.479,9.727,1.667,0,1
F_WT_2,WT,646,46.58,25.39,4,8,1.404,8.588,2.0,0,3
F_WT_2,WT,647,11.8,11.38,0,2,1.768,0.0,2.0,1,0
F_WT_2,WT,648,31.26,17.72,2,6,1.56,6.399,3.0,0,1
F_WT_2,WT,649,24.22,12.17,3,5,1.669,12.387,1.667,0,1
F_WT_2,WT,650,22.36,14.28,1,4,1.554,4.473,4.0,0,1
F_WT_2,WT,651,14.9,9.91,0,3,1.662,0.0,3.0,1,0
F_WT_2,WT,652,16.97,10.11,1,4,1.83,5.891,4.0,0,1
F_WT_2,WT,653,23.6,12.8,0,6,1.731,0.0,6.0,1,2
F_WT_2,WT,654,115.92,41.47,5,18,1.423,4.313,3.6,0,3
F_WT_2,WT,655,12.42,9.46,0,4,1.976,0.0,4.0,1,0
F_WT_2,WT,656,28.36,17.63,0,6,1.41,0.0,6.0,1,2
F_WT_2,WT,657,50.51,22.93,3,8,1.595,5.94,2.667,0,3
F_WT_2,WT,658,22.36,15.02,1,4,1.455,4.473,4.0,0,1
F_WT_2,WT,659,14.49,12.01,0,3,1.661,0.0,3.0,1,0
F_WT_2,WT,660,26.08,18.8,1,5,1.468,3.834,5.0,0,2
F_WT_2,WT,661,24.22,16.4,2,4,1.419,8.258,2.0,0,1
F_WT_2,WT,662,12.83,9.82,0,3,1.692,0.0,3.0,1,0
F_WT_2,WT,663,95.63,43.06,5,12,1.454,5.228,2.4,0,3
F_WT_2,WT,664,25.05,16.98,1,4,1.415,3.992,4.0,0,1
F_WT_2,WT,665,82.8,34.56,5,9,1.568,6.039,1.8,0,3
F_WT_2,WT,666,149.25,46.87,5,21,1.96,3.35,4.2,0,3
F_WT_2,WT,667,21.11,16.2,1,4,1.537,4.736,4.0,0,1
F_WT_2,WT,668,23.6,17.11,0,3,1.643,0.0,3.0,1,0
F_WT_2,WT,669,19.87,15.91,0,4,1.856,0.0,4.0,1,2
F_WT_2,WT,670,25.25,15.34,2,5,1.445,7.92,2.5,0,1
F_WT_2,WT,671,51.54,34.81,2,7,1.55,3.88,3.5,0,3
F_WT_2,WT,672,28.36,16.33,3,6,1.787,10.579,2.0,0,1
F_WT_2,WT,673,19.87,14.16,0,4,1.597,0.0,4.0,1,0
F_WT_2,WT,674,68.1,40.37,1,9,1.537,1.468,9.0,0,2
F_WT_2,WT,675,50.51,28.95,0,7,1.602,0.0,7.0,1,2
F_WT_2,WT,676,57.55,30.75,3,10,1.847,5.213,3.333,0,3
F_WT_2,WT,677,21.53,13.36,0,6,1.803,0.0,6.0,1,2
F_WT_2,WT,678,19.25,16.94,1,3,1.481,5.195,3.0,0,1
F_WT_2,WT,679,39.54,19.6,1,9,1.531,2.529,9.0,0,2
F_WT_2,WT,680,84.04,35.36,5,16,1.457,5.949,3.2,0,3
F_WT_2,WT,681,15.94,12.01,1,3,1.584,6.274,3.0,0,1
F_WT_2,WT,682,31.05,29.53,1,3,1.046,3.221,3.0,0,1
F_WT_2,WT,683,28.36,14.93,1,6,1.651,3.526,6.0,0,2
F_WT_2,WT,684,13.25,11.54,1,4,1.874,7.548,4.0,0,1
F_WT_2,WT,685,18.63,12.75,0,4,1.398,0.0,4.0,1,0
F_WT_2,WT,686,7.04,7.4,0,2,1.448,0.0,2.0,1,0
F_WT_2,WT,687,25.05,15.85,1,5,1.599,3.992,5.0,0,2
F_WT_2,WT,688,13.87,10.23,2,5,1.735,14.421,2.5,0,1
F_WT_2,WT,689,26.7,20.98,0,2,1.378,0.0,2.0,1,0
F_WT_2,WT,690,22.15,16.65,0,5,1.695,0.0,5.0,1,2
F_WT_2,WT,691,30.22,17.68,1,4,1.338,3.309,4.0,0,2
F_WT_2,WT,692,84.66,36.65,5,12,1.634,5.906,2.4,0,3
F_WT_2,WT,693,42.85,29.74,2,8,1.494,4.668,4.0,0,2
F_WT_2,WT,694,21.11,13.32,1,5,1.54,4.736,5.0,0,2
F_WT_2,WT,695,55.27,24.34,3,8,2.089,5.428,2.667,0,3
F_WT_2,WT,696,8.07,8.33,0,2,1.086,0.0,2.0,1,0
F_WT_2,WT,697,29.81,20.67,1,5,1.589,3.355,5.0,0,2
F_WT_2,WT,698,18.63,17.28,1,4,1.612,5.368,4.0,0,1
F_WT_2,WT,699,28.98,19.72,0,5,1.729,0.0,5.0,1,2
F_WT_2,WT,700,39.95,19.56,2,7,1.913,5.006,3.5,0,1
F_WT_2,WT,701,13.66,10.58,1,4,1.884,7.32,4.0,0,1
F_WT_2,WT,702,18.42,11.93,0,5,2.097,0.0,5.0,1,2
F_WT_2,WT,703,9.11,7.63,0,3,2.116,0.0,3.0,1,0
F_WT_2,WT,704,11.8,11.78,0,2,1.181,0.0,2.0,1,0
F_WT_2,WT,705,41.81,28.58,0,5,1.28,0.0,5.0,1,2
F_WT_2,WT,706,130.62,52.27,7,18,1.425,5.359,2.571,0,3
F_WT_2,WT,707,21.74,17.31,0,5,1.661,0.0,5.0,1,2
F_WT_2,WT,708,25.05,15.13,0,1,1.481,0.0,1.0,1,0
F_WT_2,WT,709,25.46,13.74,1,6,1.491,3.928,6.0,0,2
F_WT_2,WT,710,28.57,19.18,2,6,1.532,7.001,3.0,0,1
F_WT_2,WT,711,14.9,10.84,1,4,1.459,6.71,4.0,0,1
F_WT_2,WT,712,26.7,16.14,2,7,1.818,7.49,3.5,0,1
F_WT_2,WT,713,63.96,26.35,4,8,1.708,6.254,2.0,0,3
F_WT_2,WT,714,36.43,20.75,2,7,1.667,5.49,3.5,0,1
F_WT_2,WT,715,45.33,21.66,2,6,1.754,4.412,3.0,0,3
F_WT_2,WT,716,28.77,15.91,1,5,1.604,3.475,5.0,0,2
F_WT_2,WT,717,70.17,29.58,6,13,1.504,8.55,2.167,0,3
F_WT_2,WT,718,7.87,8.43,0,2,1.124,0.0,2.0,1,0
F_WT_2,WT,719,27.32,18.05,2,5,1.648,7.32,2.5,0,1
F_WT_2,WT,720,13.87,12.19,0,3,2.052,0.0,3.0,1,0
F_WT_2,WT,721,96.67,39.77,5,14,1.248,5.172,2.8,0,3
F_WT_2,WT,722,7.24,7.5,0,2,1.451,0.0,2.0,1,0
F_WT_2,WT,723,264.75,67.16,9,31,1.635,3.399,3.444,0,3
F_WT_2,WT,724,126.06,40.84,6,17,1.697,4.76,2.833,0,3
F_WT_2,WT,725,100.81,45.13,3,12,1.649,2.976,4.0,0,3
F_WT_2,WT,726,20.49,16.89,1,3,1.489,4.88,3.0,0,1
F_WT_2,WT,727,15.73,10.89,0,4,1.628,0.0,4.0,1,0
F_WT_2,WT,728,19.46,11.71,1,6,1.937,5.139,6.0,0,2
F_WT_2,WT,729,45.75,19.7,1,4,1.73,2.186,4.0,0,2
F_WT_2,WT,730,21.94,17.22,1,4,1.312,4.557,4.0,0,1
F_WT_2,WT,731,13.87,14.02,0,2,1.697,0.0,2.0,1,0
F_WT_2,WT,732,102.67,51.73,6,9,1.313,5.844,1.5,0,3
F_WT_2,WT,733,25.46,13.81,1,5,1.538,3.928,5.0,0,2
F_WT_2,WT,734,35.6,19.91,2,5,1.319,5.617,2.5,0,1
F_WT_2,WT,735,16.77,14.62,0,2,1.611,0.0,2.0,1,0
F_WT_2,WT,736,15.94,12.74,2,4,1.535,12.548,2.0,0,1
F_WT_2,WT,737,15.73,9.66,2,3,1.625,12.713,1.5,0,1
F_WT_2,WT,738,17.39,12.35,1,3,1.68,5.751,3.0,0,1
F_WT_2,WT,739,16.15,15.33,0,3,1.462,0.0,3.0,1,0
F_WT_2,WT,740,17.39,17.15,0,3,1.552,0.0,3.0,1,0
F_WT_2,WT,741,217.56,56.84,12,25,1.513,5.516,2.083,0,3
F_WT_2,WT,742,13.46,11.86,0,3,2.174,0.0,3.0,1,0
F_WT_2,WT,743,60.24,28.31,2,9,1.755,3.32,4.5,0,2
F_WT_2,WT,744,8.28,7.42,0,3,1.258,0.0,3.0,1,0
F_WT_2,WT,745,103.5,31.36,6,14,1.667,5.797,2.333,0,3
F_WT_2,WT,746,19.66,14.08,0,3,1.456,0.0,3.0,1,0
F_WT_2,WT,747,19.25,16.57,1,4,1.765,5.195,4.0,0,1
F_WT_2,WT,748,10.76,9.57,0,3,1.967,0.0,3.0,1,0
F_WT_2,WT,749,18.42,13.29,1,4,1.689,5.428,4.0,0,1
F_WT_2,WT,750,24.22,18.73,1,5,1.373,4.129,5.0,0,2
F_WT_2,WT,751,24.22,18.91,0,4,1.536,0.0,4.0,1,2
F_WT_2,WT,752,30.84,21.68,2,5,1.44,6.484,2.5,0,1
F_WT_2,WT,753,8.28,9.13,0,2,1.204,0.0,2.0,1,0
F_WT_2,WT,754,15.94,10.93,2,5,2.136,12.548,2.5,0,1
F_WT_2,WT,755,17.18,13.63,1,4,1.481,5.82,4.0,0,1
F_WT_2,WT,756,22.15,15.28,1,4,1.602,4.515,4.0,0,1
F_WT_2,WT,757,8.49,6.09,1,3,1.621,11.783,3.0,0,1
F_WT_2,WT,758,15.94,10.39,0,4,1.746,0.0,4.0,1,0
F_WT_2,WT,759,9.32,7.62,0,3,1.186,0.0,3.0,1,0
F_WT_2,WT,760,13.25,13.07,0,2,1.607,0.0,2.0,1,0
F_HET_1,HET,1,17.39,13.35,0,3,1.718,0.0,3.0,1,0
F_HET_1,HET,2,16.56,10.25,1,5,1.923,6.039,5.0,0,1
F_HET_1,HET,3,13.87,9.0,1,4,1.572,7.21,4.0,0,1
F_HET_1,HET,4,586.22,80.5,22,60,2.85,3.753,2.727,0,3
F_HET_1,HET,5,86.32,35.62,4,11,2.41,4.634,2.75,0,3
F_HET_1,HET,6,355.63,67.72,20,52,2.404,5.624,2.6,0,3
F_HET_1,HET,7,16.15,12.32,0,4,2.018,0.0,4.0,1,0
F_HET_1,HET,8,13.87,10.58,0,4,2.251,0.0,4.0,1,0
F_HET_1,HET,9,86.73,35.24,3,11,1.933,3.459,3.667,0,3
F_HET_1,HET,10,21.53,13.62,1,6,2.064,4.645,6.0,0,2
F_HET_1,HET,11,7.04,5.88,0,3,1.38,0.0,3.0,1,0
F_HET_1,HET,12,39.33,18.79,3,7,2.042,7.628,2.333,0,1
F_HET_1,HET,13,12.42,9.7,0,4,1.639,0.0,4.0,1,0
F_HET_1,HET,14,34.16,17.88,2,6,2.067,5.856,3.0,0,1
F_HET_1,HET,15,9.94,6.47,0,3,1.42,0.0,3.0,1,0
F_HET_1,HET,16,9.32,7.29,1,3,1.78,10.735,3.0,0,1
F_HET_1,HET,17,9.94,8.71,0,2,1.287,0.0,2.0,1,0
F_HET_1,HET,18,19.87,14.82,0,5,1.982,0.0,5.0,1,2
F_HET_1,HET,19,9.52,8.8,0,2,1.162,0.0,2.0,1,0
F_HET_1,HET,20,16.15,9.76,0,3,2.004,0.0,3.0,1,0
F_HET_1,HET,21,6.42,5.57,0,2,1.416,0.0,2.0,1,0
F_HET_1,HET,22,7.66,4.54,0,3,0.868,0.0,3.0,1,0
F_HET_1,HET,23,18.22,16.48,0,3,1.575,0.0,3.0,1,0
F_HET_1,HET,24,17.8,9.37,1,6,1.99,5.617,6.0,0,2
F_HET_1,HET,25,12.42,10.09,0,3,1.791,0.0,3.0,1,0
F_HET_1,HET,26,16.35,12.84,1,4,1.868,6.115,4.0,0,1
F_HET_1,HET,27,12.42,11.15,0,1,2.195,0.0,1.0,1,0
F_HET_1,HET,28,15.73,12.69,1,3,1.724,6.356,3.0,0,1
F_HET_1,HET,29,17.39,13.89,0,3,1.715,0.0,3.0,1,0
F_HET_1,HET,30,28.15,12.09,2,4,2.168,7.104,2.0,0,1
F_HET_1,HET,31,117.78,45.49,2,19,2.23,1.698,9.5,0,2
F_HET_1,HET,32,13.66,12.11,0,3,1.874,0.0,3.0,1,0
F_HET_1,HET,33,31.46,23.47,2,6,1.773,6.356,3.0,0,1
F_HET_1,HET,34,24.01,14.02,0,6,1.852,0.0,6.0,1,2
F_HET_1,HET,35,38.29,22.05,1,8,1.513,2.611,8.0,0,2
F_HET_1,HET,36,36.22,20.04,2,6,1.669,5.521,3.0,0,1
F_HET_1,HET,37,20.29,13.76,0,3,1.63,0.0,3.0,1,0
F_HET_1,HET,38,24.01,16.89,0,4,1.504,0.0,4.0,1,2
F_HET_1,HET,39,19.25,15.53,1,4,1.562,5.195,4.0,0,1
F_HET_1,HET,40,19.66,12.17,1,4,1.65,5.085,4.0,0,1
F_HET_1,HET,41,16.77,14.58,1,4,1.503,5.964,4.0,0,1
F_HET_1,HET,42,20.29,11.14,2,6,1.827,9.859,3.0,0,1
F_HET_1,HET,43,5.38,4.98,0,1,2.436,0.0,1.0,1,0
F_HET_1,HET,44,245.5,57.1,12,36,2.285,4.888,3.0,0,3
F_HET_1,HET,45,13.04,9.39,0,4,2.124,0.0,4.0,1,0
F_HET_1,HET,46,24.63,16.48,1,4,1.786,4.06,4.0,0,1
F_HET_1,HET,47,14.28,12.88,0,3,1.401,0.0,3.0,1,0
F_HET_1,HET,48,13.04,14.84,0,2,1.672,0.0,2.0,1,0
F_HET_1,HET,49,119.44,40.27,9,15,2.047,7.535,1.667,0,3
F_HET_1,HET,50,13.87,9.82,1,5,1.795,7.21,5.0,0,1
F_HET_1,HET,51,12.01,8.21,0,3,2.349,0.0,3.0,1,0
F_HET_1,HET,52,10.97,10.54,0,3,1.691,0.0,3.0,1,0
F_HET_1,HET,53,21.53,16.86,0,4,1.298,0.0,4.0,1,0
F_HET_1,HET,54,16.35,12.87,1,4,1.611,6.115,4.0,0,1
F_HET_1,HET,55,32.08,17.72,1,6,1.732,3.117,6.0,0,2
F_HET_1,HET,56,26.29,22.74,1,4,1.346,3.804,4.0,0,2
F_HET_1,HET,57,12.01,8.61,1,4,2.11,8.329,4.0,0,1
F_HET_1,HET,58,14.28,10.28,1,4,1.68,7.001,4.0,0,1
F_HET_1,HET,59,21.32,15.12,0,4,1.882,0.0,4.0,1,2
F_HET_1,HET,60,22.56,18.3,0,3,1.438,0.0,3.0,1,0
F_HET_1,HET,61,11.18,7.66,0,4,1.481,0.0,4.0,1,0
F_HET_1,HET,62,16.35,10.87,1,5,1.485,6.115,5.0,0,1
F_HET_1,HET,63,18.63,13.62,0,4,1.56,0.0,4.0,1,0
F_HET_1,HET,64,19.46,12.31,0,6,2.1,0.0,6.0,1,2
F_HET_1,HET,65,183.2,44.71,10,23,2.78,5.459,2.3,0,3
F_HET_1,HET,66,32.71,19.24,3,7,2.149,9.173,2.333,0,1
F_HET_1,HET,67,14.7,10.57,1,4,1.698,6.804,4.0,0,1
F_HET_1,HET,68,104.54,45.55,5,14,2.212,4.783,2.8,0,3
F_HET_1,HET,69,200.17,65.98,6,24,1.681,2.997,4.0,0,3
F_HET_1,HET,70,7.66,8.28,0,2,2.48,0.0,2.0,1,0
F_HET_1,HET,71,11.38,9.36,1,3,1.901,8.783,3.0,0,1
F_HET_1,HET,72,111.78,39.57,3,14,2.04,2.684,4.667,0,3
F_HET_1,HET,73,25.05,13.84,2,7,1.922,7.985,3.5,0,1
F_HET_1,HET,74,30.84,17.43,2,6,1.707,6.484,3.0,0,1
F_HET_1,HET,75,53.2,27.98,1,8,1.747,1.88,8.0,0,2
F_HET_1,HET,76,15.11,9.48,2,4,2.141,13.235,2.0,0,1
F_HET_1,HET,77,14.7,11.57,1,4,1.438,6.804,4.0,0,1
F_HET_1,HET,78,15.94,10.09,0,4,1.484,0.0,4.0,1,0
F_HET_1,HET,79,15.52,12.15,1,3,1.958,6.441,3.0,0,1
F_HET_1,HET,80,65.41,27.71,3,12,1.505,4.586,4.0,0,3
F_HET_1,HET,81,266.0,67.82,13,37,2.653,4.887,2.846,0,3
F_HET_1,HET,82,11.18,10.02,0,3,1.543,0.0,3.0,1,0
F_HET_1,HET,83,6.21,5.83,0,2,1.272,0.0,2.0,1,0
F_HET_1,HET,84,8.07,7.58,0,3,1.673,0.0,3.0,1,0
F_HET_1,HET,85,32.5,17.73,1,7,2.185,3.077,7.0,0,2
F_HET_1,HET,86,5.59,4.54,0,2,1.287,0.0,2.0,1,0
F_HET_1,HET,87,31.26,19.05,1,5,1.54,3.199,5.0,0,2
F_HET_1,HET,88,7.45,7.73,0,2,1.442,0.0,2.0,1,0
F_HET_1,HET,89,15.73,11.95,1,4,1.857,6.356,4.0,0,1
F_HET_1,HET,90,25.67,15.52,2,7,1.481,7.792,3.5,0,1
F_HET_1,HET,91,41.61,20.53,1,10,2.076,2.403,10.0,0,2
F_HET_1,HET,92,14.28,11.22,0,3,1.905,0.0,3.0,1,0
F_HET_1,HET,93,12.21,8.98,0,4,1.596,0.0,4.0,1,0
F_HET_1,HET,94,6.42,7.04,0,2,1.178,0.0,2.0,1,0
F_HET_1,HET,95,24.63,16.81,0,5,2.065,0.0,5.0,1,2
F_HET_1,HET,96,9.32,7.17,1,3,1.547,10.735,3.0,0,1
F_HET_1,HET,97,25.67,14.13,0,5,1.563,0.0,5.0,1,2
F_HET_1,HET,98,6.21,5.8,0,3,2.349,0.0,3.0,1,0
F_HET_1,HET,99,33.12,19.14,1,7,1.534,3.019,7.0,0,2
F_HET_1,HET,100,18.42,17.13,0,3,1.495,0.0,3.0,1,0
F_HET_1,HET,101,22.56,12.22,2,7,1.953,8.864,3.5,0,1
F_HET_1,HET,102,18.01,10.84,1,5,1.56,5.553,5.0,0,1
F_HET_1,HET,103,30.01,17.6,1,6,1.335,3.332,6.0,0,2
F_HET_1,HET,104,37.88,23.27,3,6,2.169,7.92,2.0,0,3
F_HET_1,HET,105,7.87,6.34,0,3,1.245,0.0,3.0,1,0
F_HET_1,HET,106,31.67,26.02,1,4,1.435,3.157,4.0,0,2
F_HET_1,HET,107,16.35,16.17,0,3,1.672,0.0,3.0,1,0
F_HET_1,HET,108,11.59,10.02,0,3,1.208,0.0,3.0,1,0
F_HET_1,HET,109,24.01,15.03,1,6,2.504,4.165,6.0,0,2
F_HET_1,HET,110,28.98,16.39,1,7,1.936,3.451,7.0,0,2
F_HET_1,HET,111,23.6,17.03,2,5,1.697,8.475,2.5,0,1
F_HET_1,HET,112,123.16,39.93,4,17,2.398,3.248,4.25,0,3
F_HET_1,HET,113,16.77,10.4,1,5,1.941,5.964,5.0,0,1
F_HET_1,HET,114,28.98,18.57,0,4,1.498,0.0,4.0,1,2
F_HET_1,HET,115,18.63,13.84,0,3,1.757,0.0,3.0,1,0
F_HET_1,HET,116,60.24,29.77,5,11,1.519,8.301,2.2,0,3
F_HET_1,HET,117,11.59,10.24,0,3,1.73,0.0,3.0,1,0
F_HET_1,HET,118,9.73,8.31,0,3,1.487,0.0,3.0,1,0
F_HET_1,HET,119,25.25,16.89,1,5,1.563,3.96,5.0,0,2
F_HET_1,HET,120,15.52,10.69,1,4,1.517,6.441,4.0,0,1
F_HET_1,HET,121,7.66,7.99,0,2,1.165,0.0,2.0,1,0
F_HET_1,HET,122,20.29,14.34,0,4,1.556,0.0,4.0,1,0
F_HET_1,HET,123,11.59,8.62,1,3,1.924,8.627,3.0,0,1
F_HET_1,HET,124,19.66,15.09,1,5,1.904,5.085,5.0,0,2
F_HET_1,HET,125,13.87,11.72,0,3,1.659,0.0,3.0,1,0
F_HET_1,HET,126,71.83,28.52,5,11,2.069,6.961,2.2,0,3
F_HET_1,HET,127,36.64,19.69,0,6,1.924,0.0,6.0,1,2
F_HET_1,HET,128,42.23,21.54,2,6,2.116,4.736,3.0,0,3
F_HET_1,HET,129,30.01,17.8,1,3,1.964,3.332,3.0,0,1
F_HET_1,HET,130,33.74,17.28,3,6,1.826,8.891,2.0,0,1
F_HET_1,HET,131,54.44,27.39,1,12,1.732,1.837,12.0,0,2
F_HET_1,HET,132,12.42,8.94,1,3,1.691,8.052,3.0,0,1
F_HET_1,HET,133,17.18,13.35,0,3,1.614,0.0,3.0,1,0
F_HET_1,HET,134,16.56,14.72,1,4,1.9,6.039,4.0,0,1
F_HET_1,HET,135,17.18,11.64,0,3,1.879,0.0,3.0,1,0
F_HET_1,HET,136,37.47,16.54,3,6,1.5,8.007,2.0,0,1
F_HET_1,HET,137,37.88,21.86,2,8,1.626,5.28,4.0,0,2
F_HET_1,HET,138,10.97,11.1,0,2,1.586,0.0,2.0,1,0
F_HET_1,HET,139,26.5,17.74,0,4,1.564,0.0,4.0,1,2
F_HET_1,HET,140,32.29,26.79,0,5,1.439,0.0,5.0,1,2
F_HET_1,HET,141,14.7,11.74,0,3,1.794,0.0,3.0,1,0
F_HET_1,HET,142,25.88,15.08,1,4,1.445,3.865,4.0,0,1
F_HET_1,HET,143,20.08,12.23,2,6,1.765,9.961,3.0,0,1
F_HET_1,HET,144,17.8,13.25,0,4,1.876,0.0,4.0,1,0
F_HET_1,HET,145,7.87,8.12,0,2,1.063,0.0,2.0,1,0
F_HET_1,HET,146,100.6,33.01,5,14,1.981,4.97,2.8,0,3
F_HET_1,HET,147,113.02,47.83,7,17,1.846,6.193,2.429,0,3
F_HET_1,HET,148,29.6,17.06,1,7,3.25,3.378,7.0,0,2
F_HET_1,HET,149,26.29,15.8,2,5,1.55,7.608,2.5,0,1
F_HET_1,HET,150,40.36,26.1,2,7,1.997,4.955,3.5,0,3
F_HET_1,HET,151,9.32,7.53,0,3,2.197,0.0,3.0,1,0
F_HET_1,HET,152,46.37,28.33,2,6,1.689,4.313,3.0,0,3
F_HET_1,HET,153,14.28,12.03,0,3,1.779,0.0,3.0,1,0
F_HET_1,HET,154,16.77,12.83,1,3,1.577,5.964,3.0,0,1
F_HET_1,HET,155,110.74,39.6,3,16,1.822,2.709,5.333,0,3
F_HET_1,HET,156,19.46,14.36,0,4,1.472,0.0,4.0,1,0
F_HET_1,HET,157,22.56,14.98,1,4,1.498,4.432,4.0,0,1
F_HET_1,HET,158,8.28,7.32,0,3,2.057,0.0,3.0,1,0
F_HET_1,HET,159,11.59,10.01,0,2,2.014,0.0,2.0,1,0
F_HET_1,HET,160,34.98,18.6,0,6,1.558,0.0,6.0,1,2
F_HET_1,HET,161,6.0,5.28,0,2,1.694,0.0,2.0,1,0
F_HET_1,HET,162,7.87,6.96,0,3,1.448,0.0,3.0,1,0
F_HET_1,HET,163,6.42,6.35,0,1,2.287,0.0,1.0,1,0
F_HET_1,HET,164,41.81,26.13,1,5,1.712,2.392,5.0,0,2
F_HET_1,HET,165,99.98,34.45,6,14,2.123,6.001,2.333,0,3
F_HET_1,HET,166,6.21,6.58,0,2,1.204,0.0,2.0,1,0
F_HET_1,HET,167,11.59,8.98,1,4,1.608,8.627,4.0,0,1
F_HET_1,HET,168,40.36,24.19,1,7,1.65,2.477,7.0,0,2
F_HET_1,HET,169,12.83,9.42,1,3,1.448,7.792,3.0,0,1
F_HET_1,HET,170,24.43,14.08,1,5,1.93,4.094,5.0,0,2
F_HET_1,HET,171,20.91,16.15,0,3,1.337,0.0,3.0,1,0
F_HET_1,HET,172,7.04,7.0,0,2,0.934,0.0,2.0,1,0
F_HET_1,HET,173,59.82,30.29,2,7,2.139,3.343,3.5,0,3
F_HET_1,HET,174,18.01,10.23,1,5,2.334,5.553,5.0,0,1
F_HET_1,HET,175,17.39,14.84,1,3,1.536,5.751,3.0,0,1
F_HET_1,HET,176,8.28,7.78,0,1,1.775,0.0,1.0,1,0
F_HET_1,HET,177,30.43,21.02,1,6,1.376,3.286,6.0,0,2
F_HET_1,HET,178,70.38,35.83,2,12,1.851,2.842,6.0,0,2
F_HET_1,HET,179,77.0,37.21,2,11,1.587,2.597,5.5,0,2
F_HET_1,HET,180,21.53,14.25,2,5,1.323,9.29,2.5,0,1
F_HET_1,HET,181,8.69,8.78,0,2,1.811,0.0,2.0,1,0
F_HET_1,HET,182,17.18,11.88,1,4,1.549,5.82,4.0,0,1
F_HET_1,HET,183,31.88,15.52,1,6,1.827,3.137,6.0,0,2
F_HET_1,HET,184,15.32,16.2,0,2,1.395,0.0,2.0,1,0
F_HET_1,HET,185,164.77,50.18,8,16,1.648,4.855,2.0,0,3
F_HET_1,HET,186,32.29,18.66,0,8,1.861,0.0,8.0,1,2
F_HET_1,HET,187,16.77,14.02,1,4,1.477,5.964,4.0,0,1
F_HET_1,HET,188,9.94,8.84,1,3,1.563,10.064,3.0,0,1
F_HET_1,HET,189,12.21,11.71,0,2,1.507,0.0,2.0,1,0
F_HET_1,HET,190,18.42,11.37,0,4,1.687,0.0,4.0,1,0
F_HET_1,HET,191,30.43,16.02,2,5,1.646,6.573,2.5,0,1
F_HET_1,HET,192,21.32,13.78,0,5,2.044,0.0,5.0,1,2
F_HET_1,HET,193,27.53,14.74,1,7,2.68,3.632,7.0,0,2
F_HET_1,HET,194,17.18,10.73,2,5,1.733,11.641,2.5,0,1
F_HET_1,HET,195,12.63,9.17,0,4,2.208,0.0,4.0,1,0
F_HET_1,HET,196,12.01,9.91,0,3,1.664,0.0,3.0,1,0
F_HET_1,HET,197,23.39,13.94,1,5,2.054,4.275,5.0,0,2
F_HET_1,HET,198,51.75,31.77,3,8,1.559,5.797,2.667,0,3
F_HET_1,HET,199,57.13,26.4,3,11,1.671,5.251,3.667,0,3
F_HET_1,HET,200,10.97,6.5,1,2,1.803,9.115,2.0,0,1
F_HET_1,HET,201,60.65,29.52,2,11,2.038,3.298,5.5,0,2
F_HET_1,HET,202,14.7,11.42,0,4,1.586,0.0,4.0,1,0
F_HET_1,HET,203,138.9,37.26,8,16,1.698,5.76,2.0,0,3
F_HET_1,HET,204,24.43,18.6,1,4,1.322,4.094,4.0,0,1
F_HET_1,HET,205,21.74,12.91,2,4,1.568,9.202,2.0,0,1
F_HET_1,HET,206,30.43,16.23,3,6,1.83,9.859,2.0,0,1
F_HET_1,HET,207,42.64,21.34,1,8,1.919,2.345,8.0,0,2
F_HET_1,HET,208,35.4,20.51,2,6,1.883,5.65,3.0,0,1
F_HET_1,HET,209,9.52,9.95,0,2,1.573,0.0,2.0,1,0
F_HET_1,HET,210,8.28,7.6,0,2,1.602,0.0,2.0,1,0
F_HET_1,HET,211,19.46,14.29,1,5,1.666,5.139,5.0,0,2
F_HET_1,HET,212,6.42,6.54,0,2,1.223,0.0,2.0,1,0
F_HET_1,HET,213,15.73,9.48,0,4,1.837,0.0,4.0,1,0
F_HET_1,HET,214,24.63,17.47,0,5,1.457,0.0,5.0,1,2
F_HET_1,HET,215,24.43,15.94,3,6,1.478,12.282,2.0,0,1
F_HET_1,HET,216,15.73,10.76,0,2,1.46,0.0,2.0,1,0
F_HET_1,HET,217,77.0,35.77,3,15,1.629,3.896,5.0,0,3
F_HET_1,HET,218,20.7,13.46,0,5,1.658,0.0,5.0,1,2
F_HET_1,HET,219,45.13,23.37,2,8,1.6,4.432,4.0,0,2
F_HET_1,HET,220,20.91,15.47,1,5,1.373,4.783,5.0,0,2
F_HET_1,HET,221,8.28,6.67,1,3,1.441,12.077,3.0,0,1
F_HET_1,HET,222,28.57,22.31,2,5,1.405,7.001,2.5,0,1
F_HET_1,HET,223,12.01,9.7,0,2,1.52,0.0,2.0,1,0
F_HET_1,HET,224,13.25,9.19,0,4,1.89,0.0,4.0,1,0
F_HET_1,HET,225,9.32,8.69,0,2,1.133,0.0,2.0,1,0
F_HET_1,HET,226,10.35,7.99,0,3,1.552,0.0,3.0,1,0
F_HET_1,HET,227,22.77,16.2,1,4,1.476,4.392,4.0,0,1
F_HET_1,HET,228,5.8,5.5,0,1,1.187,0.0,1.0,1,0
F_HET_1,HET,229,9.11,9.19,0,2,1.527,0.0,2.0,1,0
F_HET_1,HET,230,18.42,12.87,0,4,2.051,0.0,4.0,1,0
F_HET_1,HET,231,21.94,11.3,2,5,2.059,9.115,2.5,0,1
F_HET_1,HET,232,18.63,17.81,0,3,1.722,0.0,3.0,1,0
F_HET_1,HET,233,80.73,28.16,5,9,1.841,6.193,1.8,0,3
F_HET_1,HET,234,27.74,16.75,3,7,1.766,10.815,2.333,0,1
F_HET_1,HET,235,19.87,14.1,0,4,1.637,0.0,4.0,1,0
F_HET_1,HET,236,11.8,10.28,0,4,1.665,0.0,4.0,1,0
F_HET_1,HET,237,29.39,15.24,2,6,1.52,6.804,3.0,0,1
F_HET_1,HET,238,16.35,14.16,0,3,1.947,0.0,3.0,1,0
F_HET_1,HET,239,14.9,12.8,0,3,2.066,0.0,3.0,1,0
F_HET_1,HET,240,10.35,8.06,1,4,2.143,9.662,4.0,0,1
F_HET_1,HET,241,14.7,9.66,0,4,1.966,0.0,4.0,1,0
F_HET_1,HET,242,14.49,9.38,0,1,1.605,0.0,1.0,1,0
F_HET_1,HET,243,19.87,15.0,1,4,1.874,5.032,4.0,0,1
F_HET_1,HET,244,37.05,19.14,2,6,1.667,5.398,3.0,0,1
F_HET_1,HET,245,7.04,6.96,0,2,1.719,0.0,2.0,1,0
F_HET_1,HET,246,14.49,9.96,1,4,1.532,6.901,4.0,0,1
F_HET_1,HET,247,18.63,11.48,1,5,1.886,5.368,5.0,0,1
F_HET_1,HET,248,14.7,12.31,1,3,1.46,6.804,3.0,0,1
F_HET_1,HET,249,66.24,27.28,3,11,1.705,4.529,3.667,0,3
F_HET_1,HET,250,12.83,10.91,1,2,1.403,7.792,2.0,0,1
F_HET_1,HET,251,16.35,12.38,0,5,2.08,0.0,5.0,1,2
F_HET_1,HET,252,9.32,7.88,0,2,1.232,0.0,2.0,1,0
F_HET_1,HET,253,26.29,19.17,1,5,1.498,3.804,5.0,0,2
F_HET_1,HET,254,7.24,6.11,1,3,1.31,13.803,3.0,0,1
F_HET_1,HET,255,113.85,54.81,3,17,1.694,2.635,5.667,0,3
F_HET_1,HET,256,18.84,13.05,2,5,1.398,10.617,2.5,0,1
F_HET_1,HET,257,20.7,13.63,1,5,1.353,4.831,5.0,0,2
F_HET_1,HET,258,44.71,28.2,4,8,1.366,8.946,2.0,0,3
F_HET_1,HET,259,21.74,16.79,0,3,1.583,0.0,3.0,1,0
F_HET_1,HET,260,32.91,16.54,2,6,1.66,6.077,3.0,0,1
F_HET_1,HET,261,15.94,11.42,1,5,1.655,6.274,5.0,0,1
F_HET_1,HET,262,19.66,11.19,1,5,1.722,5.085,5.0,0,1
F_HET_1,HET,263,21.94,11.43,3,5,1.446,13.672,1.667,0,1
F_HET_1,HET,264,9.32,7.34,0,2,1.56,0.0,2.0,1,0
F_HET_1,HET,265,21.32,12.68,2,4,2.146,9.38,2.0,0,1
F_HET_1,HET,266,28.15,17.81,1,5,1.052,3.552,5.0,0,2
F_HET_1,HET,267,22.77,14.65,1,4,1.461,4.392,4.0,0,1
F_HET_1,HET,268,7.45,7.93,0,2,1.16,0.0,2.0,1,0
F_HET_1,HET,269,17.6,12.88,1,5,1.267,5.683,5.0,0,1
F_HET_1,HET,270,16.15,11.92,0,3,1.597,0.0,3.0,1,0
F_HET_1,HET,271,23.8,15.85,1,5,1.665,4.201,5.0,0,2
F_HET_1,HET,272,44.3,22.56,3,7,1.471,6.772,2.333,0,1
F_HET_1,HET,273,11.18,11.8,0,2,1.062,0.0,2.0,1,0
F_HET_1,HET,274,25.67,20.68,0,3,1.553,0.0,3.0,1,0
F_HET_1,HET,275,10.14,9.08,0,2,2.113,0.0,2.0,1,0
F_HET_1,HET,276,32.71,17.45,1,5,1.666,3.058,5.0,0,2
F_HET_1,HET,277,17.39,11.86,1,4,1.405,5.751,4.0,0,1
F_HET_1,HET,278,13.66,11.88,0,2,1.653,0.0,2.0,1,0
F_HET_1,HET,279,14.7,11.77,0,4,1.926,0.0,4.0,1,0
F_HET_1,HET,280,14.7,11.32,1,3,1.593,6.804,3.0,0,1
F_HET_1,HET,281,20.91,13.15,0,5,1.578,0.0,5.0,1,2
F_HET_1,HET,282,21.32,14.32,1,4,1.488,4.69,4.0,0,1
F_HET_1,HET,283,14.9,10.42,0,2,1.351,0.0,2.0,1,0
F_HET_1,HET,284,62.72,29.44,2,11,1.571,3.189,5.5,0,2
F_HET_1,HET,285,38.29,20.45,2,10,2.097,5.223,5.0,0,2
F_HET_1,HET,286,11.59,7.24,1,3,1.653,8.627,3.0,0,1
F_HET_1,HET,287,22.56,15.96,1,4,1.343,4.432,4.0,0,1
F_HET_1,HET,288,24.63,15.62,2,6,1.583,8.119,3.0,0,1
F_HET_1,HET,289,10.56,8.45,1,3,2.034,9.472,3.0,0,1
F_HET_1,HET,290,19.87,10.71,2,3,1.814,10.064,1.5,0,1
F_HET_1,HET,291,9.94,8.57,0,3,1.075,0.0,3.0,1,0
F_HET_1,HET,292,24.84,19.83,1,5,1.775,4.026,5.0,0,2
F_HET_1,HET,293,17.39,14.61,0,3,1.673,0.0,3.0,1,0
F_HET_1,HET,294,10.35,8.34,1,4,1.765,9.662,4.0,0,1
F_HET_1,HET,295,11.18,9.96,0,1,2.0,0.0,1.0,1,0
F_HET_1,HET,296,20.08,18.62,1,3,1.668,4.98,3.0,0,1
F_HET_1,HET,297,15.52,13.57,1,4,1.69,6.441,4.0,0,1
F_HET_1,HET,298,17.6,12.44,0,3,1.197,0.0,3.0,1,0
F_HET_1,HET,299,18.84,14.63,1,2,1.313,5.309,2.0,0,1
F_HET_1,HET,300,14.9,13.54,1,3,1.196,6.71,3.0,0,1
F_HET_1,HET,301,65.62,31.22,3,10,1.65,4.572,3.333,0,3
F_HET_1,HET,302,43.88,22.59,2,6,1.812,4.557,3.0,0,3
F_HET_1,HET,303,30.64,17.56,1,4,1.276,3.264,4.0,0,2
F_HET_1,HET,304,20.49,15.99,0,4,1.914,0.0,4.0,1,2
F_HET_1,HET,305,10.76,9.08,1,3,1.64,9.29,3.0,0,1
F_HET_1,HET,306,9.52,7.05,0,2,0.785,0.0,2.0,1,0
F_HET_1,HET,307,6.62,6.32,0,1,1.935,0.0,1.0,1,0
F_HET_1,HET,308,26.08,15.08,1,6,1.32,3.834,6.0,0,2
F_HET_1,HET,309,15.11,11.14,0,4,1.478,0.0,4.0,1,0
F_HET_1,HET,310,31.26,20.56,0,4,1.67,0.0,4.0,1,2
F_HET_1,HET,311,19.25,13.52,1,4,1.349,5.195,4.0,0,1
F_HET_1,HET,312,19.87,11.19,1,5,1.769,5.032,5.0,0,1
F_HET_1,HET,313,6.83,6.96,0,2,1.518,0.0,2.0,1,0
F_HET_1,HET,314,14.7,10.45,1,3,1.505,6.804,3.0,0,1
F_HET_1,HET,315,12.63,10.01,1,3,2.549,7.92,3.0,0,1
F_HET_1,HET,316,10.76,9.54,0,2,1.711,0.0,2.0,1,0
F_HET_1,HET,317,281.11,80.95,10,31,2.141,3.557,3.1,0,3
F_HET_1,HET,318,9.94,9.23,0,3,1.931,0.0,3.0,1,0
F_HET_1,HET,319,17.39,12.91,0,4,1.699,0.0,4.0,1,0
F_HET_1,HET,320,44.5,28.94,0,7,1.71,0.0,7.0,1,2
F_HET_1,HET,321,21.53,15.69,1,3,1.628,4.645,3.0,0,1
F_HET_1,HET,322,13.87,12.64,1,3,1.648,7.21,3.0,0,1
F_HET_1,HET,323,63.34,29.26,2,9,1.845,3.157,4.5,0,3
F_HET_1,HET,324,128.13,44.94,4,18,1.677,3.122,4.5,0,3
F_HET_1,HET,325,15.32,12.59,1,3,1.824,6.528,3.0,0,1
F_HET_1,HET,326,7.04,7.05,0,2,1.116,0.0,2.0,1,0
F_HET_1,HET,327,18.01,10.28,2,5,1.41,11.106,2.5,0,1
F_HET_1,HET,328,42.02,29.62,1,5,1.408,2.38,5.0,0,2
F_HET_1,HET,329,8.69,6.96,0,3,0.993,0.0,3.0,1,0
F_HET_1,HET,330,24.22,12.88,1,3,1.655,4.129,3.0,0,1
F_HET_1,HET,331,50.72,29.79,1,5,1.668,1.972,5.0,0,2
F_HET_1,HET,332,80.52,44.82,6,10,1.27,7.451,1.667,0,3
F_HET_1,HET,333,12.63,10.28,1,3,1.436,7.92,3.0,0,1
F_HET_1,HET,334,45.54,22.4,2,7,1.717,4.392,3.5,0,3
F_HET_1,HET,335,21.74,13.92,1,5,1.693,4.601,5.0,0,2
F_HET_1,HET,336,16.35,10.12,1,5,1.272,6.115,5.0,0,1
F_HET_1,HET,337,115.3,51.63,5,12,1.95,4.337,2.4,0,3
F_HET_1,HET,338,8.28,8.21,1,3,1.083,12.077,3.0,0,1
F_HET_1,HET,339,10.14,9.45,0,2,2.031,0.0,2.0,1,0
F_HET_1,HET,340,19.25,13.63,2,4,1.647,10.389,2.0,0,1
F_HET_1,HET,341,19.46,12.14,2,5,1.474,10.279,2.5,0,1
F_HET_1,HET,342,15.52,13.17,0,3,1.698,0.0,3.0,1,0
F_HET_1,HET,343,13.66,12.32,0,3,2.09,0.0,3.0,1,0
F_HET_1,HET,344,14.49,11.64,0,3,1.581,0.0,3.0,1,0
F_HET_1,HET,345,10.76,7.07,1,4,2.209,9.29,4.0,0,1
F_HET_1,HET,346,52.16,31.07,3,7,1.369,5.751,2.333,0,3
F_HET_1,HET,347,20.08,14.3,1,4,1.762,4.98,4.0,0,1
F_HET_1,HET,348,43.26,21.96,1,9,1.885,2.311,9.0,0,2
F_HET_1,HET,349,20.91,14.94,0,4,1.395,0.0,4.0,1,0
F_HET_1,HET,350,59.62,30.07,3,11,2.081,5.032,3.667,0,3
F_HET_1,HET,351,11.59,9.83,0,3,1.861,0.0,3.0,1,0
F_HET_1,HET,352,21.11,16.96,1,5,1.509,4.736,5.0,0,2
F_HET_1,HET,353,21.32,15.72,1,5,1.324,4.69,5.0,0,2
F_HET_1,HET,354,27.53,18.9,1,5,1.378,3.632,5.0,0,2
F_HET_1,HET,355,23.39,14.93,1,6,1.748,4.275,6.0,0,2
F_HET_1,HET,356,10.56,7.05,0,4,1.981,0.0,4.0,1,0
F_HET_1,HET,357,19.66,13.43,1,4,1.613,5.085,4.0,0,1
F_HET_1,HET,358,17.39,10.83,0,4,1.945,0.0,4.0,1,0
F_HET_1,HET,359,34.98,24.57,0,8,2.307,0.0,8.0,1,2
F_HET_1,HET,360,16.97,10.88,1,4,2.113,5.891,4.0,0,1
F_HET_1,HET,361,12.21,6.6,1,0,1.585,8.188,0.0,0,1
F_HET_1,HET,362,28.77,21.42,0,3,1.53,0.0,3.0,1,0
F_HET_1,HET,363,30.43,17.61,2,6,1.801,6.573,3.0,0,1
F_HET_1,HET,364,9.52,9.73,0,2,1.591,0.0,2.0,1,0
F_HET_1,HET,365,6.83,6.21,0,3,2.292,0.0,3.0,1,0
F_HET_1,HET,366,18.22,15.4,2,2,1.662,10.979,1.0,0,1
F_HET_1,HET,367,14.08,11.14,0,3,1.857,0.0,3.0,1,0
F_HET_1,HET,368,45.33,20.37,2,9,1.898,4.412,4.5,0,2
F_HET_1,HET,369,14.49,11.32,0,4,1.445,0.0,4.0,1,0
F_HET_1,HET,370,12.01,9.55,1,4,1.688,8.329,4.0,0,1
F_HET_1,HET,371,14.08,11.32,1,4,1.387,7.104,4.0,0,1
F_HET_1,HET,372,55.48,24.35,6,9,1.573,10.815,1.5,0,3
F_HET_1,HET,373,73.28,32.29,2,9,1.776,2.729,4.5,0,3
F_HET_1,HET,374,12.63,10.28,1,3,1.609,7.92,3.0,0,1
F_HET_1,HET,375,7.45,6.3,0,3,1.195,0.0,3.0,1,0
F_HET_1,HET,376,23.39,14.53,1,3,1.472,4.275,3.0,0,1
F_HET_1,HET,377,6.42,6.68,0,2,2.321,0.0,2.0,1,0
F_HET_1,HET,378,17.8,13.35,0,3,1.44,0.0,3.0,1,0
F_HET_1,HET,379,18.22,14.37,1,4,1.749,5.49,4.0,0,1
F_HET_1,HET,380,28.77,14.76,3,7,1.538,10.426,2.333,0,1
F_HET_1,HET,381,14.28,9.88,0,4,1.827,0.0,4.0,1,0
F_HET_1,HET,382,13.25,11.02,0,4,1.057,0.0,4.0,1,0
F_HET_1,HET,383,9.73,6.96,0,2,1.364,0.0,2.0,1,0
F_HET_1,HET,384,16.56,12.74,0,4,1.426,0.0,4.0,1,0
F_HET_1,HET,385,38.5,21.82,3,6,1.775,7.792,2.0,0,1
F_HET_1,HET,386,14.08,9.08,1,5,1.474,7.104,5.0,0,1
F_HET_1,HET,387,16.97,12.46,0,5,1.641,0.0,5.0,1,2
F_HET_1,HET,388,6.42,5.22,0,3,2.513,0.0,3.0,1,0
F_HET_1,HET,389,98.53,38.07,6,13,1.83,6.089,2.167,0,3
F_HET_1,HET,390,34.36,23.43,1,6,1.412,2.91,6.0,0,2
F_HET_1,HET,391,36.22,18.85,1,7,1.74,2.761,7.0,0,2
F_HET_1,HET,392,25.05,16.83,1,5,1.623,3.992,5.0,0,2
F_HET_1,HET,393,7.87,7.07,0,2,1.718,0.0,2.0,1,0
F_HET_1,HET,394,45.13,22.8,2,7,1.525,4.432,3.5,0,2
F_HET_1,HET,395,22.98,12.59,1,4,1.708,4.352,4.0,0,1
F_HET_1,HET,396,7.04,8.16,0,2,2.309,0.0,2.0,1,0
F_HET_1,HET,397,42.64,23.67,2,5,1.419,4.69,2.5,0,1
F_HET_1,HET,398,15.73,13.89,0,3,1.311,0.0,3.0,1,0
F_HET_1,HET,399,87.77,36.53,6,13,1.636,6.836,2.167,0,3
F_HET_1,HET,400,11.59,11.74,0,3,1.636,0.0,3.0,1,0
F_HET_1,HET,401,6.42,6.96,0,2,1.035,0.0,2.0,1,0
F_HET_1,HET,402,55.68,23.99,1,7,1.25,1.796,7.0,0,2
F_HET_1,HET,403,23.6,21.34,1,3,1.594,4.238,3.0,0,1
F_HET_1,HET,404,28.15,14.64,3,6,1.651,10.656,2.0,0,1
F_HET_1,HET,405,6.21,5.57,0,2,0.996,0.0,2.0,1,0
F_HET_1,HET,406,20.29,13.74,0,4,1.731,0.0,4.0,1,0
F_HET_1,HET,407,18.01,14.03,1,5,1.674,5.553,5.0,0,1
F_HET_1,HET,408,14.28,12.05,1,4,1.542,7.001,4.0,0,1
F_HET_1,HET,409,22.77,18.02,1,4,1.325,4.392,4.0,0,1
F_HET_1,HET,410,36.02,20.59,2,5,1.641,5.553,2.5,0,1
F_HET_1,HET,411,22.15,14.68,0,6,1.798,0.0,6.0,1,2
F_HET_1,HET,412,12.42,11.58,0,2,1.854,0.0,2.0,1,0
F_HET_1,HET,413,25.25,16.31,0,5,1.582,0.0,5.0,1,2
F_HET_1,HET,414,53.82,29.93,2,8,1.786,3.716,4.0,0,3
F_HET_1,HET,415,31.88,24.3,0,6,1.76,0.0,6.0,1,2
F_HET_1,HET,416,23.6,17.81,0,5,1.534,0.0,5.0,1,2
F_HET_1,HET,417,7.24,6.09,0,3,2.305,0.0,3.0,1,0
F_HET_1,HET,418,22.56,13.23,0,4,1.443,0.0,4.0,1,0
F_HET_1,HET,419,22.15,15.54,1,4,1.397,4.515,4.0,0,1
F_HET_1,HET,420,12.21,8.67,1,4,2.112,8.188,4.0,0,1
F_HET_1,HET,421,10.56,9.32,0,2,1.753,0.0,2.0,1,0
F_HET_1,HET,422,6.42,6.81,0,2,1.416,0.0,2.0,1,0
F_HET_1,HET,423,30.64,17.31,0,5,1.731,0.0,5.0,1,2
F_HET_1,HET,424,13.66,10.94,0,3,1.687,0.0,3.0,1,0
F_HET_1,HET,425,16.77,11.51,1,4,1.66,5.964,4.0,0,1
F_HET_1,HET,426,10.56,8.34,1,4,1.669,9.472,4.0,0,1
F_HET_1,HET,427,6.42,5.86,0,3,1.036,0.0,3.0,1,0
F_HET_1,HET,428,6.21,4.6,0,3,1.258,0.0,3.0,1,0
F_HET_1,HET,429,6.42,5.88,0,3,1.535,0.0,3.0,1,0
F_HET_1,HET,430,25.67,17.05,0,5,1.521,0.0,5.0,1,2
F_HET_1,HET,431,24.43,18.61,0,3,1.494,0.0,3.0,1,0
F_HET_1,HET,432,8.28,8.37,0,2,1.076,0.0,2.0,1,0
F_HET_1,HET,433,18.01,12.61,2,4,1.449,11.106,2.0,0,1
F_HET_1,HET,434,139.52,53.02,6,18,1.728,4.301,3.0,0,3
F_HET_1,HET,435,24.01,18.01,0,4,1.379,0.0,4.0,1,2
F_HET_1,HET,436,28.57,19.46,3,6,1.587,10.502,2.0,0,1
F_HET_1,HET,437,45.75,21.86,3,8,1.508,6.558,2.667,0,1
F_HET_1,HET,438,23.6,19.66,1,3,1.481,4.238,3.0,0,1
F_HET_1,HET,439,50.92,19.92,2,10,2.154,3.928,5.0,0,2
F_HET_1,HET,440,7.24,5.63,0,3,1.8,0.0,3.0,1,0
F_HET_1,HET,441,19.04,14.2,3,5,1.311,15.753,1.667,0,1
F_HET_1,HET,442,12.42,11.43,0,3,1.814,0.0,3.0,1,0
F_HET_1,HET,443,15.73,14.2,0,3,1.368,0.0,3.0,1,0
F_HET_1,HET,444,14.28,10.62,1,4,1.835,7.001,4.0,0,1
F_HET_1,HET,445,24.84,14.71,1,6,1.944,4.026,6.0,0,2
F_HET_1,HET,446,13.87,12.91,0,2,1.502,0.0,2.0,1,0
F_HET_1,HET,447,24.22,14.13,2,4,1.753,8.258,2.0,0,1
F_HET_1,HET,448,17.6,16.26,0,2,1.706,0.0,2.0,1,0
F_HET_1,HET,449,27.74,23.08,1,3,1.484,3.605,3.0,0,1
F_HET_1,HET,450,16.97,9.08,1,6,1.971,5.891,6.0,0,2
F_HET_1,HET,451,18.22,13.26,1,3,1.291,5.49,3.0,0,1
F_HET_1,HET,452,19.46,12.64,2,5,1.872,10.279,2.5,0,1
F_HET_1,HET,453,10.14,8.52,0,3,1.714,0.0,3.0,1,0
F_HET_1,HET,454,7.24,7.53,0,2,1.221,0.0,2.0,1,0
F_HET_1,HET,455,6.42,6.63,0,2,1.155,0.0,2.0,1,0
F_HET_1,HET,456,19.25,13.74,1,5,1.468,5.195,5.0,0,1
F_HET_1,HET,457,19.25,12.06,2,4,1.713,10.389,2.0,0,1
F_HET_1,HET,458,7.87,7.12,1,3,1.362,12.713,3.0,0,1
F_HET_1,HET,459,5.8,5.63,0,1,1.681,0.0,1.0,1,0
F_HET_1,HET,460,20.29,15.09,1,5,1.508,4.93,5.0,0,2
F_HET_1,HET,461,51.34,37.69,1,3,1.205,1.948,3.0,0,3
F_HET_1,HET,462,6.21,6.15,0,2,0.959,0.0,2.0,1,0
F_HET_1,HET,463,6.42,5.63,0,2,1.177,0.0,2.0,1,0
F_HET_1,HET,464,24.22,16.42,1,4,1.658,4.129,4.0,0,1
F_HET_1,HET,465,16.15,9.95,0,4,1.72,0.0,4.0,1,0
F_HET_1,HET,466,22.36,15.0,2,5,1.281,8.946,2.5,0,1
F_HET_1,HET,467,20.49,14.53,0,5,2.004,0.0,5.0,1,2
F_HET_1,HET,468,18.01,11.12,0,4,1.396,0.0,4.0,1,0
F_HET_1,HET,469,14.08,11.86,0,3,1.443,0.0,3.0,1,0
F_HET_1,HET,470,18.84,12.03,1,3,1.415,5.309,3.0,0,1
F_HET_1,HET,471,12.42,9.41,0,4,1.933,0.0,4.0,1,0
F_HET_1,HET,472,14.7,9.82,0,5,1.845,0.0,5.0,1,0
F_HET_1,HET,473,95.43,31.24,4,13,1.881,4.192,3.25,0,3
F_HET_1,HET,474,21.53,15.13,1,4,1.588,4.645,4.0,0,1
F_HET_1,HET,475,21.94,12.19,1,3,1.448,4.557,3.0,0,1
F_HET_1,HET,476,10.35,12.23,0,2,0.896,0.0,2.0,1,0
F_HET_1,HET,477,6.42,5.83,0,3,1.226,0.0,3.0,1,0
F_HET_1,HET,478,57.55,32.65,3,9,1.199,5.213,3.0,0,3
F_HET_1,HET,479,12.21,9.53,1,3,2.239,8.188,3.0,0,1
F_HET_1,HET,480,17.6,13.09,1,3,1.444,5.683,3.0,0,1
F_HET_1,HET,481,18.42,11.54,0,4,1.575,0.0,4.0,1,0
F_HET_1,HET,482,12.01,10.28,0,3,1.893,0.0,3.0,1,0
F_HET_1,HET,483,17.39,11.83,1,4,1.371,5.751,4.0,0,1
F_HET_1,HET,484,27.12,17.18,1,4,1.285,3.688,4.0,0,1
F_HET_1,HET,485,18.22,13.38,0,4,1.495,0.0,4.0,1,0
F_HET_1,HET,486,15.11,15.39,0,2,1.495,0.0,2.0,1,0
F_HET_1,HET,487,7.04,6.98,0,2,2.066,0.0,2.0,1,0
F_HET_1,HET,488,7.45,7.05,1,3,2.13,13.419,3.0,0,1
F_HET_1,HET,489,26.29,16.08,1,5,1.937,3.804,5.0,0,2
F_HET_1,HET,490,14.08,9.81,1,3,1.656,7.104,3.0,0,1
F_HET_1,HET,491,28.36,24.84,0,4,1.102,0.0,4.0,1,2
F_HET_1,HET,492,77.83,36.36,5,8,1.442,6.424,1.6,0,3
F_HET_1,HET,493,94.18,36.61,2,15,1.89,2.123,7.5,0,2
F_HET_1,HET,494,37.67,18.34,1,7,1.669,2.654,7.0,0,2
F_HET_1,HET,495,66.65,28.7,1,10,1.574,1.5,10.0,0,2
F_HET_1,HET,496,32.08,15.45,1,4,1.433,3.117,4.0,0,2
F_HET_1,HET,497,31.88,21.81,1,3,1.707,3.137,3.0,0,1
F_HET_1,HET,498,11.8,10.56,1,2,1.847,8.475,2.0,0,1
F_HET_1,HET,499,31.26,20.6,0,5,1.296,0.0,5.0,1,2
F_HET_1,HET,500,23.6,13.71,1,6,1.331,4.238,6.0,0,2
F_HET_1,HET,501,25.46,17.96,1,4,1.516,3.928,4.0,0,1
F_HET_1,HET,502,15.94,14.82,0,3,1.763,0.0,3.0,1,0
F_HET_1,HET,503,10.97,10.1,0,3,1.608,0.0,3.0,1,0
F_HET_1,HET,504,17.8,12.53,0,3,1.803,0.0,3.0,1,0
F_HET_1,HET,505,16.97,10.68,1,4,1.536,5.891,4.0,0,1
F_HET_1,HET,506,21.94,13.03,1,6,1.575,4.557,6.0,0,2
F_HET_1,HET,507,16.97,14.93,0,3,1.585,0.0,3.0,1,0
F_HET_1,HET,508,10.97,10.74,0,2,1.588,0.0,2.0,1,0
F_HET_1,HET,509,12.42,10.15,0,4,1.61,0.0,4.0,1,0
F_HET_1,HET,510,43.26,19.06,2,8,1.927,4.623,4.0,0,2
F_HET_1,HET,511,21.94,16.31,2,4,1.38,9.115,2.0,0,1
F_HET_1,HET,512,13.04,8.84,0,4,1.861,0.0,4.0,1,0
F_HET_1,HET,513,47.61,25.94,1,7,1.736,2.1,7.0,0,2
F_HET_1,HET,514,8.9,8.77,0,2,1.369,0.0,2.0,1,0
F_HET_1,HET,515,14.08,9.86,0,3,2.019,0.0,3.0,1,0
F_HET_1,HET,516,93.56,33.53,5,14,1.882,5.344,2.8,0,3
F_HET_1,HET,517,154.63,56.94,9,28,1.707,5.82,3.111,0,3
F_HET_1,HET,518,15.52,11.64,2,4,1.615,12.882,2.0,0,1
F_HET_1,HET,519,12.83,8.53,1,5,1.624,7.792,5.0,0,1
F_HET_1,HET,520,14.9,12.06,1,4,1.64,6.71,4.0,0,1
F_HET_1,HET,521,10.14,8.34,0,2,1.232,0.0,2.0,1,0
F_HET_1,HET,522,20.08,13.07,1,4,1.507,4.98,4.0,0,1
F_HET_1,HET,523,14.28,12.93,1,3,1.593,7.001,3.0,0,1
F_HET_1,HET,524,14.7,10.62,0,4,1.692,0.0,4.0,1,0
F_HET_1,HET,525,15.52,12.09,0,2,1.527,0.0,2.0,1,0
F_HET_1,HET,526,34.16,22.44,1,6,1.309,2.928,6.0,0,2
F_HET_1,HET,527,11.8,11.0,0,2,1.585,0.0,2.0,1,0
F_HET_1,HET,528,21.53,16.98,0,2,1.53,0.0,2.0,1,0
F_HET_1,HET,529,7.24,7.32,0,2,1.539,0.0,2.0,1,0
F_HET_1,HET,530,33.12,18.24,0,8,2.033,0.0,8.0,1,2
F_HET_1,HET,531,58.79,37.79,1,7,1.326,1.701,7.0,0,2
F_HET_1,HET,532,43.88,25.55,1,6,1.36,2.279,6.0,0,2
F_HET_1,HET,533,21.32,13.15,2,6,1.554,9.38,3.0,0,1
F_HET_1,HET,534,20.7,11.67,1,4,1.473,4.831,4.0,0,1
F_HET_1,HET,535,15.52,8.79,0,5,2.495,0.0,5.0,1,2
F_HET_1,HET,536,29.39,16.44,1,6,2.361,3.402,6.0,0,2
F_HET_1,HET,537,12.21,12.23,0,2,1.557,0.0,2.0,1,0
F_HET_1,HET,538,6.21,5.29,0,2,1.144,0.0,2.0,1,0
F_HET_1,HET,539,73.48,25.1,5,8,1.427,6.804,1.6,0,3
F_HET_1,HET,540,30.84,23.2,0,4,1.32,0.0,4.0,1,2
F_HET_1,HET,541,15.11,11.61,0,4,1.716,0.0,4.0,1,0
F_HET_1,HET,542,10.14,8.97,0,3,2.326,0.0,3.0,1,0
F_HET_1,HET,543,19.87,18.24,0,2,1.597,0.0,2.0,1,0
F_HET_1,HET,544,21.53,13.09,1,3,1.646,4.645,3.0,0,1
F_HET_1,HET,545,16.35,14.31,0,2,1.325,0.0,2.0,1,0
F_HET_1,HET,546,26.29,18.57,1,5,1.733,3.804,5.0,0,2
F_HET_1,HET,547,8.28,6.88,0,3,1.626,0.0,3.0,1,0
F_HET_1,HET,548,39.12,22.27,1,6,2.159,2.556,6.0,0,2
F_HET_1,HET,549,29.19,20.39,3,6,1.675,10.279,2.0,0,1
F_HET_1,HET,550,30.22,20.93,3,6,1.326,9.927,2.0,0,1
F_HET_1,HET,551,6.0,4.85,0,3,2.147,0.0,3.0,1,0
F_HET_1,HET,552,15.52,12.44,1,4,1.892,6.441,4.0,0,1
F_HET_1,HET,553,15.52,11.0,0,3,1.591,0.0,3.0,1,0
F_HET_1,HET,554,59.82,30.5,1,9,1.112,1.672,9.0,0,2
F_HET_1,HET,555,13.04,9.39,1,3,1.543,7.668,3.0,0,1
F_HET_1,HET,556,13.66,8.52,1,2,1.921,7.32,2.0,0,1
F_HET_1,HET,557,17.6,11.13,1,4,1.995,5.683,4.0,0,1
F_HET_1,HET,558,24.22,12.8,1,4,1.607,4.129,4.0,0,1
F_HET_1,HET,559,13.25,10.1,0,3,1.716,0.0,3.0,1,0
F_HET_1,HET,560,9.94,8.51,0,3,1.994,0.0,3.0,1,0
F_HET_1,HET,561,14.7,11.48,1,4,1.565,6.804,4.0,0,1
F_HET_1,HET,562,17.8,14.22,1,4,1.549,5.617,4.0,0,1
F_HET_1,HET,563,12.83,9.81,0,2,1.539,0.0,2.0,1,0
F_HET_1,HET,564,13.25,10.28,0,4,1.414,0.0,4.0,1,0
F_HET_1,HET,565,13.66,10.46,1,4,2.208,7.32,4.0,0,1
F_HET_1,HET,566,29.39,21.64,0,3,1.287,0.0,3.0,1,0
F_HET_1,HET,567,22.98,16.71,2,7,1.472,8.704,3.5,0,1
F_HET_1,HET,568,20.91,12.35,2,5,1.482,9.566,2.5,0,1
F_HET_1,HET,569,18.42,11.8,0,4,1.496,0.0,4.0,1,0
F_HET_1,HET,570,20.7,15.37,0,4,1.573,0.0,4.0,1,0
F_HET_1,HET,571,25.25,18.32,0,4,1.387,0.0,4.0,1,2
F_HET_1,HET,572,6.21,4.89,1,3,1.006,16.103,3.0,0,1
F_HET_1,HET,573,17.6,11.28,0,2,1.387,0.0,2.0,1,0
F_HET_1,HET,574,40.16,21.66,2,7,1.543,4.98,3.5,0,1
F_HET_1,HET,575,17.6,15.55,0,3,1.669,0.0,3.0,1,0
F_HET_1,HET,576,20.08,13.46,2,6,1.432,9.961,3.0,0,1
F_HET_1,HET,577,38.5,18.37,2,5,1.652,5.195,2.5,0,1
F_HET_1,HET,578,116.13,48.99,5,17,1.52,4.306,3.4,0,3
F_HET_1,HET,579,16.56,12.59,1,4,2.214,6.039,4.0,0,1
F_HET_1,HET,580,10.76,10.31,0,2,0.999,0.0,2.0,1,0
F_HET_1,HET,581,9.11,7.92,0,2,0.925,0.0,2.0,1,0
F_HET_1,HET,582,18.84,14.93,1,3,1.683,5.309,3.0,0,1
F_HET_1,HET,583,10.97,8.74,0,3,1.831,0.0,3.0,1,0
F_HET_1,HET,584,25.46,14.35,1,5,1.474,3.928,5.0,0,2
F_HET_1,HET,585,13.04,9.99,1,3,2.233,7.668,3.0,0,1
F_HET_1,HET,586,20.7,15.67,0,4,1.692,0.0,4.0,1,0
F_HET_1,HET,587,9.32,7.99,1,3,1.572,10.735,3.0,0,1
F_HET_1,HET,588,42.23,36.96,1,5,1.721,2.368,5.0,0,2
F_HET_1,HET,589,17.39,10.1,2,5,1.53,11.502,2.5,0,1
F_HET_1,HET,590,11.8,9.23,1,3,1.606,8.475,3.0,0,1
F_HET_1,HET,591,16.15,10.49,1,5,1.766,6.193,5.0,0,1
F_HET_1,HET,592,7.66,7.78,0,2,2.241,0.0,2.0,1,0
F_HET_1,HET,593,46.58,22.85,2,9,1.813,4.294,4.5,0,2
F_HET_1,HET,594,28.77,16.71,0,5,1.492,0.0,5.0,1,2
F_HET_1,HET,595,7.24,6.39,0,3,1.721,0.0,3.0,1,0
F_HET_1,HET,596,33.74,19.27,0,6,2.066,0.0,6.0,1,2
F_HET_1,HET,597,65.41,29.07,1,7,1.657,1.529,7.0,0,2
F_HET_1,HET,598,25.67,23.44,0,3,1.332,0.0,3.0,1,0
F_HET_1,HET,599,10.14,9.53,0,2,1.624,0.0,2.0,1,0
F_HET_1,HET,600,32.08,20.84,2,5,1.24,6.233,2.5,0,1
F_HET_1,HET,601,45.54,31.52,1,5,1.733,2.196,5.0,0,2
F_HET_1,HET,602,20.49,14.18,1,4,1.356,4.88,4.0,0,1
F_HET_1,HET,603,70.79,24.4,4,10,2.318,5.65,2.5,0,3
F_HET_1,HET,604,16.56,12.46,1,4,1.653,6.039,4.0,0,1
F_HET_1,HET,605,25.46,16.2,0,4,1.614,0.0,4.0,1,2
F_HET_1,HET,606,26.7,21.53,0,4,1.366,0.0,4.0,1,2
F_HET_1,HET,607,6.21,4.89,0,3,1.619,0.0,3.0,1,0
F_HET_1,HET,608,28.15,14.93,2,6,1.757,7.104,3.0,0,1
F_HET_1,HET,609,17.39,15.05,0,3,1.578,0.0,3.0,1,0
F_HET_1,HET,610,11.18,8.28,1,3,1.332,8.946,3.0,0,1
F_HET_1,HET,611,15.94,12.92,1,3,1.9,6.274,3.0,0,1
F_HET_1,HET,612,10.56,8.92,0,2,1.673,0.0,2.0,1,0
F_HET_1,HET,613,13.04,8.99,0,4,1.936,0.0,4.0,1,0
F_HET_1,HET,614,18.42,17.22,1,3,1.454,5.428,3.0,0,1
F_HET_1,HET,615,8.07,7.88,0,2,1.707,0.0,2.0,1,0
F_HET_1,HET,616,30.22,17.81,0,4,1.426,0.0,4.0,1,2
F_HET_1,HET,617,7.04,6.15,1,3,1.524,14.209,3.0,0,1
F_HET_1,HET,618,22.98,18.24,0,5,1.65,0.0,5.0,1,2
F_HET_1,HET,619,45.33,25.46,3,6,1.601,6.618,2.0,0,3
F_HET_1,HET,620,22.56,19.11,1,5,1.626,4.432,5.0,0,2
F_HET_1,HET,621,12.01,9.48,0,2,1.511,0.0,2.0,1,0
F_HET_1,HET,622,15.32,12.02,0,3,1.403,0.0,3.0,1,0
F_HET_1,HET,623,21.32,20.7,0,3,1.718,0.0,3.0,1,0
F_HET_1,HET,624,13.87,12.88,0,2,1.868,0.0,2.0,1,0
F_HET_1,HET,625,15.52,14.0,1,4,1.231,6.441,4.0,0,1
F_HET_1,HET,626,26.08,18.16,0,5,1.482,0.0,5.0,1,2
F_HET_1,HET,627,198.51,67.56,9,25,1.735,4.534,2.778,0,3
F_HET_1,HET,628,119.85,38.05,5,19,1.736,4.172,3.8,0,3
F_HET_1,HET,629,79.28,43.34,5,12,1.723,6.307,2.4,0,3
F_HET_1,HET,630,35.6,19.39,5,8,1.571,14.043,1.6,0,1
F_HET_1,HET,631,19.87,13.21,0,4,1.729,0.0,4.0,1,0
F_HET_1,HET,632,18.84,13.67,0,3,1.662,0.0,3.0,1,0
F_HET_1,HET,633,37.88,22.22,3,8,2.149,7.92,2.667,0,3
F_HET_1,HET,634,12.83,10.28,1,3,1.727,7.792,3.0,0,1
F_HET_1,HET,635,17.8,10.97,1,4,1.775,5.617,4.0,0,1
F_HET_1,HET,636,24.84,16.14,2,4,1.387,8.052,2.0,0,1
F_HET_1,HET,637,31.46,13.67,2,5,1.676,6.356,2.5,0,1
F_HET_1,HET,638,14.49,8.94,0,3,1.654,0.0,3.0,1,0
F_HET_1,HET,639,20.49,13.43,0,5,1.752,0.0,5.0,1,2
F_HET_1,HET,640,87.56,40.33,6,17,1.638,6.852,2.833,0,3
F_HET_1,HET,641,22.36,15.23,1,5,1.605,4.473,5.0,0,2
F_HET_1,HET,642,11.59,8.73,0,3,1.733,0.0,3.0,1,0
F_HET_1,HET,643,12.01,9.95,1,3,1.628,8.329,3.0,0,1
F_HET_1,HET,644,16.35,11.31,0,4,1.755,0.0,4.0,1,0
F_HET_1,HET,645,6.21,6.43,0,2,1.337,0.0,2.0,1,0
F_HET_1,HET,646,13.25,12.64,0,3,1.321,0.0,3.0,1,0
F_HET_1,HET,647,12.21,11.46,1,3,1.681,8.188,3.0,0,1
F_HET_1,HET,648,12.83,9.26,1,4,0.976,7.792,4.0,0,1
F_HET_1,HET,649,14.7,11.22,1,3,1.797,6.804,3.0,0,1
F_HET_1,HET,650,12.42,8.28,1,4,1.736,8.052,4.0,0,1
F_HET_1,HET,651,30.22,21.93,1,4,1.435,3.309,4.0,0,2
F_HET_1,HET,652,17.8,11.89,0,3,1.518,0.0,3.0,1,0
F_HET_1,HET,653,8.9,7.6,0,2,1.429,0.0,2.0,1,0
F_HET_1,HET,654,10.35,11.12,0,2,1.719,0.0,2.0,1,0
F_HET_1,HET,655,11.8,7.92,1,5,2.033,8.475,5.0,0,1
F_HET_1,HET,656,12.83,9.65,1,4,2.682,7.792,4.0,0,1
F_HET_1,HET,657,20.08,16.89,2,3,1.497,9.961,1.5,0,1
F_HET_1,HET,658,16.35,13.65,0,4,1.562,0.0,4.0,1,0
F_HET_1,HET,659,15.11,13.15,0,4,2.253,0.0,4.0,1,0
F_HET_1,HET,660,18.01,13.92,0,4,1.627,0.0,4.0,1,0
F_HET_1,HET,661,21.94,15.54,1,3,1.474,4.557,3.0,0,1
F_HET_1,HET,662,15.94,10.06,1,4,1.746,6.274,4.0,0,1
F_HET_1,HET,663,28.15,15.92,0,5,1.752,0.0,5.0,1,2
F_HET_1,HET,664,27.12,19.47,1,5,1.383,3.688,5.0,0,2
F_HET_1,HET,665,20.08,11.51,2,5,1.358,9.961,2.5,0,1
F_HET_1,HET,666,20.08,15.51,0,3,1.579,0.0,3.0,1,0
F_HET_1,HET,667,6.42,5.46,1,3,1.243,15.584,3.0,0,1
F_HET_1,HET,668,27.12,16.44,0,5,1.4,0.0,5.0,1,2
F_HET_1,HET,669,439.25,109.64,19,58,2.177,4.326,3.053,0,3
F_HET_1,HET,670,22.36,13.48,0,5,1.773,0.0,5.0,1,2
F_HET_1,HET,671,58.79,31.24,2,11,1.539,3.402,5.5,0,2
F_HET_1,HET,672,33.12,21.21,2,6,1.492,6.039,3.0,0,1
F_HET_1,HET,673,19.66,15.38,1,3,1.968,5.085,3.0,0,1
F_HET_1,HET,674,10.76,9.57,1,3,1.659,9.29,3.0,0,1
F_HET_1,HET,675,39.95,18.88,1,7,1.616,2.503,7.0,0,2
F_HET_1,HET,676,10.56,9.19,0,3,2.397,0.0,3.0,1,0
F_HET_1,HET,677,9.32,8.67,1,3,1.8,10.735,3.0,0,1
F_HET_1,HET,678,16.77,11.74,1,5,1.715,5.964,5.0,0,1
F_HET_1,HET,679,7.45,7.41,0,2,1.314,0.0,2.0,1,0
F_HET_1,HET,680,16.56,12.18,0,3,1.512,0.0,3.0,1,0
F_HET_1,HET,681,16.35,14.42,0,2,1.554,0.0,2.0,1,0
F_HET_1,HET,682,20.7,15.53,0,3,1.585,0.0,3.0,1,0
F_HET_1,HET,683,28.98,19.43,0,6,1.361,0.0,6.0,1,2
F_HET_1,HET,684,8.69,6.34,0,3,1.787,0.0,3.0,1,0
F_HET_1,HET,685,51.34,22.01,2,7,2.046,3.896,3.5,0,3
F_HET_1,HET,686,171.19,64.16,8,24,1.573,4.673,3.0,0,3
F_HET_1,HET,687,11.59,11.8,0,2,2.517,0.0,2.0,1,0
F_HET_1,HET,688,64.79,29.81,4,10,1.937,6.174,2.5,0,3
F_HET_1,HET,689,33.33,20.41,1,7,1.566,3.001,7.0,0,2
F_HET_1,HET,690,12.83,13.05,0,2,1.287,0.0,2.0,1,0
F_HET_1,HET,691,68.52,27.68,1,12,1.489,1.459,12.0,0,2
F_HET_1,HET,692,21.53,15.21,0,6,1.797,0.0,6.0,1,2
F_HET_1,HET,693,55.48,32.15,1,7,1.684,1.803,7.0,0,2
F_HET_1,HET,694,19.87,17.74,1,4,1.748,5.032,4.0,0,1
F_HET_1,HET,695,14.49,13.78,0,4,2.008,0.0,4.0,1,0
F_HET_1,HET,696,18.42,15.62,0,2,1.339,0.0,2.0,1,0
F_HET_1,HET,697,22.36,16.11,1,5,1.757,4.473,5.0,0,2
F_HET_1,HET,698,14.28,12.07,0,3,1.534,0.0,3.0,1,0
F_HET_1,HET,699,12.63,9.82,0,3,1.044,0.0,3.0,1,0
F_HET_1,HET,700,21.11,17.29,1,5,1.715,4.736,5.0,0,2
F_HET_1,HET,701,31.88,18.82,2,6,1.568,6.274,3.0,0,1
F_HET_1,HET,702,10.35,8.15,0,2,2.262,0.0,2.0,1,0
F_HET_1,HET,703,12.83,9.09,1,3,1.804,7.792,3.0,0,1
F_HET_1,HET,704,28.36,18.85,1,4,1.393,3.526,4.0,0,2
F_HET_1,HET,705,27.12,19.04,1,4,1.511,3.688,4.0,0,2
F_HET_1,HET,706,24.43,17.42,1,5,1.726,4.094,5.0,0,2
F_HET_1,HET,707,7.04,6.21,1,3,1.167,14.209,3.0,0,1
F_HET_1,HET,708,87.56,34.55,4,11,1.736,4.568,2.75,0,3
F_HET_1,HET,709,62.31,30.05,2,8,1.808,3.21,4.0,0,3
F_HET_1,HET,710,80.73,33.92,6,15,1.783,7.432,2.5,0,3
F_HET_1,HET,711,24.22,15.96,1,5,1.562,4.129,5.0,0,2
F_HET_1,HET,712,37.88,24.55,1,7,1.489,2.64,7.0,0,2
F_HET_1,HET,713,17.39,14.46,1,3,1.422,5.751,3.0,0,1
F_HET_1,HET,714,17.8,14.62,0,4,1.834,0.0,4.0,1,0
F_HET_1,HET,715,16.35,11.28,1,4,1.62,6.115,4.0,0,1
F_HET_1,HET,716,18.63,12.88,1,4,1.638,5.368,4.0,0,1
F_HET_1,HET,717,20.29,12.06,1,5,1.539,4.93,5.0,0,1
F_HET_1,HET,718,22.15,15.27,1,5,1.631,4.515,5.0,0,2
F_HET_1,HET,719,6.83,6.83,0,2,1.258,0.0,2.0,1,0
F_HET_1,HET,720,13.66,8.83,1,4,1.61,7.32,4.0,0,1
F_HET_1,HET,721,23.39,13.77,1,6,2.045,4.275,6.0,0,2
F_HET_1,HET,722,17.39,12.68,0,4,1.854,0.0,4.0,1,0
F_HET_1,HET,723,40.16,25.04,1,7,1.793,2.49,7.0,0,2
F_HET_1,HET,724,7.87,6.77,0,3,1.919,0.0,3.0,1,0
F_HET_1,HET,725,16.35,15.32,0,3,1.549,0.0,3.0,1,0
F_HET_1,HET,726,22.36,14.03,0,4,1.846,0.0,4.0,1,0
F_HET_1,HET,727,48.64,23.13,3,9,1.503,6.167,3.0,0,3
F_HET_1,HET,728,28.98,21.13,0,5,1.773,0.0,5.0,1,2
F_HET_1,HET,729,46.58,25.57,4,9,1.462,8.588,2.25,0,3
F_HET_1,HET,730,24.22,14.87,2,7,1.797,8.258,3.5,0,1
F_HET_1,HET,731,30.43,14.05,5,6,1.597,16.432,1.2,0,1
F_HET_1,HET,732,16.35,15.86,0,2,1.86,0.0,2.0,1,0
F_HET_1,HET,733,13.46,9.96,1,3,2.109,7.432,3.0,0,1
F_HET_1,HET,734,12.21,9.52,0,3,1.703,0.0,3.0,1,0
F_HET_1,HET,735,8.07,6.67,0,2,0.944,0.0,2.0,1,0
F_HET_1,HET,736,20.91,13.79,1,4,1.773,4.783,4.0,0,1
F_HET_1,HET,737,40.57,24.67,2,6,1.598,4.93,3.0,0,3
F_HET_1,HET,738,12.42,9.17,0,2,2.05,0.0,2.0,1,0
F_HET_1,HET,739,18.63,13.55,1,4,1.503,5.368,4.0,0,1
F_HET_1,HET,740,11.8,8.21,1,5,1.803,8.475,5.0,0,1
F_HET_1,HET,741,17.8,13.68,0,4,1.394,0.0,4.0,1,0
F_HET_1,HET,742,9.94,7.66,0,3,2.227,0.0,3.0,1,0
F_HET_1,HET,743,7.87,7.18,0,3,2.232,0.0,3.0,1,0
F_HET_1,HET,744,16.15,12.22,1,4,1.589,6.193,4.0,0,1
F_HET_1,HET,745,33.12,17.81,0,6,1.356,0.0,6.0,1,2
F_HET_1,HET,746,21.11,12.89,0,5,1.544,0.0,5.0,1,2
F_HET_1,HET,747,29.81,20.5,2,6,1.652,6.71,3.0,0,1
F_HET_1,HET,748,47.61,24.83,5,9,1.76,10.502,1.8,0,3
F_HET_1,HET,749,47.4,25.35,2,6,1.795,4.219,3.0,0,3
F_HET_1,HET,750,10.97,9.17,0,3,2.55,0.0,3.0,1,0
F_HET_1,HET,751,12.21,8.15,0,2,1.571,0.0,2.0,1,0
F_HET_1,HET,752,57.75,21.79,3,11,1.703,5.195,3.667,0,3
F_HET_1,HET,753,15.73,11.59,1,4,1.814,6.356,4.0,0,1
F_HET_1,HET,754,47.61,22.74,2,6,1.64,4.201,3.0,0,3
F_HET_1,HET,755,83.42,35.36,5,10,2.062,5.994,2.0,0,3
F_HET_1,HET,756,20.29,15.29,1,4,1.625,4.93,4.0,0,1
F_HET_1,HET,757,21.53,15.2,1,5,1.502,4.645,5.0,0,2
F_HET_1,HET,758,16.15,13.49,0,4,1.458,0.0,4.0,1,0
F_HET_1,HET,759,13.04,11.81,1,3,1.503,7.668,3.0,0,1
F_HET_1,HET,760,10.97,10.15,0,2,1.179,0.0,2.0,1,0
F_HET_1,HET,761,15.94,14.2,0,2,1.772,0.0,2.0,1,0
F_HET_1,HET,762,26.5,19.38,3,6,1.671,11.322,2.0,0,1
F_HET_1,HET,763,27.12,16.83,0,6,1.689,0.0,6.0,1,2
F_HET_1,HET,764,37.47,18.91,2,7,1.65,5.338,3.5,0,1
F_HET_1,HET,765,49.06,30.15,3,8,1.653,6.115,2.667,0,3
F_HET_1,HET,766,35.4,22.16,4,7,1.685,11.3,1.75,0,1
F_HET_1,HET,767,21.53,15.21,1,3,1.563,4.645,3.0,0,1
F_HET_1,HET,768,18.22,12.23,1,5,1.747,5.49,5.0,0,1
F_HET_1,HET,769,18.01,15.92,0,3,1.588,0.0,3.0,1,0
F_HET_1,HET,770,16.56,13.38,0,3,1.782,0.0,3.0,1,0
F_HET_1,HET,771,71.0,37.46,2,5,1.431,2.817,2.5,0,3
F_HET_1,HET,772,28.57,13.74,3,5,1.591,10.502,1.667,0,1
F_HET_1,HET,773,10.14,7.77,1,2,0.85,9.859,2.0,0,1
F_HET_1,HET,774,53.2,28.61,1,8,1.753,1.88,8.0,0,2
F_HET_1,HET,775,24.84,17.59,1,4,1.55,4.026,4.0,0,1
F_HET_1,HET,776,17.6,11.32,1,5,1.677,5.683,5.0,0,1
F_HET_1,HET,777,16.56,14.36,1,4,1.623,6.039,4.0,0,1
F_HET_1,HET,778,17.39,11.57,0,5,1.604,0.0,5.0,1,2
F_HET_1,HET,779,15.52,11.15,0,3,1.401,0.0,3.0,1,0
F_HET_1,HET,780,20.7,16.56,0,5,1.843,0.0,5.0,1,2
F_HET_1,HET,781,16.35,13.89,0,3,1.431,0.0,3.0,1,0
F_HET_1,HET,782,11.59,8.24,0,4,1.979,0.0,4.0,1,0
F_HET_1,HET,783,14.7,9.82,1,4,1.828,6.804,4.0,0,1
F_HET_1,HET,784,10.14,8.1,0,3,1.239,0.0,3.0,1,0
F_HET_1,HET,785,68.1,27.03,2,8,1.669,2.937,4.0,0,3
F_HET_1,HET,786,20.08,13.09,1,4,1.739,4.98,4.0,0,1
F_HET_1,HET,787,40.36,19.59,1,7,1.701,2.477,7.0,0,2
F_HET_1,HET,788,16.56,11.64,0,4,1.829,0.0,4.0,1,0
F_HET_1,HET,789,19.04,10.99,1,4,1.994,5.251,4.0,0,1
F_HET_1,HET,790,168.08,48.52,6,20,2.169,3.57,3.333,0,3
F_HET_1,HET,791,40.36,29.18,2,6,1.608,4.955,3.0,0,3
F_HET_1,HET,792,42.85,24.36,2,8,1.779,4.668,4.0,0,2
F_HET_1,HET,793,39.95,24.55,2,5,1.358,5.006,2.5,0,1
F_HET_1,HET,794,18.63,10.48,2,4,2.023,10.735,2.0,0,1
F_HET_1,HET,795,50.51,30.95,3,6,1.62,5.94,2.0,0,3
F_HET_1,HET,796,76.59,41.28,4,10,1.623,5.223,2.5,0,3
F_HET_1,HET,797,12.42,10.81,0,3,2.43,0.0,3.0,1,0
F_HET_1,HET,798,11.18,9.25,1,3,2.159,8.946,3.0,0,1
F_HET_1,HET,799,11.18,10.55,0,3,1.787,0.0,3.0,1,0
F_HET_1,HET,800,8.28,7.03,0,3,1.542,0.0,3.0,1,0
F_HET_1,HET,801,7.24,6.67,0,3,1.927,0.0,3.0,1,0
F_HET_1,HET,802,24.84,17.6,1,5,1.533,4.026,5.0,0,2
F_HET_1,HET,803,17.39,12.41,1,5,1.57,5.751,5.0,0,1
F_HET_1,HET,804,19.87,13.13,2,5,2.013,10.064,2.5,0,1
F_HET_1,HET,805,15.73,13.04,0,3,1.589,0.0,3.0,1,0
F_HET_1,HET,806,34.57,27.73,2,7,1.567,5.786,3.5,0,1
F_HET_1,HET,807,27.12,16.19,0,3,1.568,0.0,3.0,1,0
F_HET_1,HET,808,53.82,26.93,5,8,1.709,9.29,1.6,0,3
F_HET_1,HET,809,16.56,9.63,0,4,1.963,0.0,4.0,1,0
F_HET_1,HET,810,15.32,10.42,1,4,1.696,6.528,4.0,0,1
F_HET_1,HET,811,40.36,18.59,1,7,1.766,2.477,7.0,0,2
F_HET_1,HET,812,16.97,12.46,3,5,1.844,17.674,1.667,0,1
F_HET_1,HET,813,20.7,14.93,1,5,1.636,4.831,5.0,0,2
F_HET_1,HET,814,9.73,8.33,1,3,1.842,10.279,3.0,0,1
F_HET_1,HET,815,33.12,21.11,0,5,2.081,0.0,5.0,1,2
F_HET_1,HET,816,16.35,8.78,3,4,1.585,18.345,1.333,0,1
F_HET_1,HET,817,11.38,9.13,0,3,2.003,0.0,3.0,1,0
F_HET_1,HET,818,544.0,146.57,26,70,1.893,4.779,2.692,0,3
F_HET_1,HET,819,53.82,27.74,1,8,1.849,1.858,8.0,0,2
F_HET_1,HET,820,274.69,59.28,14,27,2.205,5.097,1.929,0,3
F_HET_1,HET,821,68.93,27.49,5,13,2.217,7.254,2.6,0,3
F_HET_1,HET,822,17.8,12.02,1,5,1.629,5.617,5.0,0,1
F_HET_1,HET,823,99.57,38.81,4,13,1.509,4.017,3.25,0,3
F_HET_1,HET,824,16.15,12.06,0,4,1.49,0.0,4.0,1,0
F_HET_1,HET,825,7.87,6.72,0,2,1.603,0.0,2.0,1,0
F_HET_1,HET,826,10.35,8.15,0,3,2.122,0.0,3.0,1,0
F_HET_1,HET,827,21.94,15.33,0,5,1.554,0.0,5.0,1,2
F_HET_1,HET,828,24.22,15.67,0,4,1.238,0.0,4.0,1,0
F_HET_1,HET,829,15.52,11.59,0,3,1.426,0.0,3.0,1,0
F_HET_1,HET,830,147.38,43.36,6,18,1.87,4.071,3.0,0,3
F_HET_1,HET,831,24.01,15.98,1,6,1.538,4.165,6.0,0,2
F_HET_1,HET,832,22.77,14.91,1,4,1.451,4.392,4.0,0,1
F_HET_1,HET,833,10.76,8.52,0,4,1.75,0.0,4.0,1,0
F_HET_1,HET,834,15.11,11.48,1,3,2.023,6.618,3.0,0,1
F_HET_1,HET,835,9.94,9.59,0,2,1.655,0.0,2.0,1,0
F_HET_1,HET,836,72.66,36.95,4,11,1.529,5.505,2.75,0,3
F_HET_1,HET,837,7.45,6.02,0,3,1.911,0.0,3.0,1,0
F_HET_1,HET,838,18.22,11.56,2,4,2.031,10.979,2.0,0,1
F_HET_1,HET,839,142.83,42.45,10,20,1.827,7.001,2.0,0,3
F_HET_1,HET,840,30.01,18.32,1,6,1.542,3.332,6.0,0,2
F_HET_1,HET,841,15.94,11.14,1,5,2.156,6.274,5.0,0,1
F_HET_1,HET,842,16.15,13.72,0,3,1.645,0.0,3.0,1,0
F_HET_1,HET,843,114.06,36.22,3,15,1.52,2.63,5.0,0,3
F_HET_1,HET,844,36.43,22.91,1,6,2.281,2.745,6.0,0,2
F_HET_1,HET,845,16.77,11.38,1,4,2.034,5.964,4.0,0,1
F_HET_1,HET,846,22.15,15.29,0,4,1.568,0.0,4.0,1,0
F_HET_1,HET,847,15.73,12.01,0,4,1.856,0.0,4.0,1,0
F_HET_1,HET,848,20.08,11.71,0,4,1.721,0.0,4.0,1,0
F_HET_1,HET,849,15.11,10.11,0,4,2.225,0.0,4.0,1,0
F_HET_1,HET,850,14.08,13.0,0,3,1.928,0.0,3.0,1,0
F_HET_1,HET,851,27.74,13.87,2,7,1.781,7.21,3.5,0,1
F_HET_1,HET,852,103.71,44.1,3,15,1.557,2.893,5.0,0,3
F_HET_1,HET,853,21.74,13.38,1,5,1.879,4.601,5.0,0,2
F_HET_1,HET,854,11.18,7.42,0,5,1.995,0.0,5.0,1,0
F_HET_1,HET,855,22.98,16.2,2,5,1.553,8.704,2.5,0,1
F_HET_1,HET,856,82.39,40.38,2,14,1.818,2.428,7.0,0,2
F_HET_1,HET,857,9.52,7.79,1,3,2.21,10.502,3.0,0,1
F_HET_1,HET,858,21.94,14.29,1,5,1.512,4.557,5.0,0,2
F_HET_1,HET,859,31.26,15.69,1,3,1.471,3.199,3.0,0,1
F_HET_1,HET,860,18.84,12.88,0,4,1.555,0.0,4.0,1,0
F_HET_1,HET,861,11.18,8.8,1,4,2.094,8.946,4.0,0,1
F_HET_1,HET,862,14.28,11.77,0,3,1.505,0.0,3.0,1,0
F_HET_1,HET,863,17.18,11.43,0,4,1.867,0.0,4.0,1,0
F_HET_1,HET,864,18.63,13.58,1,3,1.545,5.368,3.0,0,1
F_HET_1,HET,865,11.38,8.49,1,3,1.794,8.783,3.0,0,1
F_HET_1,HET,866,55.48,33.99,0,6,1.643,0.0,6.0,1,2
F_HET_1,HET,867,8.69,6.79,0,3,1.171,0.0,3.0,1,0
F_HET_1,HET,868,42.23,20.74,2,6,1.719,4.736,3.0,0,1
F_HET_1,HET,869,21.74,17.31,0,3,1.521,0.0,3.0,1,0
F_HET_1,HET,870,13.46,11.59,0,3,1.899,0.0,3.0,1,0
F_HET_1,HET,871,30.43,18.76,0,6,1.581,0.0,6.0,1,2
F_HET_1,HET,872,13.66,9.99,1,4,1.771,7.32,4.0,0,1
F_HET_1,HET,873,48.64,23.1,0,7,2.012,0.0,7.0,1,2
F_HET_1,HET,874,19.25,14.63,0,3,1.583,0.0,3.0,1,0
F_HET_1,HET,875,12.42,9.53,0,3,2.043,0.0,3.0,1,0
F_HET_1,HET,876,202.45,69.22,12,26,1.734,5.928,2.167,0,3
F_HET_1,HET,877,18.22,13.43,1,3,1.748,5.49,3.0,0,1
F_HET_1,HET,878,23.6,14.84,0,4,1.398,0.0,4.0,1,0
F_HET_1,HET,879,109.5,46.37,3,14,1.598,2.74,4.667,0,3
F_HET_1,HET,880,10.14,9.95,0,2,1.823,0.0,2.0,1,0
F_HET_1,HET,881,38.09,26.29,0,5,1.726,0.0,5.0,1,2
F_HET_1,HET,882,63.14,37.76,1,6,1.378,1.584,6.0,0,2
F_HET_1,HET,883,17.8,16.78,1,4,1.659,5.617,4.0,0,1
F_HET_1,HET,884,24.22,17.29,2,4,1.68,8.258,2.0,0,1
F_HET_1,HET,885,23.18,18.81,1,3,1.618,4.313,3.0,0,1
F_HET_1,HET,886,10.14,8.49,0,3,2.244,0.0,3.0,1,0
F_HET_1,HET,887,44.3,22.37,3,5,1.674,6.772,1.667,0,3
F_HET_1,HET,888,26.7,16.67,1,4,1.428,3.745,4.0,0,1
F_HET_1,HET,889,38.5,20.5,4,6,1.534,10.389,1.5,0,1
F_HET_1,HET,890,14.7,11.68,0,4,1.787,0.0,4.0,1,0
F_HET_1,HET,891,17.8,13.43,0,3,1.825,0.0,3.0,1,0
F_HET_1,HET,892,6.83,6.98,0,2,2.069,0.0,2.0,1,0
F_HET_1,HET,893,41.4,26.81,2,6,1.634,4.831,3.0,0,3
F_HET_1,HET,894,129.79,49.11,5,22,1.968,3.852,4.4,0,3
F_HET_1,HET,895,6.42,6.48,0,2,0.997,0.0,2.0,1,0
F_HET_1,HET,896,18.84,12.89,1,4,1.745,5.309,4.0,0,1
F_HET_1,HET,897,65.0,28.59,1,9,2.013,1.539,9.0,0,2
F_HET_1,HET,898,8.69,7.58,1,2,1.86,11.502,2.0,0,1
F_HET_1,HET,899,30.64,21.9,1,6,1.402,3.264,6.0,0,2
F_HET_1,HET,900,36.22,20.46,3,6,1.596,8.282,2.0,0,1
F_HET_1,HET,901,6.62,7.81,0,2,1.177,0.0,2.0,1,0
F_HET_1,HET,902,12.21,7.87,0,3,2.075,0.0,3.0,1,0
F_HET_1,HET,903,19.25,14.64,2,4,1.439,10.389,2.0,0,1
F_HET_1,HET,904,21.53,14.65,0,4,1.749,0.0,4.0,1,0
F_HET_1,HET,905,9.11,7.24,0,3,2.24,0.0,3.0,1,0
F_HET_1,HET,906,17.39,14.53,1,3,1.409,5.751,3.0,0,1
F_HET_1,HET,907,13.25,9.76,0,3,1.97,0.0,3.0,1,0
F_HET_1,HET,908,16.15,13.87,0,2,1.632,0.0,2.0,1,0
F_HET_1,HET,909,15.94,12.16,0,5,1.758,0.0,5.0,1,2
F_HET_1,HET,910,8.49,6.38,1,3,2.208,11.783,3.0,0,1
F_HET_1,HET,911,26.91,18.34,1,6,1.482,3.716,6.0,0,2
F_HET_1,HET,912,20.91,12.29,1,4,1.652,4.783,4.0,0,1
F_HET_1,HET,913,17.18,13.79,2,4,1.883,11.641,2.0,0,1
F_HET_1,HET,914,15.94,11.19,0,4,1.966,0.0,4.0,1,0
F_HET_1,HET,915,39.12,25.39,1,5,1.806,2.556,5.0,0,2
F_HET_1,HET,916,20.29,12.96,1,5,1.777,4.93,5.0,0,2
F_HET_1,HET,917,19.87,15.91,2,5,1.82,10.064,2.5,0,1
F_HET_1,HET,918,20.29,11.16,0,4,1.459,0.0,4.0,1,0
F_HET_1,HET,919,72.45,42.08,2,5,1.336,2.761,2.5,0,3
F_HET_1,HET,920,69.55,28.66,1,8,1.744,1.438,8.0,0,2
F_HET_1,HET,921,9.32,8.06,0,2,1.903,0.0,2.0,1,0
F_HET_1,HET,922,12.63,10.69,1,3,1.504,7.92,3.0,0,1
F_HET_1,HET,923,19.87,17.77,1,3,1.619,5.032,3.0,0,1
F_HET_1,HET,924,9.32,9.27,0,2,1.253,0.0,2.0,1,0
F_HET_1,HET,925,24.01,16.83,0,5,1.586,0.0,5.0,1,2
F_HET_1,HET,926,31.46,22.05,1,7,1.57,3.178,7.0,0,2
F_HET_1,HET,927,17.6,11.94,2,4,1.781,11.367,2.0,0,1
F_HET_1,HET,928,16.35,13.75,0,2,1.594,0.0,2.0,1,0
F_HET_1,HET,929,23.8,19.24,1,4,1.588,4.201,4.0,0,1
F_HET_1,HET,930,20.49,16.44,0,3,1.52,0.0,3.0,1,0
F_HET_1,HET,931,14.9,10.83,1,4,1.973,6.71,4.0,0,1
F_HET_1,HET,932,36.22,21.85,1,6,1.313,2.761,6.0,0,2
F_HET_1,HET,933,18.42,12.72,1,5,1.685,5.428,5.0,0,1
F_HET_1,HET,934,12.01,9.24,0,4,2.007,0.0,4.0,1,0
F_HET_1,HET,935,20.91,17.18,2,4,1.648,9.566,2.0,0,1
F_HET_1,HET,936,22.98,14.42,1,5,1.73,4.352,5.0,0,2
F_HET_1,HET,937,22.98,20.08,0,3,1.529,0.0,3.0,1,0
F_HET_1,HET,938,12.42,10.85,1,3,1.93,8.052,3.0,0,1
F_HET_1,HET,939,21.74,18.6,0,4,1.685,0.0,4.0,1,2
F_HET_1,HET,940,27.12,21.39,0,5,1.731,0.0,5.0,1,2
F_HET_1,HET,941,13.66,11.83,0,2,2.002,0.0,2.0,1,0
F_HET_1,HET,942,14.08,10.74,0,3,1.839,0.0,3.0,1,0
F_HET_1,HET,943,24.84,15.69,2,7,1.435,8.052,3.5,0,1
F_HET_1,HET,944,14.28,10.18,0,4,1.611,0.0,4.0,1,0
F_HET_1,HET,945,6.83,7.0,0,2,1.254,0.0,2.0,1,0
F_HET_1,HET,946,14.08,10.25,0,4,1.919,0.0,4.0,1,0
F_HET_1,HET,947,15.73,10.55,0,3,1.742,0.0,3.0,1,0
F_HET_1,HET,948,23.18,13.76,1,4,1.545,4.313,4.0,0,1
F_HET_1,HET,949,21.53,12.59,2,6,1.546,9.29,3.0,0,1
F_HET_1,HET,950,10.56,11.93,0,2,0.991,0.0,2.0,1,0
F_HET_1,HET,951,19.46,10.73,0,5,1.671,0.0,5.0,1,2
F_HET_1,HET,952,23.8,12.91,0,3,1.429,0.0,3.0,1,0
F_HET_1,HET,953,9.94,8.12,1,3,1.168,10.064,3.0,0,1
F_HET_1,HET,954,6.42,6.31,0,2,2.097,0.0,2.0,1,0
F_HET_1,HET,955,7.24,6.21,0,3,1.309,0.0,3.0,1,0
F_HET_1,HET,956,10.56,7.63,2,4,1.491,18.945,2.0,0,1
F_HET_1,HET,957,6.21,6.78,0,2,1.804,0.0,2.0,1,0
F_HET_1,HET,958,15.32,12.11,0,3,1.401,0.0,3.0,1,0
F_HET_1,HET,959,7.24,6.21,0,3,1.721,0.0,3.0,1,0
F_HET_1,HET,960,7.04,4.43,0,3,1.168,0.0,3.0,1,0
F_HET_1,HET,961,6.42,6.81,0,2,2.106,0.0,2.0,1,0
F_HET_1,HET,962,14.9,13.56,0,3,1.392,0.0,3.0,1,0
F_HET_3,HET,1,540.89,121.07,19,61,2.818,3.513,3.211,0,3
F_HET_3,HET,2,41.61,20.84,2,9,1.484,4.807,4.5,0,2
F_HET_3,HET,3,69.76,25.58,7,8,1.388,10.035,1.143,0,3
F_HET_3,HET,4,11.8,10.23,0,2,1.225,0.0,2.0,1,0
F_HET_3,HET,5,18.22,16.96,0,3,1.409,0.0,3.0,1,0
F_HET_3,HET,6,9.94,8.45,0,3,2.396,0.0,3.0,1,0
F_HET_3,HET,7,503.42,124.38,22,69,2.231,4.37,3.136,0,3
F_HET_3,HET,8,7.66,6.02,0,2,1.288,0.0,2.0,1,0
F_HET_3,HET,9,18.84,11.96,1,3,1.492,5.309,3.0,0,1
F_HET_3,HET,10,27.94,17.01,1,6,1.102,3.578,6.0,0,2
F_HET_3,HET,11,14.9,10.58,1,3,1.603,6.71,3.0,0,1
F_HET_3,HET,12,7.04,5.86,1,3,2.511,14.209,3.0,0,1
F_HET_3,HET,13,8.49,8.15,0,2,1.712,0.0,2.0,1,0
F_HET_3,HET,14,12.01,11.2,0,2,1.324,0.0,2.0,1,0
F_HET_3,HET,15,36.22,25.89,1,4,1.63,2.761,4.0,0,2
F_HET_3,HET,16,53.82,30.3,0,8,1.291,0.0,8.0,1,2
F_HET_3,HET,17,24.63,18.71,0,4,1.413,0.0,4.0,1,2
F_HET_3,HET,18,11.59,9.73,0,2,1.852,0.0,2.0,1,0
F_HET_3,HET,19,63.34,26.93,4,11,1.249,6.315,2.75,0,3
F_HET_3,HET,20,22.77,16.94,0,5,1.875,0.0,5.0,1,2
F_HET_3,HET,21,28.57,16.82,1,6,1.518,3.501,6.0,0,2
F_HET_3,HET,22,19.87,10.42,0,4,1.464,0.0,4.0,1,0
F_HET_3,HET,23,38.29,17.27,3,8,1.535,7.834,2.667,0,1
F_HET_3,HET,24,27.94,17.75,1,5,1.347,3.578,5.0,0,2
F_HET_3,HET,25,19.04,11.68,1,5,1.568,5.251,5.0,0,1
F_HET_3,HET,26,15.52,11.02,1,5,1.47,6.441,5.0,0,1
F_HET_3,HET,27,14.28,11.04,1,4,1.433,7.001,4.0,0,1
F_HET_3,HET,28,16.56,11.42,1,4,1.813,6.039,4.0,0,1
F_HET_3,HET,29,21.74,13.35,1,5,1.47,4.601,5.0,0,2
F_HET_3,HET,30,24.22,14.64,2,6,1.655,8.258,3.0,0,1
F_HET_3,HET,31,27.74,16.13,2,4,1.429,7.21,2.0,0,1
F_HET_3,HET,32,7.66,8.34,0,2,1.078,0.0,2.0,1,0
F_HET_3,HET,33,20.91,12.3,0,4,1.824,0.0,4.0,1,0
F_HET_3,HET,34,35.81,20.55,1,7,1.448,2.792,7.0,0,2
F_HET_3,HET,35,14.7,9.77,1,5,1.626,6.804,5.0,0,1
F_HET_3,HET,36,32.08,18.93,3,5,1.573,9.35,1.667,0,1
F_HET_3,HET,37,16.97,13.92,0,3,1.639,0.0,3.0,1,0
F_HET_3,HET,38,8.49,8.51,0,2,1.633,0.0,2.0,1,0
F_HET_3,HET,39,8.07,7.46,1,3,1.27,12.387,3.0,0,1
F_HET_3,HET,40,19.04,18.43,0,3,1.81,0.0,3.0,1,0
F_HET_3,HET,41,8.49,7.32,1,3,0.804,11.783,3.0,0,1
F_HET_3,HET,42,20.29,14.22,1,6,1.4,4.93,6.0,0,2
F_HET_3,HET,43,20.29,12.3,0,3,1.45,0.0,3.0,1,0
F_HET_3,HET,44,74.52,34.38,4,11,2.223,5.368,2.75,0,3
F_HET_3,HET,45,39.95,22.42,1,5,1.447,2.503,5.0,0,2
F_HET_3,HET,46,33.74,20.49,2,6,1.296,5.928,3.0,0,1
F_HET_3,HET,47,9.11,7.7,1,3,2.115,10.979,3.0,0,1
F_HET_3,HET,48,19.25,16.22,1,4,1.519,5.195,4.0,0,1
F_HET_3,HET,49,18.42,13.96,0,3,1.514,0.0,3.0,1,0
F_HET_3,HET,50,12.01,11.13,0,3,1.611,0.0,3.0,1,0
F_HET_3,HET,51,17.18,13.19,2,4,1.677,11.641,2.0,0,1
F_HET_3,HET,52,211.35,92.43,7,25,1.347,3.312,3.571,0,3
F_HET_3,HET,53,7.87,6.09,1,3,2.192,12.713,3.0,0,1
F_HET_3,HET,54,20.29,15.49,0,4,1.517,0.0,4.0,1,0
F_HET_3,HET,55,16.15,13.76,0,3,1.504,0.0,3.0,1,0
F_HET_3,HET,56,14.28,12.74,1,3,1.839,7.001,3.0,0,1
F_HET_3,HET,57,10.35,9.13,0,3,1.611,0.0,3.0,1,0
F_HET_3,HET,58,21.74,13.46,1,6,2.556,4.601,6.0,0,2
F_HET_3,HET,59,26.5,17.27,0,3,1.213,0.0,3.0,1,0
F_HET_3,HET,60,26.29,19.46,0,4,1.327,0.0,4.0,1,2
F_HET_3,HET,61,9.73,7.18,1,4,1.691,10.279,4.0,0,1
F_HET_3,HET,62,14.7,14.81,0,2,1.61,0.0,2.0,1,0
F_HET_3,HET,63,103.09,45.27,2,11,1.308,1.94,5.5,0,3
F_HET_3,HET,64,10.14,7.7,0,3,2.064,0.0,3.0,1,0
F_HET_3,HET,65,13.46,13.72,0,2,1.319,0.0,2.0,1,0
F_HET_3,HET,66,14.28,8.74,1,4,1.451,7.001,4.0,0,1
F_HET_3,HET,67,8.07,6.58,1,3,1.068,12.387,3.0,0,1
F_HET_3,HET,68,12.42,10.85,0,2,1.421,0.0,2.0,1,0
F_HET_3,HET,69,214.45,70.84,7,32,1.654,3.264,4.571,0,3
F_HET_3,HET,70,15.32,11.29,0,2,1.4,0.0,2.0,1,0
F_HET_3,HET,71,19.66,13.81,0,4,1.624,0.0,4.0,1,0
F_HET_3,HET,72,20.49,14.54,1,4,1.471,4.88,4.0,0,1
F_HET_3,HET,73,39.12,22.4,3,8,1.447,7.668,2.667,0,1
F_HET_3,HET,74,18.01,12.71,0,4,1.677,0.0,4.0,1,0
F_HET_3,HET,75,12.83,10.06,1,3,1.521,7.792,3.0,0,1
F_HET_3,HET,76,23.8,13.67,1,4,2.099,4.201,4.0,0,1
F_HET_3,HET,77,24.84,17.88,0,4,1.602,0.0,4.0,1,2
F_HET_3,HET,78,20.29,16.65,0,4,1.453,0.0,4.0,1,0
F_HET_3,HET,79,10.35,7.9,0,4,1.837,0.0,4.0,1,0
F_HET_3,HET,80,31.26,15.59,3,9,1.493,9.598,3.0,0,1
F_HET_3,HET,81,91.91,36.89,3,11,1.096,3.264,3.667,0,3
F_HET_3,HET,82,13.04,10.44,0,3,1.512,0.0,3.0,1,0
F_HET_3,HET,83,11.38,7.77,0,3,1.843,0.0,3.0,1,0
F_HET_3,HET,84,49.06,30.68,3,6,1.39,6.115,2.0,0,3
F_HET_3,HET,85,8.69,8.2,0,2,1.48,0.0,2.0,1,0
F_HET_3,HET,86,98.12,43.97,6,11,1.196,6.115,1.833,0,3
F_HET_3,HET,87,18.63,11.79,1,4,1.572,5.368,4.0,0,1
F_HET_3,HET,88,16.56,12.71,0,3,1.841,0.0,3.0,1,0
F_HET_3,HET,89,77.0,35.02,4,14,1.409,5.195,3.5,0,3
F_HET_3,HET,90,54.23,25.56,1,6,1.447,1.844,6.0,0,2
F_HET_3,HET,91,16.97,10.86,1,5,2.052,5.891,5.0,0,1
F_HET_3,HET,92,24.63,16.08,2,5,1.549,8.119,2.5,0,1
F_HET_3,HET,93,62.72,31.87,2,9,1.274,3.189,4.5,0,2
F_HET_3,HET,94,21.11,14.66,0,4,1.682,0.0,4.0,1,0
F_HET_3,HET,95,27.32,19.03,0,4,1.289,0.0,4.0,1,2
F_HET_3,HET,96,9.32,7.76,1,3,1.51,10.735,3.0,0,1
F_HET_3,HET,97,8.07,8.89,0,2,1.354,0.0,2.0,1,0
F_HET_3,HET,98,14.08,9.54,0,4,1.747,0.0,4.0,1,0
F_HET_3,HET,99,51.54,27.32,2,7,1.526,3.88,3.5,0,3
F_HET_3,HET,100,50.72,26.24,1,6,1.363,1.972,6.0,0,2
F_HET_3,HET,101,8.49,7.2,1,3,1.52,11.783,3.0,0,1
F_HET_3,HET,102,20.29,16.29,1,3,1.336,4.93,3.0,0,1
F_HET_3,HET,103,96.46,38.6,5,17,1.553,5.183,3.4,0,3
F_HET_3,HET,104,13.87,10.76,1,4,1.58,7.21,4.0,0,1
F_HET_3,HET,105,8.69,7.53,1,3,1.179,11.502,3.0,0,1
F_HET_3,HET,106,44.5,22.48,1,7,1.771,2.247,7.0,0,2
F_HET_3,HET,107,539.24,82.15,31,51,2.432,5.749,1.645,0,3
F_HET_3,HET,108,29.6,20.52,0,3,1.234,0.0,3.0,1,0
F_HET_3,HET,109,23.18,15.28,1,5,1.602,4.313,5.0,0,2
F_HET_3,HET,110,43.06,19.49,3,10,1.795,6.968,3.333,0,1
F_HET_3,HET,111,10.97,7.83,0,4,1.821,0.0,4.0,1,0
F_HET_3,HET,112,36.85,24.09,2,6,1.914,5.428,3.0,0,3
F_HET_3,HET,113,17.6,11.89,1,4,1.76,5.683,4.0,0,1
F_HET_3,HET,114,19.46,13.35,1,4,1.393,5.139,4.0,0,1
F_HET_3,HET,115,48.44,23.48,4,10,1.601,8.258,2.5,0,3
F_HET_3,HET,116,66.03,29.25,3,11,1.466,4.543,3.667,0,3
F_HET_3,HET,117,13.04,11.12,1,3,1.619,7.668,3.0,0,1
F_HET_3,HET,118,36.22,19.2,3,6,1.417,8.282,2.0,0,1
F_HET_3,HET,119,8.9,7.08,0,3,1.678,0.0,3.0,1,0
F_HET_3,HET,120,19.04,13.25,0,3,1.281,0.0,3.0,1,0
F_HET_3,HET,121,20.49,16.82,0,2,1.358,0.0,2.0,1,0
F_HET_3,HET,122,33.74,22.04,1,6,1.667,2.964,6.0,0,2
F_HET_3,HET,123,19.46,14.66,1,5,2.243,5.139,5.0,0,2
F_HET_3,HET,124,16.97,15.39,0,3,1.445,0.0,3.0,1,0
F_HET_3,HET,125,11.8,7.93,1,4,1.542,8.475,4.0,0,1
F_HET_3,HET,126,14.9,11.32,0,4,1.546,0.0,4.0,1,0
F_HET_3,HET,127,10.97,11.67,0,1,1.646,0.0,1.0,1,0
F_HET_3,HET,128,22.77,22.53,0,3,1.295,0.0,3.0,1,0
F_HET_3,HET,129,9.52,8.16,0,3,1.594,0.0,3.0,1,0
F_HET_3,HET,130,20.29,14.96,1,4,1.201,4.93,4.0,0,1
F_HET_3,HET,131,17.6,13.81,0,3,1.338,0.0,3.0,1,0
F_HET_3,HET,132,11.38,11.7,0,2,1.367,0.0,2.0,1,0
F_HET_3,HET,133,79.49,38.47,3,11,1.461,3.774,3.667,0,3
F_HET_3,HET,134,24.63,22.13,1,3,1.258,4.06,3.0,0,1
F_HET_3,HET,135,22.98,14.64,1,5,1.694,4.352,5.0,0,2
F_HET_3,HET,136,17.6,13.53,1,3,1.702,5.683,3.0,0,1
F_HET_3,HET,137,13.66,12.03,0,3,1.62,0.0,3.0,1,0
F_HET_3,HET,138,22.98,14.3,2,6,2.144,8.704,3.0,0,1
F_HET_3,HET,139,8.49,8.12,0,2,1.405,0.0,2.0,1,0
F_HET_3,HET,140,118.2,43.48,3,19,1.748,2.538,6.333,0,3
F_HET_3,HET,141,7.66,6.21,0,2,1.891,0.0,2.0,1,0
F_HET_3,HET,142,14.49,13.62,1,3,1.503,6.901,3.0,0,1
F_HET_3,HET,143,33.12,23.57,2,5,1.805,6.039,2.5,0,1
F_HET_3,HET,144,10.97,11.04,0,2,2.19,0.0,2.0,1,0
F_HET_3,HET,145,79.28,36.65,5,12,1.281,6.307,2.4,0,3
F_HET_3,HET,146,10.97,10.87,0,3,1.498,0.0,3.0,1,0
F_HET_3,HET,147,41.19,22.56,4,9,1.558,9.71,2.25,0,1
F_HET_3,HET,148,34.36,26.31,2,4,1.422,5.82,2.0,0,1
F_HET_3,HET,149,17.39,12.8,1,3,1.513,5.751,3.0,0,1
F_HET_3,HET,150,18.63,14.3,0,5,2.096,0.0,5.0,1,2
F_HET_3,HET,151,19.46,14.08,1,5,1.501,5.139,5.0,0,2
F_HET_3,HET,152,15.52,11.56,1,3,1.623,6.441,3.0,0,1
F_HET_3,HET,153,27.53,19.4,2,5,1.77,7.265,2.5,0,1
F_HET_3,HET,154,15.11,13.68,0,3,1.31,0.0,3.0,1,0
F_HET_3,HET,155,15.94,13.26,0,3,1.369,0.0,3.0,1,0
F_HET_3,HET,156,10.76,7.14,1,4,1.798,9.29,4.0,0,1
F_HET_3,HET,157,7.04,5.84,0,2,1.159,0.0,2.0,1,0
F_HET_3,HET,158,40.57,28.49,1,6,1.328,2.465,6.0,0,2
F_HET_3,HET,159,11.8,7.5,0,5,0.915,0.0,5.0,1,0
F_HET_3,HET,160,90.67,40.64,4,14,1.748,4.412,3.5,0,3
F_HET_3,HET,161,16.97,11.74,1,3,1.676,5.891,3.0,0,1
F_HET_3,HET,162,7.87,7.03,0,3,1.583,0.0,3.0,1,0
F_HET_3,HET,163,16.77,12.17,1,3,1.749,5.964,3.0,0,1
F_HET_3,HET,164,19.66,16.77,1,3,1.416,5.085,3.0,0,1
F_HET_3,HET,165,7.24,7.87,0,2,1.48,0.0,2.0,1,0
F_HET_3,HET,166,47.82,28.0,3,7,1.292,6.274,2.333,0,3
F_HET_3,HET,167,37.05,20.93,3,8,1.468,8.097,2.667,0,1
F_HET_3,HET,168,9.73,9.99,0,2,1.563,0.0,2.0,1,0
F_HET_3,HET,169,24.63,18.93,1,3,1.324,4.06,3.0,0,1
F_HET_3,HET,170,8.9,7.17,0,3,1.847,0.0,3.0,1,0
F_HET_3,HET,171,10.14,9.83,1,3,1.688,9.859,3.0,0,1
F_HET_3,HET,172,112.82,37.52,9,15,1.896,7.978,1.667,0,3
F_HET_3,HET,173,6.83,6.94,0,2,1.602,0.0,2.0,1,0
F_HET_3,HET,174,22.36,14.71,2,5,2.067,8.946,2.5,0,1
F_HET_3,HET,175,26.29,23.86,0,2,1.138,0.0,2.0,1,0
F_HET_3,HET,176,7.45,6.12,0,2,1.601,0.0,2.0,1,0
F_HET_3,HET,177,22.98,15.09,0,3,1.97,0.0,3.0,1,0
F_HET_3,HET,178,192.92,51.98,7,19,2.143,3.628,2.714,0,3
F_HET_3,HET,179,15.94,12.46,0,2,1.509,0.0,2.0,1,0
F_HET_3,HET,180,14.7,9.08,0,3,1.372,0.0,3.0,1,0
F_HET_3,HET,181,10.76,7.83,1,4,2.25,9.29,4.0,0,1
F_HET_3,HET,182,66.24,29.4,2,13,1.745,3.019,6.5,0,2
F_HET_3,HET,183,8.07,7.23,0,3,2.273,0.0,3.0,1,0
F_HET_3,HET,184,11.38,10.69,0,2,1.621,0.0,2.0,1,0
F_HET_3,HET,185,6.83,6.55,0,2,1.087,0.0,2.0,1,0
F_HET_3,HET,186,21.74,13.81,0,4,1.219,0.0,4.0,1,0
F_HET_3,HET,187,16.15,11.22,2,4,1.612,12.387,2.0,0,1
F_HET_3,HET,188,27.12,19.67,1,4,1.119,3.688,4.0,0,1
F_HET_3,HET,189,22.36,17.59,0,2,1.22,0.0,2.0,1,0
F_HET_3,HET,190,46.99,24.06,4,6,1.557,8.513,1.5,0,3
F_HET_3,HET,191,14.9,10.87,1,4,1.502,6.71,4.0,0,1
F_HET_3,HET,192,19.46,15.83,0,4,1.25,0.0,4.0,1,0
F_HET_3,HET,193,16.97,8.96,2,3,1.393,11.783,1.5,0,1
F_HET_3,HET,194,55.68,29.26,2,9,1.509,3.592,4.5,0,2
F_HET_3,HET,195,106.6,43.46,3,13,2.172,2.814,4.333,0,3
F_HET_3,HET,196,7.24,6.05,0,3,2.126,0.0,3.0,1,0
F_HET_3,HET,197,7.04,5.18,0,3,1.578,0.0,3.0,1,0
F_HET_3,HET,198,13.25,9.08,0,2,1.814,0.0,2.0,1,0
F_HET_3,HET,199,19.25,16.33,0,3,1.276,0.0,3.0,1,0
F_HET_3,HET,200,7.87,6.5,0,3,0.929,0.0,3.0,1,0
F_HET_3,HET,201,24.43,13.84,0,7,1.962,0.0,7.0,1,2
F_HET_3,HET,202,14.28,10.85,0,2,1.756,0.0,2.0,1,0
F_HET_3,HET,203,29.39,16.99,2,6,1.282,6.804,3.0,0,1
F_HET_3,HET,204,35.81,20.67,3,6,1.399,8.377,2.0,0,1
F_HET_3,HET,205,91.49,40.6,5,12,1.524,5.465,2.4,0,3
F_HET_3,HET,206,10.56,10.64,0,2,1.396,0.0,2.0,1,0
F_HET_3,HET,207,9.94,8.28,0,3,1.638,0.0,3.0,1,0
F_HET_3,HET,208,14.49,8.05,0,3,1.497,0.0,3.0,1,0
F_HET_3,HET,209,16.97,11.67,0,3,1.351,0.0,3.0,1,0
F_HET_3,HET,210,8.49,8.05,0,2,1.407,0.0,2.0,1,0
F_HET_3,HET,211,8.49,7.32,0,3,1.936,0.0,3.0,1,0
F_HET_3,HET,212,18.63,16.23,0,2,1.153,0.0,2.0,1,0
F_HET_3,HET,213,20.7,14.16,2,4,1.642,9.662,2.0,0,1
F_HET_3,HET,214,6.42,7.83,0,2,1.615,0.0,2.0,1,0
F_HET_3,HET,215,12.42,10.01,1,4,1.713,8.052,4.0,0,1
F_HET_3,HET,216,15.11,11.04,1,4,1.541,6.618,4.0,0,1
F_HET_3,HET,217,44.92,26.74,0,5,1.16,0.0,5.0,1,2
F_HET_3,HET,218,12.21,8.78,1,4,1.562,8.188,4.0,0,1
F_HET_3,HET,219,30.84,19.95,2,5,1.659,6.484,2.5,0,1
F_HET_3,HET,220,18.01,11.72,2,5,1.205,11.106,2.5,0,1
F_HET_3,HET,221,12.63,12.2,0,2,1.458,0.0,2.0,1,0
F_HET_3,HET,222,16.77,12.84,1,3,1.227,5.964,3.0,0,1
F_HET_3,HET,223,40.16,18.62,3,6,1.338,7.47,2.0,0,1
F_HET_3,HET,224,85.7,35.95,5,13,1.275,5.834,2.6,0,3
F_HET_3,HET,225,72.66,25.05,0,12,1.576,0.0,12.0,1,2
F_HET_3,HET,226,17.18,9.76,0,1,1.158,0.0,1.0,1,0
F_HET_3,HET,227,19.66,15.03,0,3,1.3,0.0,3.0,1,0
F_HET_3,HET,228,16.15,12.24,1,4,1.752,6.193,4.0,0,1
F_HET_3,HET,229,12.83,12.65,0,2,1.235,0.0,2.0,1,0
F_HET_3,HET,230,79.9,35.37,7,11,1.434,8.761,1.571,0,3
F_HET_3,HET,231,55.48,30.3,2,10,1.63,3.605,5.0,0,2
F_HET_3,HET,232,39.54,33.6,1,3,1.538,2.529,3.0,0,3
F_HET_3,HET,233,57.34,31.64,2,8,1.515,3.488,4.0,0,3
F_HET_3,HET,234,7.45,8.78,0,2,1.223,0.0,2.0,1,0
F_HET_3,HET,235,8.69,7.07,1,3,2.081,11.502,3.0,0,1
F_HET_3,HET,236,8.49,7.95,0,2,1.84,0.0,2.0,1,0
F_HET_3,HET,237,11.18,8.2,0,4,1.638,0.0,4.0,1,0
F_HET_3,HET,238,15.73,11.02,0,3,1.255,0.0,3.0,1,0
F_HET_3,HET,239,15.94,13.98,0,3,1.35,0.0,3.0,1,0
F_HET_3,HET,240,14.08,12.78,1,3,2.146,7.104,3.0,0,1
F_HET_3,HET,241,9.32,9.92,0,2,1.674,0.0,2.0,1,0
F_HET_3,HET,242,168.91,48.71,8,21,1.572,4.736,2.625,0,3
F_HET_3,HET,243,36.85,18.24,1,7,1.754,2.714,7.0,0,2
F_HET_3,HET,244,23.39,16.1,1,5,1.386,4.275,5.0,0,2
F_HET_3,HET,245,14.9,14.2,0,3,1.562,0.0,3.0,1,0
F_HET_3,HET,246,17.8,13.33,1,5,1.601,5.617,5.0,0,1
F_HET_3,HET,247,8.69,8.65,0,2,1.754,0.0,2.0,1,0
F_HET_3,HET,248,102.88,41.57,4,16,1.374,3.888,4.0,0,3
F_HET_3,HET,249,56.72,26.66,3,6,2.221,5.289,2.0,0,3
F_HET_3,HET,250,27.12,17.27,1,4,1.49,3.688,4.0,0,1
F_HET_3,HET,251,43.26,18.89,2,7,1.887,4.623,3.5,0,1
F_HET_3,HET,252,8.07,7.32,0,2,1.669,0.0,2.0,1,0
F_HET_3,HET,253,8.69,7.32,0,3,1.63,0.0,3.0,1,0
F_HET_3,HET,254,13.25,9.27,0,2,1.398,0.0,2.0,1,0
F_HET_3,HET,255,6.21,6.55,0,2,2.526,0.0,2.0,1,0
F_HET_3,HET,256,37.88,22.11,2,5,1.397,5.28,2.5,0,1
F_HET_3,HET,257,10.56,10.87,0,2,1.509,0.0,2.0,1,0
F_HET_3,HET,258,13.87,10.85,0,3,1.597,0.0,3.0,1,0
F_HET_3,HET,259,5.8,5.18,0,3,1.654,0.0,3.0,1,0
F_HET_3,HET,260,7.87,7.77,0,3,1.577,0.0,3.0,1,0
F_HET_3,HET,261,12.01,10.4,1,3,1.274,8.329,3.0,0,1
F_HET_3,HET,262,8.07,8.39,0,2,1.685,0.0,2.0,1,0
F_HET_3,HET,263,10.14,9.42,1,3,1.371,9.859,3.0,0,1
F_HET_3,HET,264,32.08,21.31,3,6,1.257,9.35,2.0,0,1
F_HET_3,HET,265,9.52,8.05,0,2,1.475,0.0,2.0,1,0
F_HET_3,HET,266,30.84,18.66,1,5,1.371,3.242,5.0,0,2
F_HET_3,HET,267,14.7,12.79,0,3,1.232,0.0,3.0,1,0
F_HET_3,HET,268,12.63,12.56,0,2,1.498,0.0,2.0,1,0
F_HET_3,HET,269,124.82,55.37,9,22,1.838,7.21,2.444,0,3
F_HET_3,HET,270,8.49,8.44,0,2,1.383,0.0,2.0,1,0
F_HET_3,HET,271,30.43,18.69,1,4,1.31,3.286,4.0,0,2
F_HET_3,HET,272,15.94,10.25,1,5,1.327,6.274,5.0,0,1
F_HET_3,HET,273,14.49,9.94,1,4,1.534,6.901,4.0,0,1
F_HET_3,HET,274,24.84,19.21,0,3,1.163,0.0,3.0,1,0
F_HET_3,HET,275,11.59,9.7,0,3,1.826,0.0,3.0,1,0
F_HET_3,HET,276,10.76,11.13,0,2,1.427,0.0,2.0,1,0
F_HET_3,HET,277,20.49,16.48,0,4,1.214,0.0,4.0,1,0
F_HET_3,HET,278,20.7,17.05,0,3,1.421,0.0,3.0,1,0
F_HET_3,HET,279,16.35,12.84,1,4,1.876,6.115,4.0,0,1
F_HET_3,HET,280,8.69,7.66,0,2,1.582,0.0,2.0,1,0
F_HET_3,HET,281,14.49,11.43,1,4,1.114,6.901,4.0,0,1
F_HET_3,HET,282,18.22,12.38,1,4,1.382,5.49,4.0,0,1
F_HET_3,HET,283,14.49,11.28,0,4,1.873,0.0,4.0,1,0
F_HET_3,HET,284,67.9,26.42,4,8,1.582,5.891,2.0,0,3
F_HET_3,HET,285,19.66,17.04,0,2,1.235,0.0,2.0,1,0
F_HET_3,HET,286,33.74,18.15,0,5,1.667,0.0,5.0,1,2
F_HET_3,HET,287,22.98,19.7,1,2,1.296,4.352,2.0,0,1
F_HET_3,HET,288,10.56,10.76,0,2,1.456,0.0,2.0,1,0
F_HET_3,HET,289,10.35,9.64,0,2,1.505,0.0,2.0,1,0
F_HET_3,HET,290,7.24,6.58,0,2,1.544,0.0,2.0,1,0
F_HET_3,HET,291,59.62,29.01,4,10,1.575,6.71,2.5,0,3
F_HET_3,HET,292,15.32,16.48,0,2,1.262,0.0,2.0,1,0
F_HET_3,HET,293,15.73,11.29,1,5,2.166,6.356,5.0,0,1
F_HET_3,HET,294,8.9,8.91,0,2,1.748,0.0,2.0,1,0
F_HET_3,HET,295,11.59,9.09,1,3,1.45,8.627,3.0,0,1
F_HET_3,HET,296,20.49,14.08,1,5,1.557,4.88,5.0,0,2
F_HET_3,HET,297,25.88,16.6,2,5,1.427,7.729,2.5,0,1
F_HET_3,HET,298,45.54,24.14,1,6,1.157,2.196,6.0,0,2
F_HET_3,HET,299,6.62,5.88,0,3,1.78,0.0,3.0,1,0
F_HET_3,HET,300,10.14,7.63,1,3,1.733,9.859,3.0,0,1
F_HET_3,HET,301,11.38,8.56,0,4,1.557,0.0,4.0,1,0
F_HET_3,HET,302,17.39,16.7,0,2,1.392,0.0,2.0,1,0
F_HET_3,HET,303,22.77,15.74,1,4,1.266,4.392,4.0,0,1
F_HET_3,HET,304,15.94,14.51,1,3,1.394,6.274,3.0,0,1
F_HET_3,HET,305,10.56,7.99,0,3,1.527,0.0,3.0,1,0
F_HET_3,HET,306,28.57,15.38,3,5,1.594,10.502,1.667,0,1
F_HET_3,HET,307,6.62,4.77,0,2,1.197,0.0,2.0,1,0
F_HET_3,HET,308,7.04,5.46,0,3,1.101,0.0,3.0,1,0
F_HET_3,HET,309,117.16,42.67,4,10,1.457,3.414,2.5,0,3
F_HET_3,HET,310,10.76,11.06,0,3,1.228,0.0,3.0,1,0
F_HET_3,HET,311,9.73,11.22,0,2,1.452,0.0,2.0,1,0
F_HET_3,HET,312,19.66,13.58,1,4,1.49,5.085,4.0,0,1
F_HET_3,HET,313,13.46,11.06,0,2,1.779,0.0,2.0,1,0
F_HET_3,HET,314,11.38,9.7,0,2,1.461,0.0,2.0,1,0
F_HET_3,HET,315,17.18,9.08,2,5,1.594,11.641,2.5,0,1
F_HET_3,HET,316,37.88,22.1,0,6,1.287,0.0,6.0,1,2
F_HET_3,HET,317,10.14,8.22,0,4,1.79,0.0,4.0,1,0
F_HET_3,HET,318,24.63,15.66,2,3,1.464,8.119,1.5,0,1
F_HET_3,HET,319,13.66,13.68,0,2,1.202,0.0,2.0,1,0
F_HET_3,HET,320,6.83,5.3,0,2,1.716,0.0,2.0,1,0
F_HET_3,HET,321,16.56,15.25,0,3,1.287,0.0,3.0,1,0
F_HET_3,HET,322,9.73,7.37,1,3,1.845,10.279,3.0,0,1
F_HET_3,HET,323,60.03,25.84,4,8,1.905,6.663,2.0,0,3
F_HET_3,HET,324,37.47,19.2,3,6,1.434,8.007,2.0,0,1
F_HET_3,HET,325,64.38,27.13,3,6,1.541,4.66,2.0,0,3
F_HET_3,HET,326,12.83,11.42,0,3,1.377,0.0,3.0,1,0
F_HET_3,HET,327,23.6,13.91,1,6,1.845,4.238,6.0,0,2
F_HET_3,HET,328,37.26,22.34,1,4,1.338,2.684,4.0,0,2
F_HET_3,HET,329,74.93,35.1,2,11,1.714,2.669,5.5,0,2
F_HET_3,HET,330,15.11,12.75,0,3,1.502,0.0,3.0,1,0
F_HET_3,HET,331,30.43,20.39,1,3,1.56,3.286,3.0,0,1
F_HET_3,HET,332,16.97,12.38,1,4,1.261,5.891,4.0,0,1
F_HET_3,HET,333,6.83,6.02,0,3,0.683,0.0,3.0,1,0
F_HET_3,HET,334,14.49,11.02,1,5,1.704,6.901,5.0,0,1
F_HET_3,HET,335,22.36,17.28,1,4,1.33,4.473,4.0,0,1
F_HET_3,HET,336,6.62,5.13,0,3,2.035,0.0,3.0,1,0
F_HET_3,HET,337,29.39,18.3,1,6,1.71,3.402,6.0,0,2
F_HET_3,HET,338,79.9,25.84,3,14,1.699,3.755,4.667,0,2
F_HET_3,HET,339,50.72,21.89,2,10,1.545,3.944,5.0,0,2
F_HET_3,HET,340,36.02,21.83,0,5,1.388,0.0,5.0,1,2
F_HET_3,HET,341,11.18,8.92,1,2,1.566,8.946,2.0,0,1
F_HET_3,HET,342,28.57,16.26,2,7,1.695,7.001,3.5,0,1
F_HET_3,HET,343,21.53,16.94,1,4,1.677,4.645,4.0,0,1
F_HET_3,HET,344,20.08,14.91,1,3,1.52,4.98,3.0,0,1
F_HET_3,HET,345,10.14,9.37,0,3,1.661,0.0,3.0,1,0
F_HET_3,HET,346,14.9,10.0,0,3,0.994,0.0,3.0,1,0
F_HET_3,HET,347,11.38,10.11,0,3,0.94,0.0,3.0,1,0
F_HET_3,HET,348,14.9,14.73,0,2,1.123,0.0,2.0,1,0
F_HET_3,HET,349,14.08,12.51,0,3,1.829,0.0,3.0,1,0
F_HET_3,HET,350,6.62,6.32,0,2,1.456,0.0,2.0,1,0
F_HET_3,HET,351,26.08,17.74,1,4,1.261,3.834,4.0,0,1
F_HET_3,HET,352,37.26,23.79,1,3,1.047,2.684,3.0,0,1
F_HET_3,HET,353,17.18,11.67,1,3,1.572,5.82,3.0,0,1
F_HET_3,HET,354,18.01,13.54,0,3,1.349,0.0,3.0,1,0
F_HET_3,HET,355,14.08,13.91,0,2,1.372,0.0,2.0,1,0
F_HET_3,HET,356,19.87,14.2,1,4,1.332,5.032,4.0,0,1
F_HET_3,HET,357,96.26,37.96,2,11,1.987,2.078,5.5,0,3
F_HET_3,HET,358,6.62,6.63,0,2,1.785,0.0,2.0,1,0
F_HET_3,HET,359,9.94,9.13,0,2,1.99,0.0,2.0,1,0
F_HET_3,HET,360,67.48,26.95,6,13,1.852,8.891,2.167,0,3
F_HET_3,HET,361,11.8,9.08,0,3,1.284,0.0,3.0,1,0
F_HET_3,HET,362,33.33,25.08,1,3,1.499,3.001,3.0,0,1
F_HET_3,HET,363,14.9,13.34,0,3,1.479,0.0,3.0,1,0
F_HET_3,HET,364,33.74,17.31,2,6,1.888,5.928,3.0,0,1
F_HET_3,HET,365,11.38,8.43,1,4,1.911,8.783,4.0,0,1
F_HET_3,HET,366,5.8,4.99,0,1,0.725,0.0,1.0,1,0
F_HET_3,HET,367,99.77,47.91,4,12,1.362,4.009,3.0,0,3
F_HET_3,HET,368,7.45,6.59,0,2,0.961,0.0,2.0,1,0
F_HET_3,HET,369,53.61,28.37,4,8,1.484,7.461,2.0,0,3
F_HET_3,HET,370,39.33,19.76,1,6,1.621,2.543,6.0,0,2
F_HET_3,HET,371,18.01,16.11,1,3,1.363,5.553,3.0,0,1
F_HET_3,HET,372,74.11,28.04,4,11,1.915,5.398,2.75,0,3
F_HET_3,HET,373,12.01,10.15,0,3,1.56,0.0,3.0,1,0
F_HET_3,HET,374,19.25,16.3,1,3,1.355,5.195,3.0,0,1
F_HET_3,HET,375,12.42,11.65,1,3,1.555,8.052,3.0,0,1
F_HET_3,HET,376,17.8,14.08,1,4,1.023,5.617,4.0,0,1
F_HET_3,HET,377,14.28,11.42,1,3,1.303,7.001,3.0,0,1
F_HET_3,HET,378,14.7,11.39,0,3,1.458,0.0,3.0,1,0
F_HET_3,HET,379,23.39,13.79,1,6,1.527,4.275,6.0,0,2
F_HET_3,HET,380,6.21,4.99,0,2,1.819,0.0,2.0,1,0
F_HET_3,HET,381,45.33,23.45,2,8,1.54,4.412,4.0,0,2
F_HET_3,HET,382,13.87,10.16,0,3,1.673,0.0,3.0,1,0
F_HET_3,HET,383,16.56,16.31,0,3,1.498,0.0,3.0,1,0
F_HET_3,HET,384,71.83,31.19,4,11,1.573,5.569,2.75,0,3
F_HET_3,HET,385,28.36,14.84,2,7,2.041,7.052,3.5,0,1
F_HET_3,HET,386,17.6,13.55,0,4,1.404,0.0,4.0,1,0
F_HET_3,HET,387,16.56,12.29,1,4,1.634,6.039,4.0,0,1
F_HET_3,HET,388,8.69,7.14,0,2,1.063,0.0,2.0,1,0
F_HET_3,HET,389,14.28,11.84,0,3,1.583,0.0,3.0,1,0
F_HET_3,HET,390,11.59,9.53,0,3,1.485,0.0,3.0,1,0
F_HET_3,HET,391,16.97,10.73,1,4,1.449,5.891,4.0,0,1
F_HET_3,HET,392,13.04,10.41,0,3,1.617,0.0,3.0,1,0
F_HET_3,HET,393,40.16,32.31,0,3,1.183,0.0,3.0,1,2
F_HET_3,HET,394,16.35,10.35,0,4,1.553,0.0,4.0,1,0
F_HET_3,HET,395,96.88,39.87,2,14,1.466,2.064,7.0,0,2
F_HET_3,HET,396,26.7,17.63,1,5,1.222,3.745,5.0,0,2
F_HET_3,HET,397,19.25,13.91,0,5,1.346,0.0,5.0,1,2
F_HET_3,HET,398,16.35,13.77,1,4,1.65,6.115,4.0,0,1
F_HET_3,HET,399,17.8,11.8,0,4,1.521,0.0,4.0,1,0
F_HET_3,HET,400,24.84,20.92,1,3,1.534,4.026,3.0,0,1
F_HET_3,HET,401,8.69,8.15,0,3,1.485,0.0,3.0,1,0
F_HET_3,HET,402,9.94,6.74,0,3,1.468,0.0,3.0,1,0
F_HET_3,HET,403,9.52,8.93,0,2,1.661,0.0,2.0,1,0
F_HET_3,HET,404,14.49,11.48,0,1,1.32,0.0,1.0,1,0
F_HET_3,HET,405,20.7,13.84,0,4,1.287,0.0,4.0,1,0
F_HET_3,HET,406,75.76,41.24,3,10,1.387,3.96,3.333,0,3
F_HET_3,HET,407,29.6,16.59,2,6,1.459,6.757,3.0,0,1
F_HET_3,HET,408,25.88,18.5,0,3,1.448,0.0,3.0,1,0
F_HET_3,HET,409,19.66,16.94,0,3,1.393,0.0,3.0,1,0
F_HET_3,HET,410,12.01,11.15,0,3,1.571,0.0,3.0,1,0
F_HET_3,HET,411,10.97,8.05,2,4,1.716,18.23,2.0,0,1
F_HET_3,HET,412,8.69,8.78,0,2,1.65,0.0,2.0,1,0
F_HET_3,HET,413,18.42,12.91,1,6,1.566,5.428,6.0,0,2
F_HET_3,HET,414,8.07,7.07,0,3,1.687,0.0,3.0,1,0
F_HET_3,HET,415,9.73,8.24,0,2,1.561,0.0,2.0,1,0
F_HET_3,HET,416,16.97,14.51,0,3,1.355,0.0,3.0,1,0
F_HET_3,HET,417,62.1,32.93,4,12,1.645,6.441,3.0,0,3
F_HET_3,HET,418,35.81,21.99,0,4,1.191,0.0,4.0,1,2
F_HET_3,HET,419,19.87,10.86,1,4,1.617,5.032,4.0,0,1
F_HET_3,HET,420,35.4,20.0,1,4,1.422,2.825,4.0,0,2
F_HET_3,HET,421,24.01,11.86,2,4,1.788,8.329,2.0,0,1
F_HET_3,HET,422,46.16,24.33,1,8,1.284,2.166,8.0,0,2
F_HET_3,HET,423,38.92,18.43,2,7,1.579,5.139,3.5,0,1
F_HET_3,HET,424,18.63,12.78,0,5,1.559,0.0,5.0,1,2
F_HET_3,HET,425,107.85,36.01,4,15,1.588,3.709,3.75,0,3
F_HET_3,HET,426,43.88,23.7,2,7,1.207,4.557,3.5,0,1
F_HET_3,HET,427,55.27,30.0,3,9,1.364,5.428,3.0,0,3
F_HET_3,HET,428,6.83,7.42,0,2,1.296,0.0,2.0,1,0
F_HET_3,HET,429,14.28,11.14,0,3,1.383,0.0,3.0,1,0
F_HET_3,HET,430,22.15,13.62,0,4,1.284,0.0,4.0,1,0
F_HET_3,HET,431,26.91,19.71,0,6,1.127,0.0,6.0,1,2
F_HET_3,HET,432,48.02,24.15,2,6,1.58,4.165,3.0,0,3
F_HET_3,HET,433,20.29,15.45,1,4,1.324,4.93,4.0,0,1
F_HET_3,HET,434,10.35,9.37,1,3,1.57,9.662,3.0,0,1
F_HET_3,HET,435,39.33,17.61,1,6,1.554,2.543,6.0,0,2
F_HET_3,HET,436,178.85,55.36,4,14,1.634,2.237,3.5,0,3
F_HET_3,HET,437,49.89,31.59,3,6,1.174,6.014,2.0,0,3
F_HET_3,HET,438,7.66,7.88,0,2,1.575,0.0,2.0,1,0
F_HET_3,HET,439,9.32,7.21,0,3,1.822,0.0,3.0,1,0
F_HET_3,HET,440,15.52,10.68,1,4,1.571,6.441,4.0,0,1
F_HET_3,HET,441,17.39,14.73,1,4,0.91,5.751,4.0,0,1
F_HET_3,HET,442,15.11,10.74,0,4,1.384,0.0,4.0,1,0
F_HET_3,HET,443,10.76,7.76,1,4,2.168,9.29,4.0,0,1
F_HET_3,HET,444,12.01,11.2,0,3,1.602,0.0,3.0,1,0
F_HET_3,HET,445,29.6,24.47,0,3,1.184,0.0,3.0,1,0
F_HET_3,HET,446,23.39,17.32,1,4,1.565,4.275,4.0,0,1
F_HET_3,HET,447,20.08,12.44,1,4,1.4,4.98,4.0,0,1
F_HET_3,HET,448,19.66,13.46,1,4,1.378,5.085,4.0,0,1
F_HET_3,HET,449,106.19,49.25,5,11,1.264,4.708,2.2,0,3
F_HET_3,HET,450,7.45,5.97,1,3,1.709,13.419,3.0,0,1
F_HET_3,HET,451,17.39,11.14,2,5,1.861,11.502,2.5,0,1
F_HET_3,HET,452,13.04,8.49,1,4,1.323,7.668,4.0,0,1
F_HET_3,HET,453,29.81,20.49,1,5,1.409,3.355,5.0,0,2
F_HET_3,HET,454,20.49,12.18,1,4,1.303,4.88,4.0,0,1
F_HET_3,HET,455,28.36,17.68,1,5,1.597,3.526,5.0,0,2
F_HET_3,HET,456,71.41,40.26,5,10,1.489,7.001,2.0,0,3
F_HET_3,HET,457,26.7,22.85,1,4,1.401,3.745,4.0,0,2
F_HET_3,HET,458,17.18,14.16,0,4,1.387,0.0,4.0,1,0
F_HET_3,HET,459,23.39,18.72,2,4,1.307,8.55,2.0,0,1
F_HET_3,HET,460,23.39,14.35,0,5,1.999,0.0,5.0,1,2
F_HET_3,HET,461,52.99,24.52,2,8,2.061,3.774,4.0,0,3
F_HET_3,HET,462,31.67,14.93,2,6,1.469,6.315,3.0,0,1
F_HET_3,HET,463,10.76,5.3,1,1,1.439,9.29,1.0,0,1
F_HET_3,HET,464,29.6,22.01,0,5,1.585,0.0,5.0,1,2
F_HET_3,HET,465,8.07,8.15,0,2,1.741,0.0,2.0,1,0
F_HET_3,HET,466,12.01,10.18,0,2,2.032,0.0,2.0,1,0
F_HET_3,HET,467,6.83,6.61,0,2,1.676,0.0,2.0,1,0
F_HET_3,HET,468,36.64,21.6,0,6,1.543,0.0,6.0,1,2
F_HET_3,HET,469,17.6,14.73,1,3,1.558,5.683,3.0,0,1
F_HET_3,HET,470,17.8,13.84,1,4,1.376,5.617,4.0,0,1
F_HET_3,HET,471,13.46,12.32,0,3,1.384,0.0,3.0,1,0
F_HET_3,HET,472,16.77,11.71,1,3,1.557,5.964,3.0,0,1
F_HET_3,HET,473,48.85,26.09,1,6,1.671,2.047,6.0,0,2
F_HET_3,HET,474,36.64,21.99,3,6,1.228,8.188,2.0,0,1
F_HET_3,HET,475,12.83,10.81,0,3,1.551,0.0,3.0,1,0
F_HET_3,HET,476,13.46,11.3,2,4,1.291,14.864,2.0,0,1
F_HET_3,HET,477,26.29,16.31,2,4,1.478,7.608,2.0,0,1
F_HET_3,HET,478,63.34,28.26,3,10,1.475,4.736,3.333,0,3
F_HET_3,HET,479,33.95,17.71,1,7,1.818,2.946,7.0,0,2
F_HET_3,HET,480,23.39,16.31,1,3,1.294,4.275,3.0,0,1
F_HET_3,HET,481,25.67,13.84,1,5,1.277,3.896,5.0,0,2
F_HET_3,HET,482,14.7,12.0,0,3,1.206,0.0,3.0,1,0
F_HET_3,HET,483,20.91,16.49,1,3,1.407,4.783,3.0,0,1
F_HET_3,HET,484,34.36,22.07,1,5,1.633,2.91,5.0,0,2
F_HET_3,HET,485,68.52,32.64,0,10,1.338,0.0,10.0,1,2
F_HET_3,HET,486,11.59,11.61,0,2,1.596,0.0,2.0,1,0
F_HET_3,HET,487,16.15,11.76,0,3,1.424,0.0,3.0,1,0
F_HET_3,HET,488,63.96,37.21,3,6,1.093,4.69,2.0,0,3
F_HET_3,HET,489,12.83,13.32,0,3,1.497,0.0,3.0,1,0
F_HET_3,HET,490,13.87,10.16,0,3,1.514,0.0,3.0,1,0
F_HET_3,HET,491,25.88,17.11,1,6,1.528,3.865,6.0,0,2
F_HET_3,HET,492,16.97,8.94,1,4,1.769,5.891,4.0,0,1
F_HET_3,HET,493,24.43,12.6,1,4,1.482,4.094,4.0,0,1
F_HET_3,HET,494,16.77,11.45,1,3,1.426,5.964,3.0,0,1
F_HET_3,HET,495,15.11,10.15,0,3,1.496,0.0,3.0,1,0
F_HET_3,HET,496,17.18,13.13,1,4,1.405,5.82,4.0,0,1
F_HET_3,HET,497,49.27,24.72,1,9,1.427,2.03,9.0,0,2
F_HET_3,HET,498,12.63,9.83,0,4,1.661,0.0,4.0,1,0
F_HET_3,HET,499,38.71,27.61,3,7,1.777,7.75,2.333,0,3
F_HET_3,HET,500,75.97,34.69,3,9,1.219,3.949,3.0,0,3
F_HET_3,HET,501,14.28,10.57,1,3,1.371,7.001,3.0,0,1
F_HET_3,HET,502,11.59,11.34,0,3,1.421,0.0,3.0,1,0
F_HET_3,HET,503,17.8,10.98,1,5,1.301,5.617,5.0,0,1
F_HET_3,HET,504,8.28,7.93,0,2,1.659,0.0,2.0,1,0
F_HET_3,HET,505,18.22,13.84,0,4,1.564,0.0,4.0,1,0
F_HET_3,HET,506,21.11,14.7,1,5,1.444,4.736,5.0,0,2
F_HET_3,HET,507,14.9,11.86,0,4,1.587,0.0,4.0,1,0
F_HET_3,HET,508,7.87,5.92,1,4,1.529,12.713,4.0,0,1
F_HET_3,HET,509,37.05,22.13,2,7,1.776,5.398,3.5,0,1
F_HET_3,HET,510,14.28,12.86,0,3,1.408,0.0,3.0,1,0
F_HET_3,HET,511,30.84,27.52,0,3,1.031,0.0,3.0,1,0
F_HET_3,HET,512,98.95,40.05,4,17,1.736,4.043,4.25,0,3
F_HET_3,HET,513,18.01,12.67,1,4,1.471,5.553,4.0,0,1
F_HET_3,HET,514,21.11,15.8,2,4,1.703,9.472,2.0,0,1
F_HET_3,HET,515,45.33,20.5,1,6,1.32,2.206,6.0,0,2
F_HET_3,HET,516,50.92,27.96,2,10,1.159,3.928,5.0,0,2
F_HET_3,HET,517,14.49,12.52,0,3,1.464,0.0,3.0,1,0
F_HET_3,HET,518,12.21,14.32,0,2,1.249,0.0,2.0,1,0
F_HET_3,HET,519,24.43,14.38,1,3,1.523,4.094,3.0,0,1
F_HET_3,HET,520,10.76,9.62,1,3,1.405,9.29,3.0,0,1
F_HET_3,HET,521,7.66,7.07,0,2,1.615,0.0,2.0,1,0
F_HET_3,HET,522,23.18,12.88,1,4,2.01,4.313,4.0,0,1
F_HET_3,HET,523,23.18,14.0,2,6,1.521,8.627,3.0,0,1
F_HET_3,HET,524,12.63,10.56,0,3,1.4,0.0,3.0,1,0
F_HET_3,HET,525,60.44,25.18,5,8,1.418,8.272,1.6,0,3
F_HET_3,HET,526,41.61,24.93,4,8,1.473,9.614,2.0,0,3
F_HET_3,HET,527,61.27,30.55,2,11,1.398,3.264,5.5,0,2
F_HET_3,HET,528,5.59,5.19,0,2,1.344,0.0,2.0,1,0
F_HET_3,HET,529,20.49,13.03,2,5,1.386,9.759,2.5,0,1
F_HET_3,HET,530,13.46,11.45,1,3,1.924,7.432,3.0,0,1
F_HET_3,HET,531,103.91,41.76,7,11,1.447,6.736,1.571,0,3
F_HET_3,HET,532,13.04,9.08,0,4,1.346,0.0,4.0,1,0
F_HET_3,HET,533,23.18,15.45,1,4,1.778,4.313,4.0,0,1
F_HET_3,HET,534,32.29,16.51,0,4,1.531,0.0,4.0,1,2
F_HET_3,HET,535,87.15,37.82,5,14,1.494,5.737,2.8,0,3
F_HET_3,HET,536,22.56,13.89,1,6,1.608,4.432,6.0,0,2
F_HET_3,HET,537,27.32,18.84,1,6,1.917,3.66,6.0,0,2
F_HET_3,HET,538,23.8,18.92,0,3,1.276,0.0,3.0,1,0
F_HET_3,HET,539,6.21,5.76,0,3,1.426,0.0,3.0,1,0
F_HET_3,HET,540,32.91,18.43,3,7,1.308,9.115,2.333,0,1
F_HET_3,HET,541,27.32,19.07,0,3,1.1,0.0,3.0,1,0
F_HET_3,HET,542,21.74,16.69,0,4,1.358,0.0,4.0,1,0
F_HET_3,HET,543,19.87,16.38,1,3,1.362,5.032,3.0,0,1
F_HET_3,HET,544,38.92,27.5,0,4,1.266,0.0,4.0,1,2
F_HET_3,HET,545,37.05,20.93,1,7,1.528,2.699,7.0,0,2
F_HET_3,HET,546,7.66,6.38,0,3,1.481,0.0,3.0,1,0
F_HET_3,HET,547,8.49,6.6,0,3,1.545,0.0,3.0,1,0
F_HET_3,HET,548,9.11,6.89,0,3,1.988,0.0,3.0,1,0
F_HET_3,HET,549,140.35,45.48,8,21,1.54,5.7,2.625,0,3
F_HET_3,HET,550,16.77,11.64,0,4,1.446,0.0,4.0,1,0
F_HET_3,HET,551,5.59,5.57,0,2,1.824,0.0,2.0,1,0
F_HET_3,HET,552,13.46,11.43,0,3,1.215,0.0,3.0,1,0
F_HET_3,HET,553,12.63,9.82,1,4,1.423,7.92,4.0,0,1
F_HET_3,HET,554,6.42,6.3,0,2,1.784,0.0,2.0,1,0
F_HET_3,HET,555,19.04,14.91,0,4,1.132,0.0,4.0,1,0
F_HET_3,HET,556,19.25,15.51,1,4,2.309,5.195,4.0,0,1
F_HET_3,HET,557,10.14,9.22,0,3,1.564,0.0,3.0,1,0
F_HET_3,HET,558,15.11,11.76,1,3,1.478,6.618,3.0,0,1
F_HET_3,HET,559,11.59,7.63,0,4,1.52,0.0,4.0,1,0
F_HET_3,HET,560,16.15,14.03,1,3,1.586,6.193,3.0,0,1
F_HET_3,HET,561,7.24,7.46,0,2,0.795,0.0,2.0,1,0
F_HET_3,HET,562,15.32,12.75,1,4,1.597,6.528,4.0,0,1
F_HET_3,HET,563,8.07,7.08,0,3,1.741,0.0,3.0,1,0
F_HET_3,HET,564,79.9,35.01,3,11,1.999,3.755,3.667,0,3
F_HET_3,HET,565,8.28,7.32,0,4,1.671,0.0,4.0,1,0
F_HET_3,HET,566,9.32,7.17,0,3,1.658,0.0,3.0,1,0
F_HET_3,HET,567,18.42,16.39,1,3,1.362,5.428,3.0,0,1
F_HET_3,HET,568,14.9,10.47,0,3,1.515,0.0,3.0,1,0
F_HET_3,HET,569,21.74,17.6,1,3,1.518,4.601,3.0,0,1
F_HET_3,HET,570,18.42,10.12,0,4,1.747,0.0,4.0,1,0
F_HET_3,HET,571,16.77,11.59,2,5,1.692,11.928,2.5,0,1
F_HET_3,HET,572,61.27,27.87,5,10,1.397,8.16,2.0,0,3
F_HET_3,HET,573,52.99,22.37,4,8,1.392,7.548,2.0,0,3
F_HET_3,HET,574,108.88,44.88,6,11,1.443,5.511,1.833,0,3
F_HET_3,HET,575,21.53,17.22,1,4,1.386,4.645,4.0,0,1
F_HET_3,HET,576,46.37,28.42,0,5,1.323,0.0,5.0,1,2
F_HET_3,HET,577,14.28,10.69,1,4,1.57,7.001,4.0,0,1
F_HET_3,HET,578,10.56,10.69,0,2,1.457,0.0,2.0,1,0
F_HET_3,HET,579,14.7,11.93,0,2,1.123,0.0,2.0,1,0
F_HET_3,HET,580,19.87,16.99,0,2,1.262,0.0,2.0,1,0
F_HET_3,HET,581,73.69,26.67,8,13,1.425,10.856,1.625,0,3
F_HET_3,HET,582,11.8,11.25,0,2,1.609,0.0,2.0,1,0
F_HET_3,HET,583,28.15,16.73,0,5,1.558,0.0,5.0,1,2
F_HET_3,HET,584,12.21,10.31,0,3,1.612,0.0,3.0,1,0
F_HET_3,HET,585,21.94,15.1,1,4,1.554,4.557,4.0,0,1
F_HET_3,HET,586,16.15,10.97,1,5,1.425,6.193,5.0,0,1
F_HET_3,HET,587,11.18,9.39,0,3,1.605,0.0,3.0,1,0
F_HET_3,HET,588,28.36,18.76,2,4,1.297,7.052,2.0,0,1
F_HET_3,HET,589,7.66,6.02,0,2,1.705,0.0,2.0,1,0
F_HET_3,HET,590,18.01,17.51,0,3,1.348,0.0,3.0,1,0
F_HET_3,HET,591,20.49,13.49,2,4,1.844,9.759,2.0,0,1
F_HET_3,HET,592,19.04,14.28,1,4,1.422,5.251,4.0,0,1
F_HET_3,HET,593,9.94,11.1,0,2,1.303,0.0,2.0,1,0
F_HET_3,HET,594,25.88,20.1,0,3,1.245,0.0,3.0,1,0
F_HET_3,HET,595,35.19,19.53,1,4,1.446,2.842,4.0,0,2
F_HET_3,HET,596,39.33,22.62,3,6,0.902,7.628,2.0,0,1
F_HET_3,HET,597,11.59,10.21,0,3,1.63,0.0,3.0,1,0
F_HET_3,HET,598,49.89,34.06,2,9,1.269,4.009,4.5,0,2
F_HET_3,HET,599,26.7,19.36,2,5,1.243,7.49,2.5,0,1
F_HET_3,HET,600,19.25,12.74,1,5,1.502,5.195,5.0,0,1
F_HET_3,HET,601,16.15,12.78,1,3,1.22,6.193,3.0,0,1
F_HET_3,HET,602,26.29,16.58,0,4,1.481,0.0,4.0,1,2
F_HET_3,HET,603,14.9,12.64,0,3,1.289,0.0,3.0,1,0
F_HET_3,HET,604,114.88,48.11,3,17,1.476,2.611,5.667,0,3
F_HET_3,HET,605,17.6,11.2,1,3,1.617,5.683,3.0,0,1
F_HET_3,HET,606,123.99,52.54,9,17,1.461,7.258,1.889,0,3
F_HET_3,HET,607,15.73,10.01,1,3,1.744,6.356,3.0,0,1
F_HET_3,HET,608,22.98,15.74,0,4,1.249,0.0,4.0,1,0
F_HET_3,HET,609,8.69,7.53,0,2,1.652,0.0,2.0,1,0
F_HET_3,HET,610,16.97,11.59,1,4,1.67,5.891,4.0,0,1
F_HET_3,HET,611,21.11,15.52,1,4,1.222,4.736,4.0,0,1
F_HET_3,HET,612,20.29,11.64,1,5,1.456,4.93,5.0,0,1
F_HET_3,HET,613,29.6,20.35,3,7,1.614,10.135,2.333,0,1
F_HET_3,HET,614,15.11,12.59,0,3,1.408,0.0,3.0,1,0
F_HET_3,HET,615,17.8,10.52,1,6,2.027,5.617,6.0,0,2
F_HET_3,HET,616,64.17,29.28,2,8,1.676,3.117,4.0,0,3
F_HET_3,HET,617,8.49,8.74,0,2,0.865,0.0,2.0,1,0
F_HET_3,HET,618,17.39,10.84,1,6,1.475,5.751,6.0,0,2
F_HET_3,HET,619,12.21,12.32,0,2,1.517,0.0,2.0,1,0
F_HET_3,HET,620,16.56,14.05,0,4,1.487,0.0,4.0,1,0
F_HET_3,HET,621,18.01,11.15,1,6,2.413,5.553,6.0,0,2
F_HET_3,HET,622,24.84,13.09,1,7,1.447,4.026,7.0,0,2
F_HET_3,HET,623,23.39,17.01,2,5,1.866,8.55,2.5,0,1
F_HET_3,HET,624,33.53,20.04,1,7,1.634,2.982,7.0,0,2
F_HET_3,HET,625,12.01,10.02,1,3,1.125,8.329,3.0,0,1
F_HET_3,HET,626,72.45,33.26,1,11,1.522,1.38,11.0,0,2
F_HET_3,HET,627,19.87,16.39,0,3,1.236,0.0,3.0,1,0
F_HET_3,HET,628,27.32,23.51,0,4,2.071,0.0,4.0,1,2
F_HET_3,HET,629,63.55,35.15,2,7,1.451,3.147,3.5,0,3
F_HET_3,HET,630,11.18,9.44,1,3,1.527,8.946,3.0,0,1
F_HET_3,HET,631,8.49,7.59,0,3,1.123,0.0,3.0,1,0
F_HET_3,HET,632,33.74,18.98,2,7,1.711,5.928,3.5,0,1
F_HET_3,HET,633,10.97,9.54,0,3,1.536,0.0,3.0,1,0
F_HET_3,HET,634,10.35,7.63,0,2,0.969,0.0,2.0,1,0
F_HET_3,HET,635,91.49,37.17,3,15,1.619,3.279,5.0,0,3
F_HET_3,HET,636,17.6,10.84,1,4,1.829,5.683,4.0,0,1
F_HET_3,HET,637,41.19,21.76,2,7,1.369,4.855,3.5,0,1
F_HET_3,HET,638,68.1,27.13,2,15,1.939,2.937,7.5,0,2
F_HET_3,HET,639,18.42,10.55,2,5,1.553,10.856,2.5,0,1
F_HET_3,HET,640,15.94,9.37,0,4,1.811,0.0,4.0,1,0
F_HET_3,HET,641,17.8,13.91,0,4,1.449,0.0,4.0,1,0
F_HET_3,HET,642,15.94,11.86,1,4,1.381,6.274,4.0,0,1
F_HET_3,HET,643,10.56,9.48,1,3,1.633,9.472,3.0,0,1
F_HET_3,HET,644,19.04,13.35,0,4,1.578,0.0,4.0,1,0
F_HET_3,HET,645,13.46,10.98,0,4,1.503,0.0,4.0,1,0
F_HET_3,HET,646,117.16,45.99,6,20,1.556,5.121,3.333,0,3
F_HET_3,HET,647,25.25,14.99,1,5,1.524,3.96,5.0,0,2
F_HET_3,HET,648,25.25,14.41,0,6,2.138,0.0,6.0,1,2
F_HET_3,HET,649,12.83,11.0,1,4,1.661,7.792,4.0,0,1
F_HET_3,HET,650,12.01,9.37,0,3,1.483,0.0,3.0,1,0
F_HET_3,HET,651,18.42,13.84,2,4,1.382,10.856,2.0,0,1
F_HET_3,HET,652,6.83,6.14,1,3,1.64,14.639,3.0,0,1
F_HET_3,HET,653,15.32,12.97,2,4,1.383,13.057,2.0,0,1
F_HET_3,HET,654,36.22,28.95,1,5,1.302,2.761,5.0,0,2
F_HET_3,HET,655,15.32,11.22,1,4,1.5,6.528,4.0,0,1
F_HET_3,HET,656,6.62,7.21,0,2,1.916,0.0,2.0,1,0
F_HET_3,HET,657,31.26,15.32,4,6,1.537,12.797,1.5,0,1
F_HET_3,HET,658,26.5,14.99,0,5,1.569,0.0,5.0,1,2
F_HET_3,HET,659,16.97,11.72,1,3,1.613,5.891,3.0,0,1
F_HET_3,HET,660,8.69,8.81,0,2,1.515,0.0,2.0,1,0
F_HET_3,HET,661,21.74,15.4,2,4,1.441,9.202,2.0,0,1
F_HET_3,HET,662,10.97,8.45,0,3,1.65,0.0,3.0,1,0
F_HET_3,HET,663,20.7,13.61,2,5,1.464,9.662,2.5,0,1
F_HET_3,HET,664,13.66,11.1,0,3,1.568,0.0,3.0,1,0
F_HET_3,HET,665,15.11,10.11,0,4,1.72,0.0,4.0,1,0
F_HET_3,HET,666,14.7,11.45,1,5,1.582,6.804,5.0,0,1
F_HET_3,HET,667,29.6,15.56,2,6,1.749,6.757,3.0,0,1
F_HET_3,HET,668,18.63,18.06,0,3,1.281,0.0,3.0,1,0
F_HET_3,HET,669,44.3,27.87,4,6,1.599,9.03,1.5,0,3
F_HET_3,HET,670,37.67,20.38,1,4,1.326,2.654,4.0,0,2
F_HET_3,HET,671,15.32,15.05,0,3,1.409,0.0,3.0,1,0
F_HET_3,HET,672,69.55,33.85,3,15,1.723,4.313,5.0,0,3
F_HET_3,HET,673,51.96,30.35,2,7,1.34,3.849,3.5,0,3
F_HET_3,HET,674,15.73,11.57,1,3,1.361,6.356,3.0,0,1
F_HET_3,HET,675,13.04,9.94,0,3,1.749,0.0,3.0,1,0
F_HET_3,HET,676,10.56,11.22,0,2,1.728,0.0,2.0,1,0
F_HET_3,HET,677,11.59,12.16,0,2,1.516,0.0,2.0,1,0
F_HET_3,HET,678,39.74,22.59,1,7,1.403,2.516,7.0,0,2
F_HET_3,HET,679,21.53,16.08,1,4,1.254,4.645,4.0,0,1
F_HET_3,HET,680,18.63,9.44,1,3,1.306,5.368,3.0,0,1
F_HET_3,HET,681,22.77,13.81,1,4,1.314,4.392,4.0,0,1
F_HET_3,HET,682,14.28,12.57,0,3,1.442,0.0,3.0,1,0
F_HET_3,HET,683,24.84,17.36,1,3,1.261,4.026,3.0,0,1
F_HET_3,HET,684,6.62,6.5,0,2,1.638,0.0,2.0,1,0
F_HET_3,HET,685,155.46,51.95,8,19,2.126,5.146,2.375,0,3
F_HET_3,HET,686,23.18,14.53,0,5,1.372,0.0,5.0,1,2
F_HET_3,HET,687,17.39,12.64,1,4,1.691,5.751,4.0,0,1
F_HET_3,HET,688,41.19,20.92,3,5,1.748,7.283,1.667,0,3
F_HET_3,HET,689,21.53,15.68,0,4,1.304,0.0,4.0,1,0
F_HET_3,HET,690,18.63,15.58,0,3,1.293,0.0,3.0,1,0
F_HET_3,HET,691,16.97,12.92,1,3,1.195,5.891,3.0,0,1
F_HET_3,HET,692,190.44,65.16,6,26,1.644,3.151,4.333,0,3
F_HET_3,HET,693,10.14,8.81,0,2,1.818,0.0,2.0,1,0
F_HET_3,HET,694,24.63,17.56,1,6,1.197,4.06,6.0,0,2
F_HET_3,HET,695,20.91,13.74,0,6,1.59,0.0,6.0,1,2
F_HET_3,HET,696,38.5,24.01,3,7,1.63,7.792,2.333,0,1
F_HET_3,HET,697,24.22,12.91,1,7,1.876,4.129,7.0,0,2
F_HET_3,HET,698,16.35,11.13,1,4,1.629,6.115,4.0,0,1
F_HET_3,HET,699,16.15,12.42,1,3,1.393,6.193,3.0,0,1
F_HET_3,HET,700,20.29,13.19,1,5,1.383,4.93,5.0,0,1
F_HET_3,HET,701,15.11,10.85,0,2,1.601,0.0,2.0,1,0
F_HET_3,HET,702,18.84,12.69,1,4,1.704,5.309,4.0,0,1
F_HET_3,HET,703,10.35,10.23,0,2,1.311,0.0,2.0,1,0
F_HET_3,HET,704,57.55,29.25,0,9,1.372,0.0,9.0,1,2
F_HET_3,HET,705,36.22,19.51,2,6,1.461,5.521,3.0,0,1
F_HET_3,HET,706,23.18,16.25,1,4,1.224,4.313,4.0,0,1
F_HET_3,HET,707,8.49,8.58,0,2,1.325,0.0,2.0,1,0
F_HET_3,HET,708,12.42,8.83,1,4,1.609,8.052,4.0,0,1
F_HET_3,HET,709,13.25,10.26,0,3,1.321,0.0,3.0,1,0
F_HET_3,HET,710,8.9,7.12,0,3,1.444,0.0,3.0,1,0
F_HET_3,HET,711,19.04,13.92,1,4,1.752,5.251,4.0,0,1
F_HET_3,HET,712,15.11,11.88,1,4,1.499,6.618,4.0,0,1
F_HET_3,HET,713,36.85,22.77,1,7,1.367,2.714,7.0,0,2
F_HET_3,HET,714,9.73,7.93,0,3,1.594,0.0,3.0,1,0
F_HET_3,HET,715,18.42,9.96,2,2,1.59,10.856,1.0,0,1
F_HET_3,HET,716,28.98,16.4,1,5,1.848,3.451,5.0,0,2
F_HET_3,HET,717,31.05,21.39,0,3,1.281,0.0,3.0,1,0
F_HET_3,HET,718,17.6,11.61,1,4,1.205,5.683,4.0,0,1
F_HET_3,HET,719,20.49,12.63,1,6,1.435,4.88,6.0,0,2
F_HET_3,HET,720,13.46,11.32,0,2,1.12,0.0,2.0,1,0
F_HET_3,HET,721,25.25,16.25,1,6,1.042,3.96,6.0,0,2
F_HET_3,HET,722,26.91,16.07,0,5,1.796,0.0,5.0,1,2
F_HET_3,HET,723,23.8,15.0,1,6,1.496,4.201,6.0,0,2
F_HET_3,HET,724,18.42,14.67,1,3,1.202,5.428,3.0,0,1
F_HET_3,HET,725,13.46,11.08,1,3,1.536,7.432,3.0,0,1
F_HET_3,HET,726,53.41,23.6,2,7,1.94,3.745,3.5,0,3
F_HET_3,HET,727,8.9,6.67,1,3,1.546,11.235,3.0,0,1
F_HET_3,HET,728,7.24,7.73,0,2,1.573,0.0,2.0,1,0
F_HET_3,HET,729,16.97,11.65,0,4,1.385,0.0,4.0,1,0
F_HET_3,HET,730,7.45,7.0,0,3,1.063,0.0,3.0,1,0
F_HET_3,HET,731,12.01,8.92,1,4,1.641,8.329,4.0,0,1
F_HET_3,HET,732,43.88,21.26,4,8,1.776,9.115,2.0,0,3
F_HET_3,HET,733,27.32,11.93,2,6,1.353,7.32,3.0,0,1
F_HET_3,HET,734,13.87,10.52,1,3,1.44,7.21,3.0,0,1
F_HET_3,HET,735,10.97,11.35,0,2,1.245,0.0,2.0,1,0
F_HET_3,HET,736,11.59,10.55,1,3,1.667,8.627,3.0,0,1
F_HET_3,HET,737,9.11,9.72,0,2,1.421,0.0,2.0,1,0
F_HET_3,HET,738,25.46,14.42,2,4,1.384,7.855,2.0,0,1
F_HET_3,HET,739,18.42,15.61,0,3,1.313,0.0,3.0,1,0
F_HET_3,HET,740,13.46,13.68,0,2,1.389,0.0,2.0,1,0
F_HET_3,HET,741,10.97,8.84,0,4,1.385,0.0,4.0,1,0
F_HET_3,HET,742,13.87,9.76,0,4,1.568,0.0,4.0,1,0
F_HET_3,HET,743,12.21,12.55,0,2,1.6,0.0,2.0,1,0
F_HET_3,HET,744,14.28,12.02,2,4,1.431,14.003,2.0,0,1
F_HET_3,HET,745,8.69,9.77,0,2,1.376,0.0,2.0,1,0
F_HET_3,HET,746,20.29,11.12,2,3,1.297,9.859,1.5,0,1
F_HET_3,HET,747,20.91,14.19,1,6,1.259,4.783,6.0,0,2
F_HET_3,HET,748,96.05,38.61,5,11,1.759,5.206,2.2,0,3
F_HET_3,HET,749,14.49,12.69,1,4,1.391,6.901,4.0,0,1
F_HET_3,HET,750,17.6,12.23,1,3,1.179,5.683,3.0,0,1
F_HET_3,HET,751,9.11,7.99,0,3,1.356,0.0,3.0,1,0
F_HET_3,HET,752,15.52,13.62,1,2,1.573,6.441,2.0,0,1
F_HET_3,HET,753,12.01,10.37,1,3,1.224,8.329,3.0,0,1
F_HET_3,HET,754,10.97,8.73,0,2,1.414,0.0,2.0,1,0
F_HET_3,HET,755,24.01,18.3,1,4,1.059,4.165,4.0,0,1
F_HET_3,HET,756,20.29,14.95,1,3,1.501,4.93,3.0,0,1
F_HET_3,HET,757,8.28,5.28,0,4,1.803,0.0,4.0,1,0
F_HET_3,HET,758,6.21,4.68,1,3,1.196,16.103,3.0,0,1
F_HET_3,HET,759,16.15,12.75,1,3,1.37,6.193,3.0,0,1
F_HET_3,HET,760,10.35,8.99,1,2,1.342,9.662,2.0,0,1
F_HET_3,HET,761,12.42,7.93,1,5,1.679,8.052,5.0,0,1
F_HET_3,HET,762,74.93,36.02,2,10,1.321,2.669,5.0,0,2
F_HET_3,HET,763,11.8,8.99,0,3,1.56,0.0,3.0,1,0
F_HET_3,HET,764,14.49,12.15,0,3,1.586,0.0,3.0,1,0
F_HET_3,HET,765,11.8,8.67,0,3,1.545,0.0,3.0,1,0
F_HET_3,HET,766,24.22,16.83,0,3,1.284,0.0,3.0,1,0
F_HET_3,HET,767,16.15,12.98,1,4,1.322,6.193,4.0,0,1
F_HET_3,HET,768,17.18,11.1,0,3,1.264,0.0,3.0,1,0
F_HET_3,HET,769,1305.96,161.72,48,130,3.377,3.675,2.708,0,3
F_HET_3,HET,770,8.69,7.34,1,3,2.111,11.502,3.0,0,1
F_HET_3,HET,771,29.6,19.36,2,6,1.911,6.757,3.0,0,1
F_HET_3,HET,772,13.66,12.23,0,2,1.302,0.0,2.0,1,0
F_HET_3,HET,773,21.53,16.56,0,4,2.031,0.0,4.0,1,2
F_HET_3,HET,774,16.35,12.67,0,3,1.644,0.0,3.0,1,0
F_HET_3,HET,775,6.83,5.73,0,3,2.036,0.0,3.0,1,0
F_HET_3,HET,776,13.04,10.56,0,3,1.249,0.0,3.0,1,0
F_HET_3,HET,777,16.35,11.1,1,4,1.454,6.115,4.0,0,1
F_HET_3,HET,778,12.01,9.96,0,3,1.787,0.0,3.0,1,0
F_HET_3,HET,779,18.22,11.27,1,4,1.262,5.49,4.0,0,1
F_HET_3,HET,780,17.8,14.2,0,3,1.434,0.0,3.0,1,0
F_HET_3,HET,781,15.11,12.11,1,3,1.699,6.618,3.0,0,1
F_HET_3,HET,782,8.9,9.73,0,2,1.677,0.0,2.0,1,0
F_HET_3,HET,783,38.92,24.11,0,5,1.505,0.0,5.0,1,2
F_HET_3,HET,784,21.11,14.39,1,5,1.4,4.736,5.0,0,2
F_HET_3,HET,785,29.39,16.59,2,4,1.341,6.804,2.0,0,1
F_HET_3,HET,786,73.69,50.01,4,10,1.881,5.428,2.5,0,3
F_HET_3,HET,787,9.73,7.95,1,3,1.43,10.279,3.0,0,1
F_HET_3,HET,788,30.84,19.12,2,5,1.63,6.484,2.5,0,1
F_HET_3,HET,789,14.28,12.22,1,3,1.522,7.001,3.0,0,1
F_HET_3,HET,790,47.61,17.6,3,6,1.204,6.301,2.0,0,1
F_HET_3,HET,791,15.11,10.69,1,3,1.72,6.618,3.0,0,1
F_HET_3,HET,792,14.28,11.31,0,3,1.573,0.0,3.0,1,0
F_HET_3,HET,793,9.52,7.61,1,3,1.572,10.502,3.0,0,1
F_HET_3,HET,794,67.9,29.34,2,8,1.462,2.946,4.0,0,3
F_HET_3,HET,795,11.8,12.72,0,2,1.395,0.0,2.0,1,0
F_HET_3,HET,796,24.01,15.28,1,6,1.143,4.165,6.0,0,2
F_HET_3,HET,797,10.76,8.53,0,4,1.907,0.0,4.0,1,0
F_HET_3,HET,798,18.22,18.33,0,2,1.417,0.0,2.0,1,0
F_HET_3,HET,799,21.32,13.63,0,4,1.269,0.0,4.0,1,0
F_HET_3,HET,800,30.64,14.94,2,4,1.49,6.528,2.0,0,1
F_HET_3,HET,801,8.07,8.19,0,2,1.686,0.0,2.0,1,0
F_HET_3,HET,802,46.99,21.8,2,7,1.686,4.256,3.5,0,2
F_HET_3,HET,803,36.64,19.67,2,6,1.484,5.459,3.0,0,1
F_HET_3,HET,804,12.83,13.07,0,3,1.299,0.0,3.0,1,0
F_HET_3,HET,805,20.7,15.16,1,5,1.282,4.831,5.0,0,2
F_HET_3,HET,806,12.83,9.39,0,3,1.425,0.0,3.0,1,0
F_HET_3,HET,807,10.97,10.06,0,2,1.43,0.0,2.0,1,0
F_HET_3,HET,808,9.73,7.53,0,2,1.577,0.0,2.0,1,0
F_HET_3,HET,809,7.45,6.45,0,3,1.688,0.0,3.0,1,0
F_HET_3,HET,810,26.5,16.85,3,5,1.527,11.322,1.667,0,1
F_HET_3,HET,811,22.56,19.69,0,3,1.133,0.0,3.0,1,0
F_HET_3,HET,812,41.4,26.11,2,6,1.758,4.831,3.0,0,3
F_HET_3,HET,813,10.56,10.19,0,2,1.673,0.0,2.0,1,0
F_HET_3,HET,814,654.12,90.77,37,82,2.164,5.656,2.216,0,3
F_HET_3,HET,815,18.63,12.74,0,2,1.057,0.0,2.0,1,0
F_HET_3,HET,816,11.59,9.08,1,4,1.362,8.627,4.0,0,1
F_HET_3,HET,817,9.32,6.02,0,5,1.779,0.0,5.0,1,0
F_HET_3,HET,818,9.11,5.8,0,3,1.05,0.0,3.0,1,0
F_HET_3,HET,819,33.95,19.13,0,9,1.935,0.0,9.0,1,2
F_HET_3,HET,820,12.42,9.57,1,3,1.536,8.052,3.0,0,1
F_HET_3,HET,821,15.32,10.91,1,4,1.983,6.528,4.0,0,1
F_HET_3,HET,822,15.11,14.3,1,3,1.241,6.618,3.0,0,1
F_HET_3,HET,823,57.96,26.7,3,10,2.067,5.176,3.333,0,3
F_HET_3,HET,824,16.15,14.64,1,4,1.365,6.193,4.0,0,1
F_HET_3,HET,825,65.2,23.86,3,12,1.933,4.601,4.0,0,3
F_HET_3,HET,826,53.82,26.51,3,9,1.382,5.574,3.0,0,3
F_HET_3,HET,827,16.35,11.43,1,4,1.559,6.115,4.0,0,1
F_HET_3,HET,828,9.94,10.28,0,2,1.875,0.0,2.0,1,0
F_HET_3,HET,829,15.32,10.52,2,4,1.531,13.057,2.0,0,1
F_HET_3,HET,830,25.46,14.41,2,7,1.371,7.855,3.5,0,1
F_HET_3,HET,831,13.87,13.29,0,2,1.429,0.0,2.0,1,0
F_HET_3,HET,832,922.39,151.16,54,114,2.241,5.854,2.111,0,3
F_HET_3,HET,833,19.87,16.28,1,3,1.242,5.032,3.0,0,1
F_HET_3,HET,834,16.77,14.05,0,2,1.314,0.0,2.0,1,0
F_HET_3,HET,835,80.94,27.28,2,15,1.996,2.471,7.5,0,2
F_HET_3,HET,836,22.77,16.98,1,3,1.3,4.392,3.0,0,1
F_HET_3,HET,837,46.37,24.59,2,9,1.396,4.313,4.5,0,2
F_HET_3,HET,838,84.46,34.44,3,14,1.528,3.552,4.667,0,3
F_HET_3,HET,839,30.01,16.37,1,4,1.651,3.332,4.0,0,2
F_HET_3,HET,840,11.38,8.35,0,4,1.915,0.0,4.0,1,0
F_HET_3,HET,841,15.11,11.12,0,4,1.602,0.0,4.0,1,0
F_HET_3,HET,842,42.23,23.11,3,10,1.543,7.104,3.333,0,1
F_HET_3,HET,843,10.14,6.88,1,4,1.548,9.859,4.0,0,1
F_HET_3,HET,844,11.8,9.82,0,3,1.522,0.0,3.0,1,0
F_HET_3,HET,845,18.84,13.09,2,5,1.455,10.617,2.5,0,1
F_HET_3,HET,846,21.74,16.57,0,5,1.795,0.0,5.0,1,2
F_HET_3,HET,847,15.11,11.88,0,4,1.425,0.0,4.0,1,0
F_HET_3,HET,848,20.7,18.43,1,3,1.303,4.831,3.0,0,1
F_HET_3,HET,849,132.69,59.1,7,18,1.6,5.276,2.571,0,3
F_HET_3,HET,850,13.87,12.78,0,3,1.52,0.0,3.0,1,0
F_HET_3,HET,851,28.77,16.07,1,6,1.496,3.475,6.0,0,2
F_HET_3,HET,852,20.49,11.35,0,6,2.223,0.0,6.0,1,2
F_HET_3,HET,853,16.77,11.61,1,4,1.673,5.964,4.0,0,1
F_HET_3,HET,854,808.54,119.04,42,102,2.601,5.195,2.429,0,3
F_HET_3,HET,855,10.35,8.57,0,3,1.996,0.0,3.0,1,0
F_HET_3,HET,856,15.11,10.91,0,4,1.652,0.0,4.0,1,0
F_HET_3,HET,857,20.29,11.71,1,6,1.516,4.93,6.0,0,2
F_HET_3,HET,858,44.3,23.27,2,9,1.61,4.515,4.5,0,2
F_HET_3,HET,859,14.9,14.22,0,3,1.674,0.0,3.0,1,0
F_HET_3,HET,860,12.63,12.5,0,1,1.572,0.0,1.0,1,0
F_HET_3,HET,861,15.73,13.09,1,3,1.339,6.356,3.0,0,1
F_HET_3,HET,862,27.53,16.65,2,7,1.72,7.265,3.5,0,1
F_HET_3,HET,863,12.42,9.82,0,3,1.6,0.0,3.0,1,0
F_HET_3,HET,864,16.15,12.25,1,4,1.573,6.193,4.0,0,1
F_HET_3,HET,865,15.52,8.79,1,5,2.7,6.441,5.0,0,1
F_HET_3,HET,866,16.56,10.48,1,4,1.289,6.039,4.0,0,1
F_HET_3,HET,867,7.04,6.05,0,3,1.922,0.0,3.0,1,0
F_HET_3,HET,868,52.99,22.43,1,10,2.059,1.887,10.0,0,2
F_HET_3,HET,869,15.73,10.4,0,4,1.441,0.0,4.0,1,0
F_HET_3,HET,870,13.87,10.19,1,3,1.491,7.21,3.0,0,1
F_HET_3,HET,871,16.97,14.1,0,3,1.57,0.0,3.0,1,0
F_HET_3,HET,872,17.8,11.72,0,4,1.492,0.0,4.0,1,0
F_HET_3,HET,873,6.83,6.59,0,3,1.56,0.0,3.0,1,0
F_HET_3,HET,874,21.53,15.56,1,2,1.119,4.645,2.0,0,1
F_HET_3,HET,875,17.8,15.2,1,3,1.504,5.617,3.0,0,1
F_HET_3,HET,876,23.18,14.18,0,4,1.564,0.0,4.0,1,0
F_HET_3,HET,877,6.62,6.67,0,2,1.822,0.0,2.0,1,0
F_HET_3,HET,878,20.29,16.59,1,3,1.311,4.93,3.0,0,1
F_HET_3,HET,879,19.66,16.42,0,5,1.364,0.0,5.0,1,2
F_HET_3,HET,880,7.66,7.78,0,2,1.625,0.0,2.0,1,0
F_HET_3,HET,881,126.89,42.28,5,20,1.825,3.94,4.0,0,3
F_HET_3,HET,882,8.49,8.43,0,2,1.88,0.0,2.0,1,0
F_HET_3,HET,883,6.62,6.63,0,2,0.897,0.0,2.0,1,0
F_HET_3,HET,884,11.8,8.34,1,4,1.617,8.475,4.0,0,1
F_HET_3,HET,885,33.95,18.15,3,4,1.982,8.837,1.333,0,1
F_HET_3,HET,886,20.08,12.74,1,3,1.433,4.98,3.0,0,1
F_HET_3,HET,887,51.96,29.79,3,10,2.096,5.774,3.333,0,3
F_HET_3,HET,888,18.22,14.39,0,5,1.339,0.0,5.0,1,2
F_HET_3,HET,889,25.46,17.68,1,5,1.281,3.928,5.0,0,2
F_HET_3,HET,890,9.52,8.45,0,3,1.398,0.0,3.0,1,0
F_HET_3,HET,891,102.05,33.82,5,12,1.637,4.9,2.4,0,3
F_HET_3,HET,892,17.6,14.95,1,4,1.474,5.683,4.0,0,1
F_HET_3,HET,893,14.7,11.48,1,4,1.483,6.804,4.0,0,1
F_HET_3,HET,894,27.53,21.8,0,6,1.375,0.0,6.0,1,2
F_HET_3,HET,895,21.94,13.32,1,3,1.416,4.557,3.0,0,1
F_HET_3,HET,896,20.29,12.86,0,5,1.328,0.0,5.0,1,2
F_HET_3,HET,897,21.11,13.33,1,5,1.458,4.736,5.0,0,2
F_HET_3,HET,898,10.76,7.7,0,3,1.827,0.0,3.0,1,0
F_HET_3,HET,899,71.21,29.48,3,10,2.189,4.213,3.333,0,3
F_HET_3,HET,900,76.18,27.48,4,11,1.579,5.251,2.75,0,3
F_HET_3,HET,901,10.14,11.15,0,2,1.543,0.0,2.0,1,0
F_HET_3,HET,902,12.42,10.25,0,2,1.477,0.0,2.0,1,0
F_HET_3,HET,903,13.87,11.46,1,4,1.367,7.21,4.0,0,1
F_HET_3,HET,904,15.32,9.57,1,3,1.516,6.528,3.0,0,1
F_HET_3,HET,905,15.11,10.92,0,3,1.784,0.0,3.0,1,0
F_HET_3,HET,906,16.35,12.29,0,3,1.317,0.0,3.0,1,0
F_HET_3,HET,907,11.18,10.3,0,3,1.371,0.0,3.0,1,0
F_HET_3,HET,908,15.11,9.6,0,3,1.42,0.0,3.0,1,0
F_HET_3,HET,909,20.29,14.08,1,4,1.535,4.93,4.0,0,1
F_HET_3,HET,910,19.66,10.1,1,5,1.592,5.085,5.0,0,1
F_HET_3,HET,911,5.8,6.68,0,2,1.247,0.0,2.0,1,0
F_HET_3,HET,912,10.97,7.96,1,3,1.624,9.115,3.0,0,1
F_HET_3,HET,913,9.32,6.18,0,3,0.701,0.0,3.0,1,0
F_HET_3,HET,914,17.39,10.81,1,5,1.821,5.751,5.0,0,1
F_HET_3,HET,915,24.01,15.13,3,7,1.238,12.494,2.333,0,1
F_HET_3,HET,916,27.94,12.48,1,6,1.959,3.578,6.0,0,2
F_HET_3,HET,917,12.63,9.96,0,3,1.706,0.0,3.0,1,0
F_HET_3,HET,918,9.52,7.7,0,3,1.587,0.0,3.0,1,0
F_HET_3,HET,919,8.07,7.14,0,3,1.717,0.0,3.0,1,0
F_HET_3,HET,920,14.7,9.77,1,5,1.815,6.804,5.0,0,1
F_HET_3,HET,921,24.43,13.49,2,1,1.609,8.188,0.5,0,1
F_HET_3,HET,922,49.27,21.08,4,9,1.873,8.119,2.25,0,3
F_HET_3,HET,923,11.18,7.62,1,5,1.54,8.946,5.0,0,1
F_HET_3,HET,924,16.77,11.48,0,3,1.674,0.0,3.0,1,0
F_HET_3,HET,925,29.39,19.49,1,5,1.692,3.402,5.0,0,2
F_HET_3,HET,926,14.9,11.29,1,4,1.444,6.71,4.0,0,1
F_HET_3,HET,927,20.49,14.95,1,4,1.848,4.88,4.0,0,1
F_HET_3,HET,928,14.7,11.72,0,3,1.553,0.0,3.0,1,0
F_HET_3,HET,929,16.15,15.32,0,2,1.263,0.0,2.0,1,0
F_HET_3,HET,930,26.91,17.49,1,5,1.607,3.716,5.0,0,2
F_HET_3,HET,931,1056.11,94.56,51,118,2.623,4.829,2.314,0,3
F_HET_3,HET,932,19.46,15.24,0,4,1.441,0.0,4.0,1,0
F_HET_3,HET,933,19.46,14.35,1,3,1.573,5.139,3.0,0,1
F_HET_3,HET,934,53.41,20.85,3,8,2.065,5.617,2.667,0,3
F_HET_3,HET,935,6.62,6.31,0,2,2.071,0.0,2.0,1,0
F_HET_3,HET,936,27.94,18.17,1,4,1.704,3.578,4.0,0,2
F_HET_3,HET,937,10.35,8.05,0,5,1.895,0.0,5.0,1,0
F_HET_3,HET,938,44.3,23.48,1,6,1.354,2.257,6.0,0,2
F_HET_3,HET,939,21.32,16.55,1,6,1.332,4.69,6.0,0,2
F_HET_3,HET,940,17.8,11.12,1,4,1.505,5.617,4.0,0,1
F_HET_3,HET,941,39.95,28.35,0,7,2.548,0.0,7.0,1,2
F_HET_3,HET,942,27.12,18.2,1,5,1.826,3.688,5.0,0,2
F_HET_3,HET,943,43.68,26.22,2,10,1.663,4.579,5.0,0,2
F_HET_3,HET,944,14.7,12.34,0,4,1.924,0.0,4.0,1,0
F_HET_3,HET,945,12.63,10.16,1,3,1.666,7.92,3.0,0,1
F_HET_3,HET,946,26.08,14.64,1,6,1.848,3.834,6.0,0,2
F_HET_3,HET,947,11.38,7.32,0,4,1.892,0.0,4.0,1,0
F_HET_3,HET,948,28.15,13.62,0,4,1.809,0.0,4.0,1,2
F_HET_3,HET,949,19.25,14.08,1,4,1.637,5.195,4.0,0,1
F_HET_3,HET,950,12.63,8.84,0,2,2.103,0.0,2.0,1,0
F_HET_3,HET,951,20.29,12.4,0,6,2.273,0.0,6.0,1,2
F_HET_3,HET,952,12.21,10.94,0,3,1.745,0.0,3.0,1,0
F_HET_3,HET,953,13.66,10.09,0,3,1.576,0.0,3.0,1,0
F_HET_3,HET,954,7.24,7.12,0,2,2.056,0.0,2.0,1,0
